0.680827 0.129788 0.00990802 0.0460787 0.0686439 0.00843462 0.0044442 0.00225459 0.0100121 0.0059395 0.014895 0.00529555 0.00531774 0.00107811 0.000674674 0.00110825 0.00183744 0.00167387 3.69351e-06 6.56852e-06 0.000785899 7.18549e-07 0.000446173 5.31208e-05 5.93507e-05
0.733178 0.100289 0.0341898 0.0731717 0.00372039 0.00800271 0.00385448 0.0089273 0.00648361 0.0110029 0.00341969 0.00144005 0.00422037 0.00379041 0.00305156 1.51617e-05 0.000329419 2.3244e-06 6.89e-05 5.86604e-05 0.000446141 9.05296e-05 0.000131528 4.21231e-06 1.86702e-05
0.721343 0.105219 0.0457245 0.00972384 0.00662883 0.00442426 0.00801064 0.0142866 0.019033 0.0183668 0.00653247 0.0222204 0.00731531 0.003003 0.000535499 0.000588301 0.000118555 0.00193193 0.00029 0.000975192 0.00170314 0.000406021 0.000545171 0.000344084 0.000109967 5.47777e-05 7.87731e-05 0.000132192 4.6974e-05 5.09143e-05 4.23347e-05 1.84517e-05
0.69346 0.00629146 0.132994 0.0573209 0.0226793 0.0105752 0.00871285 0.0116991 0.00214864 0.0006037 0.0190386 0.00272566 0.0064945 0.0054434 0.00144193 0.00535923 0.00220707 1.65847e-06 0.000264367 0.00112967 0.000700665 0.00143347 0.000263837 0.000382272 0.00266905 0.00110346 0.000115757 7.37733e-05 0.00102489 3.4736e-05 0.000137845 0.000286311 7.16897e-05 7.2528e-05 0.000203675 0.000268091 7.0565e-05 0.000182062 0.000127725
0.136566 0.760449 0.0149156 0.00235955 0.0226716 0.0115081 0.00397751 0.00611749 0.00463985 0.00893212 0.012287 0.0076637 0.000483346 0.00429524 0.00183979 0.000418938 0.000436026 0.000101827 5.76087e-05 2.68579e-05 0.000117451 3.22327e-05 3.21571e-06 3.5926e-05 1.46472e-05 1.08285e-05 1.02968e-05 6.18185e-06 4.6234e-07 6.0268e-06
0.730229 0.143574 0.0233855 0.0471145 0.00303763 0.0058875 0.0130173 0.00914273 0.0101222 0.00169286 0.00483196 0.00240489 0.00235351 0.00043566 0.000776006 0.000391861 0.000531683 0.000114682 0.000133002 1.91998e-05 5.69798e-07 4.78613e-05 0.000163054 0.000107657 9.41684e-06 0.000103937 3.40199e-05 7.21975e-05 7.44541e-05 7.19961e-05 5.5903e-06 5.76376e-07 4.61477e-05 5.03937e-06 1.24918e-05 6.38985e-09 1.92692e-07 9.00344e-06 1.40478e-05 1.32654e-05 2.25104e-06 1.58251e-06 1.24518e-06 1.56895e-06 1.00177e-06 1.15093e-06 2.08524e-06 2.78302e-07 9.06084e-07
0.741294 0.0112144 0.114617 0.0279639 0.00568752 0.0233101 0.0125468 0.00335841 0.0170349 0.00575119 0.0134264 0.00196129 0.0110071 0.00255551 0.00176975 0.00149892 0.000229554 0.0016311 0.000639086 0.000381153 0.00110499 4.50951e-05 4.64103e-05 0.000663917 2.6232e-05
0.741346 0.123044 0.0233854 0.0504147 0.00855913 0.0130875 0.00332272 0.0028041 0.0113291 0.00181454 0.00683112 0.00219783 0.00607102 0.000711867 0.000378776 0.000211342 0.00107448 0.000452006 0.00121243 9.93921e-05 0.000224199 0.000182629 0.000161206 0.000403482 0.000225038 2.36548e-05 0.000194949 2.13502e-06 3.14029e-06 1.24433e-07 6.43447e-05 3.75338e-05 2.64021e-06 6.77897e-06 2.26851e-05
0.723139 0.118771 0.0437457 0.0122707 0.00311131 0.0396356 0.00741147 0.00830512 0.00676917 0.0102979 0.00630724 0.008535 0.00334185 0.00273233 1.17549e-05 0.00222957 0.000304937 0.0001044 0.000541279 0.00148702 0.000140171 0.000104701 0.000159528 3.80373e-05 8.61587e-05 5.12336e-05 0.000110881
0.735115 0.109763 0.0317225 0.0198397 0.0100244 0.00569127 0.0101998 0.00643754 0.0177915 0.0295708 0.00418521 0.00223297 0.00379251 0.00658083 0.00529212 0.000275518 0.000196625 0.000494099 0.000190517 0.000321038 0.000159743 1.78758e-05
0.78784 0.0612107 0.0442629 0.000724329 0.0040332 0.01952 0.00207262 0.00564846 0.0107392 0.0280802 0.00216858 0.00558704 0.00656148 0.00811952 0.00282582 0.000508545 0.000722208 0.00648614 0.000563889 0.000451058 0.000774317 0.000523366 7.96817e-06 3.06092e-05 9.78375e-05 0.000150649 0.000243529
0.655673 0.199672 0.00747696 0.0108868 0.0165673 0.0136657 0.0340269 0.011713 0.00389541 0.0116531 0.00598977 0.00570339 0.0076282 0.00191963 0.00532334 0.000134765 0.0023928 0.00109843 0.000110895 0.000347616 0.00134136 0.000445249 0.00029673 0.000404454 0.000374793 0.000146066 0.000173005 9.64095e-05 2.95065e-05 8.20718e-05 0.000227966 9.09595e-05
0.73907 0.103005 0.0396086 0.0415872 0.0072005 0.0187806 0.00382856 0.00858608 0.00261438 0.013251 0.0135778 0.00187082 0.00217119 0.000684053 0.000487893 0.000564778 0.00190113 0.000387784 0.000303842 0.000147842 7.8603e-05 3.82164e-05 1.8007e-05 3.8908e-05 8.74209e-05 1.9546e-05 4.02172e-05 7.11997e-06 9.51966e-06 1.74417e-06
0.737182 0.0130599 0.115938 0.00774504 0.0316655 0.0106463 0.0147661 0.00980324 0.0182075 0.009627 0.0121756 0.00769126 0.000822883 0.00409335 0.000139481 0.000114561 0.00190542 0.00134567 0.000616443 0.000791591 0.00036989 0.000115959 0.000194526 8.72901e-05 0.000134794 0.000111933 4.56355e-05 2.69977e-05 0.000270657
0.663555 0.152733 0.0568576 0.0235879 0.0218069 0.00434931 0.0142614 0.0146521 0.0117614 0.00796628 0.00264309 0.00887932 0.00333435 0.0097952 0.000119288 0.000509822 1.0193e-05 0.00127185 0.000555845 7.30449e-05 0.000760271
0.718439 0.130499 0.0384624 0.0150265 0.00191679 0.0116346 0.0295338 0.00676617 0.0128801 0.0156807 0.00559722 0.00293491 0.00620298 0.00102525 0.000690423 0.0012652 0.000707935 0.000505197
0.707795 0.0903513 0.015178 0.05762 0.00448087 0.0143274 0.00443531 0.0310994 0.00386243 0.0153098 0.00957209 0.024809 0.00627262 0.00373955 0.00613565 0.000781051 0.000379114 0.000411999 0.00032429 0.000558639 0.000238908 0.000317416 0.000663018 0.000147834 0.000218841 0.00013291 0.00015131 0.000308285 1.9431e-05 2.28479e-05 7.32404e-05 2.91032e-05
0.743091 0.0738602 0.0272602 0.0511432 0.00476072 0.0347334 0.00311861 0.0142407 0.0125891 0.0126811 0.00941496 0.00351331 0.00272454 0.00356848 0.000302235 0.00121599 3.79944e-05 0.00130937 0.000132367 0.000147696
0.692608 0.126619 0.0447757 0.0473169 0.0390193 0.00354237 0.00905026 0.00398016 0.00201355 0.00393954 0.0115338 0.00385191 0.00385557 0.00340292 0.00018406 0.00108022 0.000764425 3.33741e-05 7.69625e-05 0.00019058 0.000135304 0.000719759 2.10134e-05 2.8056e-06 1.14312e-06 2.58857e-05 1.27167e-05 0.000668811 0.000385475 9.64543e-06 1.21046e-05 2.88952e-05 5.43318e-05 1.8384e-05 2.64804e-05
0.685555 0.00660282 0.00406405 0.0402122 0.140777 0.0102911 0.0271796 0.0191344 0.0200107 0.0168494 0.00274738 0.00658456 0.0074707 0.00150418 0.000842076 0.00225687 0.00129429 0.00288757 0.000963556 0.000207279 0.000539922 0.00142332 3.09594e-05 1.13064e-05 0.000209119 2.57049e-05 2.28461e-05 3.68998e-06 9.8855e-05 7.99246e-06 2.86307e-05 4.88774e-05
0.757748 0.0519816 0.0929573 0.0141126 0.0321154 0.00844292 0.0027644 0.00428398 0.000215529 0.0018865 0.00509237 0.00864886 0.00404905 0.00474474 0.00185074 0.00214089 0.00202528 0.00132918 0.000370503 0.000394212 0.000986536 0.000877139 0.000216975 3.79688e-05 7.52452e-06 7.01181e-05 6.35795e-05 0.000152997 3.22556e-05 5.2266e-05 8.41679e-05 9.01949e-05 3.3015e-05 2.45707e-05 3.89154e-05 7.49525e-06
0.699066 0.117219 0.0207563 0.00745081 0.0398671 0.0435448 0.0153128 0.015408 0.000916617 0.0066962 0.00778582 0.00209884 0.00514809 0.00700504 0.0025967 0.00146811 0.0011094 0.00174442 0.000638114 0.000200213 0.00184792 0.000736176 0.000266879 9.94371e-05 0.000343674 0.000209622 3.73813e-05 1.83564e-05 1.4382e-05 0.000144252
0.680681 0.174614 0.00529765 0.0316947 0.0290931 0.0292115 0.00507326 0.0143555 0.00428003 0.00159752 0.00340076 0.00817598 0.00224206 0.00482959 0.00153652 0.000189275 0.000537584 0.000267847 0.000608086 0.000166812 0.000128986 0.000790524 0.000304693 0.000218616 0.000165423
0.714025 0.047096 0.120031 0.00894334 0.0152421 0.0214564 0.019083 0.0142547 0.00563309 0.0101532 0.00149339 0.00927829 0.00321004 0.00104558 0.00562976 0.00153172 0.000274746 0.000348064 6.9564e-05 3.73829e-05 0.000130764 5.9585e-05 4.43312e-05 0.000205591 0.000385437 0.000103126 9.3725e-05
0.71936 0.118524 0.0504416 0.00543868 0.00574292 0.0111895 0.0127211 0.0121996 0.0304019 0.00920215 0.00345724 0.00802686 0.0027049 0.00230466 0.00511997 0.000820867 0.000471468 0.000159334 0.000257075 0.00049625 0.000464032 6.48466e-05 0.000125699 1.56258e-05 3.08782e-05 2.17337e-05 1.54763e-06 5.40286e-05 6.83412e-05 1.61268e-05 3.10187e-06 2.25701e-05 6.39185e-06 1.35994e-05 8.65139e-06 4.52958e-06 2.69601e-06 1.78923e-05 3.66497e-07 5.17124e-07 1.42869e-06
0.699859 0.0215348 0.010322 0.0348137 0.00905691 0.131311 0.0144826 0.0388853 0.00422601 0.00188547 0.0139272 0.0114141 0.00423903 0.000925356 0.000920194 0.000128635 0.00122749 1.92783e-05 0.000327342 2.44652e-05 4.3239e-05 9.49389e-05 6.84758e-05 2.26655e-05 2.19093e-05 1.15338e-05 6.09233e-05 1.41827e-05 1.46307e-05 8.02394e-05
0.703828 0.0962681 0.0440116 0.0317965 0.0371639 0.00555652 0.0287754 0.00552061 0.00645778 0.00873044 0.00460385 0.00308908 0.0115689 0.00247467 0.00324588 0.000998514 0.00144801 0.00011666 0.00206079 0.000504633 0.000507864 0.000302521 4.73389e-05 0.000161139 0.000150841 5.83504e-05 3.46329e-06 0.000107077 3.84093e-05 0.00032559 1.38009e-05 5.14471e-07 1.47907e-05 4.07948e-06 6.01081e-06 1.2956e-05 3.51854e-06 7.97287e-06
0.753089 0.1268 0.028634 0.00664106 0.017198 0.0121093 0.00356079 0.0101321 0.00161357 0.00497523 0.00528188 0.0107243 0.00985696 0.00142602 0.000433672 0.0033841 0.00028036 0.000937233 0.000325335 0.00127625 4.53651e-05 0.000159115 9.18955e-05 0.000297248 2.34217e-05 0.000391234 4.78725e-05 0.000107115
0.71177 0.0115041 0.142405 0.0483272 0.0114174 0.0100132 0.0127191 0.00599016 0.00364318 0.00963834 0.00254253 0.0120866 0.00280276 0.00242664 0.000364862 0.000963531 0.00048189 0.00236148 0.00460794 0.00149157 4.40691e-05 8.10484e-05 0.000472604 0.000408447 0.000256522 0.000495757 0.000353
0.689138 0.00662653 0.0147726 0.00540205 0.108776 0.036902 0.0399219 0.012269 0.0353389 0.00425193 0.0308755 0.00282127 0.00395434 0.00283515 0.00186163 0.00186803 0.000254946 0.000266883 0.00079859 0.000534254
0.720856 0.113803 0.00658643 0.0443066 0.0648492 0.00596609 0.0043796 0.00470721 0.00626205 0.0176781 0.00198572 0.0018597 0.000838071 0.00084189 0.00200741 0.000407248 0.000314737 0.00123522 0.000180953 0.000340588 5.411e-06 9.13433e-06 5.2099e-05 9.98439e-06 0.000290857 3.71433e-05 9.05238e-05 2.47713e-05 3.52468e-05
0.707545 0.150807 0.0328663 0.052405 0.00550721 0.00560876 0.00928168 0.00860868 0.000546682 0.00501636 0.0051385 0.0021678 0.00166153 0.00356834 0.00292082 0.00301342 0.00068165 0.000854616 9.58615e-05 0.000656258 7.00714e-06 0.000202867 2.82939e-06 1.51108e-05 0.00016396 2.5608e-06 2.1528e-05 0.000105376 2.07926e-05 6.96122e-05 5.59181e-05 5.67184e-05 1.61938e-05 0.000104756 7.62264e-05 4.66366e-05 4.83743e-05
0.0729418 0.733816 0.0255772 0.0187238 0.0599115 0.01864 0.0138384 0.00510577 0.0100822 0.0138206 0.0104896 0.00178839 0.0063714 0.00300463 0.000553193 5.81494e-05 0.000915071 0.00145278 0.000261162 0.000796448 5.8163e-05 0.000316762 0.000129376 0.000157314 0.000419128 0.000204913 0.000164815 0.000262503 6.12512e-05
0.726805 0.149429 0.0186712 0.0240801 0.00221399 0.0349631 0.00149686 0.00658704 0.00806153 0.00298798 0.00340647 0.0050278 0.00522363 0.00665867 0.00196562 0.000163376 0.000264895 0.000437735 1.04482e-05 0.000359288 0.000137653 0.0002363 0.000344082 5.55106e-05 6.77406e-05 2.81998e-05 5.07446e-05 1.13631e-05 2.96204e-05 4.54091e-05 2.4472e-05 4.73872e-07 4.9794e-05
0.69525 0.0933202 0.00807277 0.0217675 0.0306571 0.049069 0.0144814 0.0139201 0.0132365 0.0038663 0.0242772 0.00538008 0.00480984 0.0149649 0.000115218 0.000114722 9.91713e-05 0.00225529 0.00177444 7.05433e-05 0.000319182 9.41036e-05 0.00040891 0.000695693 5.9487e-05 6.7275e-05 0.000361496 0.000184155 6.83464e-05 0.000116742 4.0524e-05 6.38844e-06 8.83582e-07 3.71956e-05 9.17655e-06
0.71225 0.118668 0.00872399 0.00550963 0.0840511 0.0120314 0.0228794 0.00203034 0.00291949 0.0204001 0.000998182 0.00163278 0.00361175 0.00236483 0.000673551 0.000212972 0.000564882 0.000102842 2.44141e-05 4.40385e-05 2.64774e-05 8.89029e-07 4.86732e-05 0.000102007 7.34231e-06 6.51745e-05 6.35276e-06
0.719447 0.139898 0.0386411 0.0240899 0.000908082 0.00307556 0.0140187 0.00435072 0.0271269 0.0103821 0.00833852 0.00350278 0.00168281 0.000732763 0.000487525 6.09502e-05 0.000528863 0.000895284 0.000362487 9.18532e-06 0.000254641 6.33951e-05 0.000297312 0.00010521 0.000365743
0.768771 0.119942 0.0134974 0.00750548 0.00379026 0.027119 0.00302026 0.0266444 0.00622435 0.00428607 0.00390204 0.00349579 0.0031415 0.00282703 0.00242728 0.00012587 0.00100775 0.000104075 0.000908887 4.56925e-05 0.000214645 0.000305911 0.000108354 8.62589e-05 0.000278487
0.738635 0.147494 0.0267502 0.00639865 0.0212808 0.00175936 0.00732617 0.00523958 0.00295026 0.0129938 0.0183833 0.00227385 0.00434417 0.00257179 3.6736e-05 0.000200943 4.28877e-06 0.000233697 0.000267338 0.000229295 0.00011083 0.000101025 5.33185e-05 0.000148542 2.50093e-05 3.20217e-06 7.70907e-06 7.19005e-05 3.02663e-05 9.19502e-06 1.88491e-06 4.23406e-06 1.90286e-06 3.57985e-06 5.71966e-06 1.31415e-05
0.75841 0.0187717 0.0738459 0.0138851 0.0415733 0.00719736 0.0430054 0.00575333 0.00610145 0.00796768 0.00659353 0.00732565 0.00166264 0.00314806 0.000546606 0.000478366 0.000345098 0.000489441 7.10935e-05 7.62384e-05 0.000377174 0.00100594 6.38979e-05 0.000314213 4.98857e-05 5.49438e-05 0.000315693 2.96536e-05 1.19881e-05 5.95377e-05 0.000120851 4.62565e-05 7.77645e-05 3.55608e-05 7.04256e-05 1.22251e-05 1.10818e-05 2.94504e-05 5.30837e-06 2.65898e-05
0.712449 0.136263 0.0207496 0.0145365 0.011621 0.00803895 0.0370089 0.0271173 0.0127887 0.00964009 0.000661081 0.00435618 0.000940828 0.000216743 7.19883e-05 0.00107 0.000903619 7.31345e-05 0.00079821 0.000253062 0.000147257 0.000143305 0.000118238
0.730232 0.028671 0.0112655 0.0193228 0.116506 0.0232707 0.0158513 0.00941417 0.00701436 0.00401916 0.0118882 0.00223546 0.00620634 0.00248092 0.00545402 0.000762314 0.00197982 0.0016143 0.000285621 0.000533635 0.000289458 0.000148786 0.000307496
0.702102 0.158325 0.0387584 0.00659741 0.00207008 0.0381269 0.0131967 0.0107885 0.00214054 0.00361389 0.00446823 0.00425629 0.00378245 0.00397249 0.00042463 0.001253 0.00159618 0.000559849 0.000829361 0.00032279 0.000938615 0.0012673 0.000189159 3.2616e-05 0.000225326
0.745791 0.122295 0.0460962 0.0146984 0.00680942 0.00845807 0.00173859 0.00440356 0.0142476 0.0106463 0.00938276 0.00269063 0.00333462 0.00133846 0.00353066 0.00163773 0.000256209 0.00019124 0.000161943 0.000298277 0.00016801 5.06549e-05 0.000211539 0.000587936 0.000174952 0.000171819 0.000321991 3.25988e-05 4.87955e-05
0.730783 0.1108 0.0423131 0.0141773 0.0231866 0.0162398 0.0107439 0.00353091 0.0297129 0.00450282 0.0012918 0.00443305 0.00149388 0.00309964 0.000212095 0.000222748 0.000980513 9.61405e-05 0.000525893 0.000634801 0.000167384 4.03583e-05 0.000534969 0.000146327
0.0191641 0.739981 0.107639 0.011006 0.0507047 0.00115828 0.00489688 0.0107625 0.00242586 0.0126673 0.00368727 0.0114853 0.00708705 0.0102791 0.00124681 0.00168548 0.000872117 0.000601083 0.000321192 0.00175787 8.72996e-05 4.21881e-05 0.000153983 4.80975e-05 2.85426e-05 6.27966e-05 0.000111135
0.719191 0.0603806 0.115983 0.00686207 0.0181961 0.0193271 0.00398208 0.00927069 0.00676402 0.00943915 0.0030935 0.00315366 0.00673121 0.00966346 0.00103286 0.000926774 0.00178044 0.000467516 0.000929329 7.72107e-05 0.000129525 0.000280567 0.000664121 0.000788518 0.000402826 1.63731e-05 7.32834e-07 0.000173901 0.000187262 5.10403e-06 4.70736e-05 1.76246e-05 1.54983e-05 3.2549e-07 8.20836e-06 2.6321e-06 1.6929e-06 4.30866e-07 1.46589e-06 1.84384e-07 1.73896e-07 1.22881e-06 1.36717e-07 5.79787e-07
0.67335 0.141625 0.0630411 0.0231454 0.011286 0.0114677 0.0151857 0.00290179 0.00524624 0.00506923 0.00839308 0.0117614 0.0137797 0.00029403 0.000626317 0.000595609 0.00259843 0.00122797 0.00258913 0.00156273 0.00127329 0.000268975 0.00115026 9.17402e-05 0.000493957 0.0001081 0.000305062 0.000110453 1.90345e-05 2.30599e-05 0.000167774 0.000110616 2.14771e-06 2.37672e-05 2.40398e-05
0.699175 0.0517693 0.147441 0.0348013 0.00619278 0.00564411 0.00558746 0.00688389 0.00274645 0.00717878 0.00962883 0.00865147 0.00558295 0.00461868 0.00163921 0.00138286 0.000223733 0.000166337 6.18962e-05 0.000144267
0.708366 0.115736 0.029302 0.0120159 0.0221487 0.0131045 0.00648123 0.0312197 0.0155025 0.00639181 0.00232287 0.0129974 0.00451051 0.00902084 0.000474131 0.0028053 0.00168876 0.0010722 0.00134511 0.00172976 1.04097e-05 7.32651e-05 0.000350694 0.000547491 0.000113932 0.000311446 4.17006e-05 0.000124491
0.701407 0.0110135 0.150253 0.0498929 0.00832468 0.0293096 0.00455721 0.00303701 0.0138643 0.000930211 0.00141395 0.00568327 0.000932387 0.00158455 0.00532861 0.000144902 0.00406674 0.00149622 0.000868496 0.00299175 0.000238633 1.30714e-05 0.00188558 5.04705e-05 3.55817e-05 0.000210569 3.51566e-05 0.000178652 3.196e-05 0.00014676
0.737202 0.128142 0.0477925 0.0166366 0.0123616 0.0217115 0.00075669 0.00549948 0.00231515 0.00240764 0.00692783 0.00792029 0.00175663 0.00234718 0.00349346 5.1816e-05 0.000170508 0.000150153 0.000819363 0.000617938 7.4988e-06 0.000344518 9.50299e-05 0.000160795 0.000152859 1.21202e-05 3.61912e-06 4.96987e-07 3.63537e-05 5.91195e-06 1.11879e-05 2.65048e-05
0.76959 0.0104686 0.0407848 0.0371596 0.0915134 0.0127491 0.00166233 0.00970402 0.00578908 0.00428138 0.00254425 0.00407858 0.00362858 0.00151268 0.000194969 0.000454787 0.0010342 8.94999e-05 0.000149168 0.000589821 6.04795e-06 0.00153762
0.718215 0.142049 0.0396142 0.0285559 0.0212284 0.0052945 0.00810797 0.006479 0.00580024 0.00477828 0.00214325 0.00591596 0.00501708 0.000773489 0.00023597 0.00153866 0.000238506 0.000107767 0.00066284 0.00095749 8.48549e-05 0.000547732 0.000256747 0.000308963 2.83512e-05 4.57859e-05 3.74888e-05 0.000157739 0.000405711 0.00017003 1.6113e-05 0.000103061 4.92534e-05
0.683471 0.00513648 0.112255 0.0294946 0.00366151 0.0335713 0.0210165 0.0150515 0.0546996 0.00233626 0.0107388 0.00871535 0.0105105 0.00222402 0.000276106 0.000809418 0.00117318 0.000728957 0.00122864 0.00165582 1.9596e-05 5.4224e-05 0.000755771 1.29253e-05 0.00014121 5.91079e-05 4.70429e-05 3.4544e-05
0.699072 0.16235 0.0314841 0.00650942 0.013351 0.00197683 0.00614177 0.0121651 0.00848417 0.0191894 0.017565 0.0137235 0.000982105 0.00382877 0.00015227 0.000105175 0.000609638 0.000971831 0.000154289 0.000419464 4.09978e-05 0.000143757 0.000280557 1.84998e-05 0.000106341 5.88448e-06 1.32275e-06 6.35703e-05
0.718135 0.00668545 0.129504 0.00940873 0.00558918 0.0189249 0.0430007 0.00571804 0.00775492 0.0189239 0.00601537 0.00847535 0.00624778 0.00791115 0.000725363 0.000474883 0.00102593 0.00141762 0.00154684 0.000218503 9.7594e-05 0.000243046 0.000197562 0.000368539 2.3443e-05 6.04934e-05 0.00036012 9.92197e-05 6.40435e-05 6.63011e-05 0.000282954 6.11644e-06 1.24462e-05 0.000250649 8.91256e-05 5.20571e-06 1.10676e-05 6.20505e-06 9.98996e-06 8.25026e-07 5.38227e-06 4.03717e-06 6.35975e-06 1.38259e-06 2.29091e-06 4.89091e-06 6.25526e-07 3.54118e-06 8.90717e-09 9.5405e-07 1.91487e-06 2.76313e-06 3.21542e-06
0.726778 0.00214145 0.11973 0.0118282 0.00735536 0.0160256 0.00558096 0.0409644 0.028882 0.00203238 0.0130504 0.00730552 0.00366282 0.00293954 0.00122868 0.000160326 0.000415617 0.00133627 0.00131456 0.00188757 0.00185469 0.000834619 0.000473256 0.00101382 0.000685778 0.0002378 3.32069e-05 4.48549e-05 1.56978e-06 4.7816e-06 2.5118e-05
0.760504 0.108617 0.0103974 0.0227464 0.0147469 0.00641852 0.00298339 0.0190412 0.00831445 0.0120179 0.0182642 0.00384481 0.000398425 0.00493993 0.00370074 0.000778602 0.00058623 0.000149215 1.15879e-05 0.000589906 2.78952e-05 6.01838e-05 0.000113694 1.09408e-05 7.44145e-05 9.80704e-05 1.571e-05 3.92156e-06 0.000107988 0.000190396 1.42728e-05 4.44286e-05 9.92715e-06 3.60963e-05 4.33785e-05 1.43903e-05 1.87759e-05 1.02599e-05 1.73677e-05 5.18121e-06 4.24316e-06
0.717491 0.0193305 0.0925848 0.0295558 0.00373674 0.0460754 0.00413373 0.0157454 0.0185149 0.00243321 0.00373663 0.00606846 0.0166729 0.0161818 0.000602325 0.000837398 0.000892299 0.00186774 0.00114283 0.000480266 0.000210111 0.000120625 5.57746e-05 0.000109917 0.0002011 0.000435903 0.000166827 6.00859e-05 9.68323e-06 1.82507e-05 7.81738e-05 0.000138025
0.71866 0.14977 0.0349276 0.0118805 0.000952055 0.0243861 0.0105859 0.020777 0.00816626 0.00430352 0.00311172 0.00122775 0.00617614 0.000894375 0.00013574 0.000927483 0.00111632 0.000168888 0.000194119 1.16891e-06 0.000121686 0.000109185 9.7178e-05 0.000197112 0.000306698 0.000122503 0.000113326 9.99486e-05 8.09167e-05 0.000112793 2.37207e-05 9.75033e-05 5.98267e-05 3.39272e-05 1.01578e-05 1.93103e-05 8.87301e-06 1.91999e-06 1.40121e-06 3.97233e-06
0.704501 0.00950195 0.0491547 0.00519947 0.135122 0.00691296 0.0101076 0.0151084 0.0108297 0.0018911 0.00959896 0.0157789 0.00936556 0.00595846 0.000967941 0.00302335 0.000637317 0.000856248 0.000498398 0.00158193 0.000384293 0.000152363 4.14759e-05 1.3909e-05 0.000412608 7.61903e-05 0.000363654 0.000392501 0.00059284 0.000204594 5.36285e-05 0.000231632 0.000146999 7.71025e-05 4.23973e-05 2.99856e-05 7.14913e-05 6.11593e-05
0.737403 0.123242 0.00818108 0.0294024 0.00256537 0.0337522 0.00301202 0.0192069 0.00743186 0.00762845 0.00513328 0.00560282 0.00802756 0.00346139 0.00219104 0.000995126 0.00047703 9.92762e-05 0.00039936 0.000122029 0.000212729 0.000524819 0.000165986 0.000363257 3.91127e-05 4.45867e-05
0.754112 0.100783 0.0401766 0.00525892 0.0343596 0.00684637 0.00868153 0.0141372 0.0026805 0.00118144 0.00625505 0.0108014 0.00662625 0.00305858 0.000124509 0.000137315 0.000572881 0.00015605 0.000714559 0.00100177 0.000158758 0.00108695 0.000741153
0.681364 0.00434274 0.0206702 0.0359161 0.0122169 0.136854 0.0302401 0.0223579 0.00351214 0.00881404 0.0140061 0.00498139 0.00248748 0.00156622 0.00379258 0.00490977 0.00255088 0.00143141 0.000518468 0.00419333 0.000394227 0.000534159 0.000184855 0.000507842 6.56702e-07 0.000149559 0.000955204
0.739891 0.147699 0.00751057 0.0224687 0.0186353 0.0150941 0.0132068 0.00169226 0.000594547 0.00302908 0.00212996 0.00680109 0.012106 0.00146336 0.00188781 0.00198539 0.000264277 0.000756701 0.000295039 4.48268e-05 0.000144762 9.74787e-05 0.000467987 1.8892e-05 0.000296212 0.000164461 0.000227599 0.00043391 6.91633e-05 9.28557e-05 2.0779e-05 1.77033e-05 0.0001493 4.26402e-05 7.73197e-06 8.70664e-06 8.22903e-07 6.18503e-05 2.8723e-05 1.80673e-05 1.29221e-05 8.37232e-06 2.27497e-05
0.698072 0.130706 0.00815435 0.0087179 0.0477084 0.0248251 0.0128817 0.0325921 0.00468279 0.00322949 0.00848886 0.00174211 0.00675981 0.00717539 0.00117128 0.00014193 0.00159765 0.000396412 2.05796e-06 0.000109017 0.000343022
0.75561 0.0729535 0.0817011 0.00516115 0.0212614 0.00651726 0.0056591 0.0131906 0.00747721 0.00528361 0.0121522 0.00264175 0.000931734 0.00177692 0.00088931 0.000121232 0.00142958 0.00282729 0.000356195 0.000172215 8.12916e-05 7.47053e-05 0.000202059 0.000716062 0.000121553 0.000216103 9.10887e-05 4.0946e-05 1.24447e-05 6.88474e-05 1.62763e-05 3.81229e-05 1.83428e-05 5.9378e-05 1.79637e-05 2.71424e-05 1.33643e-05 2.13539e-05
0.754222 0.113423 0.00527062 0.0337643 0.00364237 0.0288298 0.00464942 0.0158925 0.00429532 0.0124622 0.0036533 0.00455328 0.00702065 0.0065167 0.00082481 0.000213856 2.61527e-05 0.000309565 7.2006e-05 3.7688e-05 9.18048e-05
0.784021 0.108525 0.00420114 0.0271708 0.0180696 0.00739003 0.0211026 0.00351113 0.00209783 0.0083621 0.00675392 0.00263635 0.00208847 0.000753225 1.47475e-05 0.000391097 0.0013957 0.000606188 0.00013241 0.000193453 1.42597e-05 0.000101462 0.000138441 0.000106728 1.46368e-05 8.60267e-05 5.57005e-06 9.65031e-06 5.01874e-05 1.25811e-05 1.18815e-05 6.5143e-06 7.44786e-06 2.49959e-06 2.73121e-06 3.53559e-06 7.89172e-07 3.63028e-06
0.679133 0.148997 0.00716791 0.0161633 0.0325839 0.038764 0.00814358 0.0107606 0.00854588 0.00962715 0.010249 0.0118211 0.00615225 0.00231679 0.000863808 0.00223436 0.000873612 0.000663238 0.00112552 0.000238963 0.00101396 0.000876955 0.000232276 6.30536e-05 0.000169333 0.000268186 2.13497e-05 0.000113955 7.15568e-05 0.000155311 0.000441124
0.730549 0.013684 0.0375843 0.100495 0.00328626 0.012476 0.0306237 0.0169423 0.00353307 0.0245073 0.00465288 0.00281391 0.00369796 0.00449101 0.000554399 0.000738047 0.00198677 0.00151139 0.00124333 0.00140957 3.84196e-05 5.02475e-05 0.00149812 0.000749605 0.000514033 2.18181e-05 9.53783e-05 9.18055e-06 4.1416e-06 5.37128e-05 3.02532e-05 9.45586e-06 1.95349e-05 5.75263e-05 1.25371e-05 1.25268e-05 9.78294e-07 3.34954e-06 3.73172e-06 1.70868e-06 8.06763e-06 3.80223e-07 6.8836e-06
0.752509 0.100772 0.0214513 0.0355516 0.0221128 0.000543386 0.0165508 0.000876519 0.00464721 0.0106809 0.00716176 0.0075067 0.00371395 0.00714183 0.000587343 0.000235989 0.00062901 0.000778539 0.00261767 0.000250587 0.000776532 0.000948678 0.00100109 3.48014e-05 0.000112124 4.07587e-05 0.000201374 7.92633e-05 7.03349e-05 0.000126861
0.702607 0.134205 0.00975377 0.0101109 0.0130623 0.0118799 0.0246799 0.00561907 0.0186499 0.0276588 0.00685065 0.00899591 0.0120277 0.00602624 0.00210502 0.00023808 7.22984e-08 0.00062202 0.000257524 0.00018465 0.00210099 0.000356579 0.000194061 8.42851e-05 0.000321963 0.000146999 1.85272e-05 0.000504276 0.000264365 0.000105864 0.000191326 5.14483e-05 1.72313e-05
0.00772766 0.714837 0.149162 0.0094238 0.0189938 0.0252658 0.0290089 0.00402874 0.00157083 0.00309591 0.0104173 9.07811e-05 0.00636312 0.00267173 0.00194207 0.000539714 0.00497153 0.00150079 0.00138111 0.00077554 0.00170442 0.000459721 8.87575e-05 1.32129e-05 0.00195823 0.000219468 0.000158921 0.000136876 1.94853e-05 9.70858e-05 8.64807e-05 0.00022912 0.000478007 0.000200221 2.24962e-05 0.000120547 1.66169e-05 1.58046e-05 8.58041e-07 4.13761e-05 1.30725e-05 9.19538e-05
0.736377 0.042873 0.0258825 0.0200179 0.0281256 0.0814912 0.0114044 0.00514599 0.00293147 0.00912149 0.00829006 0.00307414 0.0134514 0.00770087 5.63186e-07 0.00123693 0.00164805 7.51746e-05 3.22529e-05 0.000454057 0.000305717 3.61773e-06 4.9094e-05 7.40101e-05 1.57863e-06 6.6422e-05 4.63124e-06 2.84833e-05 3.36565e-05
0.74103 0.0457428 0.0895136 0.0451174 0.0171618 0.00175588 0.00558421 0.00747237 0.0107521 0.0152368 0.00842478 0.00353017 0.00587927 0.000370393 0.00012102 0.000155858 8.22071e-05 0.000345503 0.000305064 0.00028958 3.80672e-06 0.000139168 0.000200185 3.99781e-05 1.39258e-05 0.000236227 4.38372e-05 6.6234e-05 0.000221631
0.0286308 0.734045 0.124751 0.00990605 0.0509889 0.00588335 0.00249009 0.00723324 0.00629315 0.00300649 0.00410222 0.00450637 0.00289891 0.0110181 0.00107877 0.000256159 0.000419847 0.00105039 0.000497273 9.91423e-05 0.000202248 0.000252356 0.00016995 7.07856e-05 2.32424e-05 5.43924e-05
0.0319251 0.719174 0.0611528 0.0246647 0.0940769 0.0149584 0.0118403 0.0101611 0.00461883 0.00808714 0.00525187 0.00814337 0.00108413 0.00314872 0.000193026 0.000452619 0.000241685 0.000176911 8.27786e-05 2.53681e-05 0.000118374 2.98922e-05 0.000139161 1.76524e-05 0.000105187 1.82688e-05 2.91016e-05 4.04862e-05 1.03586e-05 1.34896e-05 1.78114e-06 4.56181e-06
0.739361 0.0140208 0.13796 0.00691536 0.0198501 0.00898733 0.0105631 0.00734014 0.00758559 0.01023 0.00750542 0.00436603 0.012611 0.00391903 0.001191 0.0014376 3.51519e-05 0.000792334 0.00217105 0.00014913 3.53051e-05 0.000339096 0.000105115 0.00133886 0.000600475 0.000170711
0.74968 0.0923955 0.0193752 0.00383264 0.000577086 0.0432077 0.0122311 0.00931977 0.00934946 0.0138071 0.00604213 0.00483147 0.0214749 0.00817046 0.00132387 0.000937153 0.00083085 0.00037843 0.0009821 0.000348275 0.000210933 6.14949e-05 0.000205652 8.51503e-06 0.000154357 6.68599e-06 1.02226e-05 5.44175e-05 5.17108e-05 2.08518e-05 3.72025e-05 2.93912e-06 1.0511e-06 9.49149e-06
0.0143884 0.764266 0.119914 0.0441004 0.00964626 0.00446445 0.0173127 0.00471657 0.00369263 0.000662619 0.00449906 0.00316209 0.00443973 0.00228051 0.000227489 0.000403389 0.000583698 0.000319555 0.000329911 5.8301e-05 1.52077e-05 5.53283e-05 0.000164857 0.000163767 1.9056e-05 4.77512e-05 1.73689e-05 3.44097e-05
0.738026 0.105318 0.0381752 0.021109 0.0186241 0.0141461 0.00439065 0.00618935 0.0038091 0.00748232 0.0144394 0.00370267 0.00356038 0.00785112 0.00328836 0.000450515 0.00169755 0.000312857 0.000408269 0.000963624 0.00168731 0.000191292 0.000386888 0.00075904 3.48759e-05 7.12456e-06 0.000135676 0.000433042 0.000556331 4.58192e-05 0.000230593 0.000429955 0.000109177 0.000223137 0.000180777 0.000111669 0.000120521 0.000218322
0.766658 0.0116436 0.0963426 0.0422576 0.00405187 0.0136296 0.018031 0.00499535 0.00155857 0.0143452 0.00960744 0.0105734 0.00312119 0.000935267 0.000886935 0.000439793 9.7863e-05 5.85119e-05 0.000265935 8.93993e-05 0.000310653 3.64894e-05 1.3992e-05 2.02529e-05
0.755908 0.0664029 0.0226323 0.0792407 0.0190016 0.0136228 0.0050305 0.0109983 0.00319729 0.0050659 0.00910558 0.00185452 0.00243307 0.00169036 0.000195539 5.76472e-06 0.000771354 0.00093012 0.000236298 2.23222e-05 0.000143639 0.00106738 2.90733e-05 4.5885e-05 2.07231e-05 1.37764e-05
0.743859 0.118133 0.0283222 0.00913815 0.00152558 0.0566868 0.00621881 0.00182628 0.00906106 0.00252548 0.00413025 0.00495428 0.00426726 0.00469942 0.00171879 0.000572479 0.00152153 2.08479e-05 0.000334704 5.39626e-05 0.0001204 4.78072e-05 5.0092e-05 6.6578e-05 5.43252e-05
0.800208 0.0838344 0.00886738 0.060708 0.0041135 0.00934741 0.00960825 0.00299292 0.00384387 0.00390225 0.00378123 0.001671 0.00557995 0.000697925 7.58206e-05 5.6591e-06 0.000172531 0.000373646 5.59658e-05 2.83164e-06 1.68487e-05 7.26471e-06 3.03167e-05 2.53038e-05
0.724248 0.0181269 0.0218683 0.0896119 0.0497403 0.0295363 0.00228495 0.00813074 0.00510014 0.0169404 0.0194988 0.00537728 0.00322234 0.00166095 0.00153304 1.79936e-05 0.000418231 0.000414988 0.000311027 0.000279258 0.000153788 1.22363e-05 0.000485052 0.000190635 0.000229178 5.5205e-05 0.000124745 0.000213906
0.734574 0.0196252 0.0884227 0.00250214 0.016822 0.0285902 0.00826543 0.00540813 0.042812 0.00263522 0.00516816 0.0105961 0.0140907 0.00772448 0.00107676 0.00117631 0.000306208 0.00124773 0.00121668 0.00348667 0.000925226 0.00129999 0.000418566 0.000502892 0.000299149 0.000267836 2.05877e-05 0.000136727 2.60044e-05 3.22515e-05 9.11153e-06 1.02788e-05 2.09678e-05 4.74837e-05 8.4317e-05 2.76349e-05 1.50729e-05 9.19852e-06 4.54343e-05 5.49149e-06
0.687707 0.136414 0.0438279 0.00211251 0.0588848 0.0202207 0.0121171 0.00951809 0.00640058 0.00104209 0.00535152 0.00306111 0.00858967 0.00124406 0.000751763 0.00014756 0.000527307 0.000155231 0.000313811 3.90873e-05 0.000472993 0.000775393 7.67627e-06 3.62391e-05 4.53875e-05 0.000101699
0.696588 0.122327 0.0272759 0.0637882 0.00591146 0.00864694 0.0105339 0.0193084 0.00146314 0.00933515 0.00893261 0.00371366 0.0154786 0.000552382 6.22304e-05 0.000828195 0.000723687 0.000276112 0.000462615 0.00119684 0.000572283 0.000302609 0.000236584 0.000495247 0.000135827 2.60748e-05 0.000184497 0.000163557 0.000120521 5.75833e-05 5.53994e-05 2.73226e-05 8.75871e-06 7.70964e-05
0.778538 0.0809925 0.00539212 0.0102966 0.028004 0.0153102 0.017609 0.00306288 0.0249856 0.021257 0.00299906 0.00647437 0.000333988 0.00155503 0.00118477 0.00152694 0.000182884 6.25772e-05 3.61912e-05 2.57223e-05 7.01267e-06 1.16549e-05 1.63126e-05 3.65017e-05
0.736282 0.11115 0.0411934 0.00948862 0.00489086 0.0136636 0.00670417 0.0292843 0.0131699 0.00418058 0.00887866 0.00956318 0.000645171 0.00151076 0.00454518 0.00181953 0.00127624 0.000525844 0.000736146 2.25814e-05 4.20194e-05 4.29282e-05 2.03596e-05 0.000178361 3.83209e-06 5.6111e-05 1.5648e-05 2.68014e-05
0.711676 0.0406978 0.118418 0.0518194 0.0106353 0.0077893 0.00756243 0.00764353 0.00209419 0.00906043 0.00221413 0.00826333 0.0122018 0.00832543 0.000347723 0.000167582 0.000334251 3.13234e-05 5.14277e-05 7.16965e-05 0.00030479 0.000209241
0.724301 0.0327488 0.137246 0.00364435 0.0455679 0.0110541 0.00527317 0.00638778 0.00636521 0.00522482 0.00466583 0.000239427 0.00311175 0.0114752 0.000437673 0.000218401 0.000348198 0.00038714 4.04343e-05 0.000253209 0.00020037 5.84934e-05 9.4816e-05 7.91304e-05 0.000216826 2.75803e-05 5.40451e-05 4.24296e-05 7.77412e-05 4.15863e-05 8.34427e-05
0.745639 0.125536 0.00521323 0.00838172 0.0108759 0.00582588 0.0131225 0.0416229 0.0125879 0.00581863 0.00400056 0.00414899 0.0067701 0.00770576 0.000224784 0.000565067 0.000201825 0.000519261 0.000138268 0.000273545 7.03656e-05 0.000101656 5.62541e-06 5.71818e-05 0.000110056 0.00018349 0.000132871
0.740101 0.08584 0.0272017 0.0498377 0.00932303 0.00255248 0.0073083 0.00412071 0.00811211 0.0135792 0.0264575 0.0095384 0.00409737 0.00571741 0.001578 0.00172172 0.000583659 0.00038233 8.61333e-05 0.00079309 0.000390014 0.000168036 1.76495e-05 9.96053e-05 1.459e-05 3.13979e-05 4.50154e-05
0.743972 0.0224453 0.132422 0.0214901 0.0140071 0.00351266 0.012059 0.00126454 0.00747373 0.00753836 0.00496777 0.00430517 0.00464707 0.00236199 0.00266441 0.000943038 0.000226953 0.00490248 0.000766609 8.83943e-05 0.000436408 0.00124976 0.00148023 5.47946e-05 0.000355118 0.00117223 3.03412e-05 0.000837972 0.00113364 6.75368e-05 8.79409e-05 1.96792e-05 0.000211065 0.000105976 0.000267798 0.000155263 3.78412e-05 0.000104995 3.03823e-05 2.46551e-05
0.731653 0.0129134 0.122355 0.0521789 0.00575683 0.00703541 0.00394279 0.0126437 0.0265745 0.00360597 0.00610886 0.0035638 0.000913918 0.00293361 0.00285905 0.00370807 1.00674e-05 0.000239471 6.06128e-05 2.00109e-06 2.39665e-05 5.97478e-05 0.000368802 0.000183329 0.0001218 5.98424e-05 7.92081e-06 3.89961e-05 4.78284e-06
0.747291 0.0278758 0.117013 0.00891108 0.0363172 0.0107451 0.0132933 0.00367343 0.00445429 0.00456991 0.00285758 0.003674 0.0112508 0.00276546 0.000433151 0.000394852 0.000509941 7.20022e-05 0.000175853 0.00126116 0.000311584 0.000406115 0.000456681 0.000141058 0.000260184
0.014486 0.736735 0.122187 0.030848 0.00799778 0.00602968 0.0449839 0.00676573 0.00312893 0.00245547 0.0118085 0.00239816 0.00360446 0.00205927 0.000324752 0.00222092 6.54924e-05 7.50467e-05 0.000188437 0.000628753 0.000294379 0.000111335 0.000150943 3.90896e-05 0.000176354 2.46295e-05 2.4688e-05 5.465e-05 4.30893e-06 2.64852e-05 3.51364e-05 1.23703e-07 1.96162e-05 1.45404e-06 2.94819e-05
0.729271 0.0466509 0.108585 0.0242646 0.00705477 0.00920874 0.0206597 0.00785723 0.0216174 0.00192846 0.00138729 0.00998025 0.00433706 0.00251651 0.00240776 9.76994e-05 2.26391e-05 0.000916663 0.000148341 2.84195e-05 5.99245e-05 8.38413e-06 7.04957e-05 0.000191589 6.93608e-05 0.000176924 1.31618e-06 8.88493e-06 0.000136628 8.01434e-05 9.08818e-05 3.92834e-05 7.32925e-06 2.18259e-05 1.76787e-05 2.38602e-05
0.658551 0.00732147 0.0366591 0.0381895 0.169454 0.00935423 0.0111972 0.00831925 0.00153664 0.0136042 0.00660401 0.0112426 0.00784821 0.00601398 0.00171118 0.000671094 0.00179132 0.00546215 0.000271419 0.000210678 0.000356431 0.000354494 0.000750025 0.000463437 0.000126097 5.04476e-05 0.000162105 0.000341408 0.000294252 0.000160348 2.15375e-05 0.000431259 6.32598e-05 0.000200186 4.38846e-05 4.51563e-05 2.90927e-06 1.0672e-05 7.66929e-06 1.20608e-05 6.85263e-06 7.04476e-06 2.01656e-05 2.42665e-05 8.81774e-06
0.699239 0.0135179 0.1707 0.0418918 0.0278438 0.010544 0.00616262 0.0106097 0.00251944 0.00813924 0.00350507 0.000945376 0.00140639 0.00111604 0.000648157 0.000328701 0.000270607 7.30575e-05 0.000279863
0.0146614 0.71329 0.0802787 0.10854 0.0154683 0.00144235 0.0179822 0.00483018 0.00957262 0.0116277 0.00157142 0.00845152 0.00372904 0.00307215 0.000977494 0.000232269 0.00169824 0.000253465 0.000387608 5.43272e-05 0.000532378 0.000294321 0.0006419
0.719454 0.126615 0.0503783 0.00563671 0.00212212 0.00873792 0.0185232 0.014142 0.0101592 0.01148 0.00741873 0.00643013 0.00966586 0.00305154 0.0013313 0.000379936 0.000667435 0.000850997 0.00183043 0.000361466 0.000266785 0.000184995
0.712281 0.010759 0.137239 0.00449252 0.0250304 0.0450955 0.0286629 0.00263426 0.00499844 0.00993662 0.000808145 0.00533908 0.00746991 0.00105365 0.000208787 0.000739583 0.000904217 0.000240364 0.000423512 0.00013073 0.000229831 6.70756e-05 4.38541e-05 0.000586061 2.07069e-05 9.59118e-05 3.67089e-06 0.000187672 3.5469e-05
0.707335 0.123179 0.0163342 0.0205182 0.0015309 0.0166237 0.0588971 0.00931084 0.0198951 0.0038153 0.00405091 0.00192901 0.00392301 0.00428931 0.000433822 0.000687838 0.000269157 9.25659e-05 9.34967e-05 0.000833507 0.00179043 0.00122563 0.000659419 0.000184656 2.7115e-05 0.000191299 0.00105005 2.06691e-06 0.000107341 0.000124128 8.10212e-05 0.00024954 6.84961e-06 6.51043e-06 1.25503e-05 7.54011e-05 1.3659e-05 1.67376e-05 1.20277e-05 4.85527e-05
0.734598 0.101628 0.0451784 0.0337276 0.0160967 0.0181735 0.0136648 0.00769772 0.00412685 0.00680088 0.00756877 0.00416766 0.00144787 0.0028487 0.000174951 0.000607552 0.000153206 0.000395728 0.000194874 0.000118258 0.000165026 0.000105151 8.12533e-05 3.56794e-05 2.02071e-05 5.13949e-05
0.768794 0.0967451 0.0318965 0.0270092 0.00837562 0.0167895 0.00651581 0.00668971 0.00753046 0.00296963 0.00681619 0.0094208 0.00373019 0.0038547 1.06038e-05 0.000542807 0.00113788 0.000311 3.324e-06 0.000107175 9.05171e-05 1.29248e-05 6.49696e-05 0.000314604 3.34333e-05 1.52334e-05 5.36697e-05
0.734313 0.105561 0.0684636 0.00619496 0.0227004 0.0076601 0.00821755 0.00415194 0.00231638 0.00671595 0.0123908 0.00631897 0.00591993 0.00438095 0.000704407 0.000556068 0.00128288 2.12115e-05 0.000234187 0.000652706 0.000223173 0.000405412 0.000145932 0.00026729
0.761629 0.0364588 0.0901149 0.0375108 0.00707938 0.00758503 0.00898928 0.0123179 0.00760529 0.00352899 0.00745173 0.00350279 0.00466405 0.00545627 0.000247092 0.000197381 0.00102698 0.00117076 0.000326197 0.00212407 0.000144566 0.000129179 3.50678e-05
0.697561 0.119553 0.00100211 0.0168 0.0235834 0.00809041 0.0510634 0.00632926 0.0078635 0.0221596 0.0239411 0.00663438 0.00606153 0.00372218 0.00188909 0.000732731 0.000728761 0.000183421 0.000353059 2.95813e-05 0.000328744 0.000172357 0.000866062 6.89711e-05 0.000107624 1.13525e-05 2.53028e-05 3.73293e-05 2.65126e-05
0.72033 0.103195 0.00939212 0.0374461 0.0188867 0.0113504 0.00131054 0.00900939 0.00646884 0.0130899 0.0288489 0.0167408 0.00748044 0.00743617 0.00344593 0.0011061 0.000550395 0.000114849 0.000184532 0.000618816 0.00114322 0.000514099 1.36869e-06 0.00048978 0.000269473 1.82989e-05 1.09039e-05 8.27872e-05 4.80924e-05 9.44123e-05 3.69309e-05 2.92398e-05 8.22778e-05 4.07151e-05 2.44416e-05 2.72206e-07 5.27086e-05
0.679149 0.00296506 0.149004 0.007314 0.0639358 0.0186839 0.034824 0.00631249 0.00718925 0.00385777 0.00275415 0.0139134 0.000334863 0.00317379 0.000580534 0.0011934 4.2327e-05 0.000514736 0.000834043 0.00143983 0.000467083 0.000101297 0.000155524 0.000146791 0.00015999 0.000308095 0.000277131 0.000227307 1.03531e-05 1.22584e-05 5.22823e-06 1.46751e-05 2.16828e-05 1.76576e-05 6.86338e-06 9.16466e-06 4.73903e-06
0.695807 0.0107167 0.110976 0.0243425 0.0061684 0.0534185 0.00550337 0.0148648 0.00644371 0.00394104 0.0075641 0.00817294 0.0224002 0.00748793 0.000253667 0.00323869 0.00908579 0.000657295 0.00130948 0.000747719 0.00231213 3.73166e-05 0.00126403 0.000359919 0.000101654 0.000188975 0.000500386 0.000254733 0.000236819 0.000199961 0.000114301 1.94763e-05 0.000192432 8.56105e-06 7.59842e-05 4.76327e-05 9.57423e-05 3.59249e-05 8.55359e-05 8.42795e-05 2.42839e-05 0.000202202 9.0747e-05 2.22553e-05 5.71512e-05 6.59415e-06 0.000111049 1.17713e-05 7.02461e-06 1.74005e-05 2.35141e-05
0.708805 0.112992 0.00644953 0.0186111 0.0558832 0.0161685 0.0423181 0.00493955 0.00705931 0.00256821 0.00715189 0.00833123 0.00413134 0.003368 0.00045837 0.000114226 0.000153281 0.000295569
0.70774 0.00941399 0.146573 0.0152946 0.0156095 0.0270416 0.0413621 0.0110663 0.00154022 0.0049835 0.00711934 0.0041377 0.00177462 0.000714772 0.000600586 0.00135981 0.000797081 0.00197262 6.24053e-05 5.48153e-05 0.000113889 0.000175209 0.000151595 0.000145278 8.25788e-05 5.74239e-05
0.68329 0.00290548 0.11999 0.0463025 0.0079873 0.0413057 0.0118016 0.0221325 0.0218075 0.00898482 0.00779204 0.00894758 0.00558396 0.00206667 0.00314183 0.00113957 0.000666125 0.000770309 0.00224992 3.60791e-05 0.000270061 2.13478e-05 0.000134179 2.31124e-05 7.29415e-05 0.000202243 4.03244e-05 3.97483e-05 0.000128426 1.14722e-05 2.31877e-05 4.29995e-05 2.54522e-05 1.11255e-05 3.70919e-06 2.12291e-05 5.23997e-06 1.23827e-05
0.68863 0.0813046 0.105779 0.0277317 0.0278354 0.0124293 0.00686966 0.0195783 0.00207391 0.0113692 0.00429038 0.00378486 0.00542903 0.00102445 0.000183197 2.57521e-05 0.000624306 0.000452319 0.000198187 4.55502e-05 4.44497e-05 0.000107924 6.25635e-05
0.731442 0.124048 0.0238512 0.0104828 0.00523397 0.035347 0.00180808 0.0129302 0.00264439 0.00745662 0.00645283 0.00242572 0.00696685 0.00378718 0.003068 0.00710485 0.000139585 0.00421786 0.000757275 0.00368189 0.000430154 0.00119841 0.000556043 0.000801916 0.000492549 0.000405694 0.000625669 0.000224194 3.11955e-06 4.53078e-05 0.000830241 0.000163916 5.97283e-05 9.61755e-05 6.63933e-05 5.66985e-05
0.719129 0.0535759 0.108211 0.0263981 0.0107479 0.00442585 0.000713202 0.0100028 0.00654404 0.00526878 0.0246081 0.00591124 0.0125586 0.00426235 0.00409382 0.000512094 0.000812824 0.000867908 0.000138435 3.80598e-05 0.000458079 8.13676e-05 0.000176226 1.11156e-05 2.44493e-05 3.31861e-05 0.000172304 4.00578e-06 7.97457e-05 1.14627e-05 8.43963e-05
0.71073 0.14722 0.0342462 0.00531226 0.00605296 0.0176402 0.00568354 0.00398445 0.00936122 0.0298024 0.00645064 0.00693215 0.00348505 0.00102572 0.0045273 0.00152332 0.000944818 0.00110817 0.000305532 0.00114397 0.000454072 9.29617e-05 2.17826e-05 0.000975672 0.000163958 0.000197855 8.83586e-05 0.000119477 0.000106222 0.000123063 1.03667e-05 7.42626e-05 3.4145e-06 3.39414e-06 1.66912e-05 1.44231e-05 1.12584e-05 1.36779e-05 6.8562e-06 1.47826e-06 6.64925e-06 4.04061e-06
0.769763 0.0206411 0.0880472 0.014459 0.0411324 0.0027932 0.00191676 0.0210977 0.0134144 0.000266049 0.00967392 0.00405609 0.00377212 0.00136362 0.00213369 0.000270619 0.00075469 0.00044274 0.000501894 1.31792e-05 0.000276279 0.0017249 0.000585103 0.000171477 0.000117848 0.000413955 6.17128e-05 2.29012e-05 9.10556e-06 4.86464e-05
0.120436 0.687794 0.0128826 0.0237144 0.0586039 0.002946 0.014974 0.0202398 0.0108337 0.0231651 0.00628556 0.00293853 0.00569857 0.00525579 0.000448721 0.00142122 0.00024088 4.5416e-05 0.00100773 0.000222457 0.000122849 0.000188884 0.000258204 3.80292e-05 0.000121847 3.30154e-06 5.49303e-06 1.86726e-05 7.37025e-06 1.49178e-05
0.0265993 0.738127 0.106925 0.0502632 0.0106357 0.00798023 0.00689071 0.00717883 0.00782203 0.018578 0.00619296 0.00669367 0.0029937 0.000957986 0.000314861 1.5642e-05 0.00122948 1.34125e-05 0.000156048 4.94663e-05 6.53961e-05 0.000204351 5.89796e-05 4.28135e-07 2.69428e-05
0.766273 0.0751959 0.00809077 0.011614 0.0471114 0.00398678 0.0311926 0.0260153 0.00331568 0.0102511 0.00516618 0.0034539 0.00408691 0.0017111 0.000675585 0.000367144 0.000341451 0.000180372 8.06775e-05 3.24386e-05 4.14132e-05 0.000278531 4.06173e-06 0.000280078
0.704484 0.0409339 0.149932 0.0147401 0.0153072 0.0118792 0.00438414 0.0156481 0.00571261 0.00261633 0.0096595 0.00749706 0.00863692 0.00328876 1.89964e-05 0.00218287 0.00085802 0.000109751 2.76981e-06 0.000326307 0.000312942 0.000359151 0.000366021 4.40471e-05 0.000172925 7.81412e-05 5.99767e-05 9.03425e-06 9.43976e-05 3.69702e-05 6.51059e-05 2.57566e-07 2.61705e-05
0.698412 0.142049 0.00224665 0.0482864 0.00302037 0.0048746 0.0364241 0.00709785 0.0101333 0.0130599 0.0112888 0.0109227 0.00171728 0.00265806 0.000725594 0.000265243 0.0027764 0.000332156 0.00135601 7.2082e-07 0.000516066 0.000265254 0.000118588 0.000192943 0.000401899 0.000188736 0.000303248 4.10501e-05 2.8023e-05 5.18579e-05 6.32743e-05 8.71829e-06 1.43319e-05 2.76604e-05 2.75512e-05 3.07407e-05 9.11583e-07 3.97544e-05 2.35224e-06 1.01165e-06 4.59869e-06 6.73103e-07 8.64045e-06 9.6897e-07 8.55075e-07 1.71093e-06 5.68485e-06 8.52864e-07 5.23363e-07 1.53941e-06 6.27712e-07 4.98082e-07 5.70992e-07 6.49939e-07
0.757024 0.0882112 0.00185161 0.00220675 0.0423816 0.0231991 0.0176895 0.00166416 0.0290147 0.00959337 0.0049487 0.00535785 0.00516273 0.00676102 7.80349e-05 7.98612e-05 0.00274874 0.000813762 4.323e-05 0.000501953 0.00029956 1.6558e-05 5.22238e-05 0.000203088
0.716983 0.137416 0.0138801 0.00926649 0.0491427 0.0162972 0.00173117 0.0118065 0.00372048 0.0181083 0.00358253 0.00458927 0.00896247 0.00155802 6.61155e-05 8.53609e-05 0.000257966 0.00139077 0.000514944
0.671974 0.12627 0.0141628 0.0170595 0.0368885 0.0333146 0.0161901 0.00288917 0.00844673 0.0267473 0.0109818 0.00717222 0.0125119 0.00815119 0.00356134 0.000343316 0.00014288 0.000131711 0.000475091 4.94827e-05 0.00122906 0.00021445 0.000451634 8.32469e-05 0.000104073 2.57727e-05 0.000103633 9.04161e-05 4.25724e-05 1.38783e-05 9.43894e-05 2.78719e-05
0.744101 0.13225 0.0173093 0.0273765 0.0019986 0.0372852 0.00205814 0.0127278 0.00402462 0.0060232 0.00340472 0.00354991 0.00362475 0.00368543 1.58639e-05 0.000158249 0.000129254 9.69363e-05 1.28213e-05 3.29449e-05 2.64805e-06 8.74458e-06 1.98201e-05 3.19086e-05 1.98519e-05 1.28909e-05 5.34742e-06
0.721078 0.00493216 0.0107268 0.0279531 0.128964 0.0422541 0.00602268 0.00934691 0.0108025 0.00454046 0.0197805 0.0019575 0.00246284 0.000693746 0.000608736 0.00152113 0.00452398 0.000296225 0.000600342 2.53062e-05 7.02682e-05 1.56416e-05 1.59381e-06 5.89968e-05 0.000455985 0.000127433
0.732528 0.149517 0.0418666 0.00815892 0.00698911 0.00910498 0.000767742 0.0046777 0.0148774 0.0117585 0.00301231 0.00105573 0.00234217 0.00323558 0.000409484 0.00319853 0.00104818 0.000245302 0.000655817 0.00204912 0.000857104 0.00060667 0.00014979 2.49986e-05 8.45781e-05 8.53281e-05 4.35874e-05 0.000239616 5.07725e-05 4.84632e-05 6.22258e-05 5.62959e-06 2.97883e-05 3.0348e-05 1.63255e-06 1.06303e-05 6.68355e-05 6.71947e-06 8.93908e-06 5.08635e-06 7.21859e-05
0.759442 0.0342432 0.0885019 0.00883834 0.0146402 0.00727578 0.0188609 0.0175681 0.0243231 0.00917355 0.00637423 0.000788964 0.00251017 0.00258884 0.00163662 0.00159535 0.000145253 2.94739e-05 0.000516152 9.69587e-05 6.65014e-05 0.000311576 3.56257e-05 0.00011255 1.10089e-05 0.000110606
0.729533 0.0423922 0.109066 0.0126396 0.0314929 0.0101576 0.00498631 0.00218854 0.0184416 0.00823609 0.00752639 0.000798557 0.00710281 0.00419856 0.00297693 0.00314654 0.00251884 0.000714719 4.56228e-05 0.000110399 0.00104649 3.79689e-05 0.000177095 0.000164734 6.47944e-05 2.57927e-05 1.08847e-05 2.65844e-05 1.74964e-05 1.74484e-05 9.91e-06 4.43728e-06 1.42185e-05 2.5218e-06 3.36144e-06 1.6224e-05 6.97488e-06 1.31113e-05 2.18201e-05
0.738077 0.0521136 0.00477826 0.0231899 0.105683 0.00768593 0.0147505 0.00608637 0.00322193 0.0165538 0.000608012 0.0077912 0.00260581 0.00634697 6.33732e-05 0.000827609 0.00268198 0.00171105 0.00324978 0.000503216 0.00020681 8.20145e-05 4.91423e-05 5.88622e-05 7.22012e-05 8.79435e-05 1.0384e-05 0.000314182 7.89206e-05 2.57073e-06 3.28849e-05 1.14966e-05 0.000137995 1.88976e-05 3.44967e-05 6.75962e-05 1.45065e-05 1.1045e-05 9.98113e-06 3.98829e-05 8.87839e-07 1.14298e-05 7.29112e-05 1.17226e-05 5.55386e-06 3.49353e-06 9.05073e-06 8.00079e-06
0.705565 0.00560742 0.122289 0.0300629 0.0334078 0.038537 0.0149638 0.0102064 0.00486095 0.00656951 0.00923555 0.00757774 0.00374832 0.00429117 0.000155717 0.000350457 0.000370205 0.000574305 0.000333926 4.36803e-05 0.000808477 8.89179e-05 7.34661e-05 2.66923e-05 2.62769e-06 6.69571e-05 5.31081e-06 0.000110173 4.53696e-07 8.61631e-07 4.34393e-05
0.732387 0.147839 0.00648006 0.0399681 0.00708058 0.0106067 0.0052367 0.0213919 0.00461812 0.0055024 0.00881176 0.00357024 0.000472732 0.00363713 1.26458e-05 0.000124421 0.000491867 0.000371174 9.74617e-05 0.000338205 0.000489109 6.99653e-06 3.88591e-05 0.000188321 8.8878e-07 1.70503e-05 4.79596e-05 4.49246e-05 6.57746e-05 4.10497e-06 7.59632e-06 5.00162e-06 2.43137e-05
0.731008 0.0935316 0.0594276 0.00499708 0.00489451 0.00237355 0.0154626 0.0140265 0.0212187 0.00643967 0.00697528 0.0130897 0.00496908 0.00840115 0.00545482 0.00301403 0.00130277 0.000576482 0.000919101 0.00029801 0.000114442 0.000509398 0.000159673 0.000427712 9.28027e-06 6.09506e-05 0.000161272
0.740605 0.102646 0.0330868 0.0471595 0.00974024 0.00828503 0.00104647 0.00773552 0.0137901 0.000511174 0.00707849 0.00964435 0.00749807 0.00127785 0.00351634 0.000309394 0.000208386 0.000602071 0.000265646 0.00227749 0.000480248 0.000460096 0.000183009 0.00063012 0.000275015 5.73487e-06 0.000123452 0.000136646 0.000129698 5.2094e-05 1.42221e-05 1.62946e-05 8.66755e-05 1.17224e-05 3.57793e-05 2.089e-05
0.707475 0.139953 0.0440857 0.0130805 0.0366516 0.0112379 0.00888005 0.00935626 0.00193477 0.00278726 0.0061204 0.00733321 0.00315744 0.00272484 0.000482032 0.000426788 0.000240169 0.00235253 0.000196029 0.000312033 5.48446e-05 5.59254e-05 0.000105934 0.000374119 7.6341e-05 0.000197458 9.87246e-05 3.69724e-05 7.7484e-05 5.85585e-05 4.08262e-06 1.75746e-06 2.07928e-05 1.16243e-05 6.40504e-06 1.08903e-06 7.62661e-06 6.47195e-06 1.77307e-06 6.76204e-07 2.61392e-06 1.69673e-06 1.63936e-06 4.79327e-06
0.703497 0.13584 0.0476161 0.0128008 0.0140319 0.006128 0.0118668 0.0100143 0.0165665 0.013912 0.0112538 0.00778795 0.00294074 0.00141991 0.0012913 0.000325946 0.00121402 2.90496e-05 0.000319108
0.694752 0.145595 0.0294288 0.00877169 0.0396155 0.00658648 0.00102639 0.0100165 0.00666637 0.0112955 0.00460986 0.00808771 0.0183226 0.00795916 0.00476551 4.67569e-05 3.63252e-05 8.48156e-05 5.83372e-05 0.000241757 0.000549074 0.000515631 0.000286958 3.20474e-05 0.000416318 7.1067e-05 6.59085e-05 2.63186e-05
0.740535 0.0432873 0.0119078 0.112542 0.00345496 0.0142465 0.00109961 0.016103 0.00437684 0.0125771 0.0164092 0.0014104 0.00802497 0.00433565 0.00167949 0.000945789 0.00165388 0.000905677 4.25382e-06 0.00130347 0.000301221 0.000914225 0.000288927 4.87218e-05 1.92684e-05 0.000337323 4.40158e-06 0.000242513 5.30073e-05 0.000284214 9.70994e-05 7.16706e-06 5.88762e-05 5.35323e-05 7.43818e-05 0.000143602 7.63229e-05 6.3368e-05 4.84027e-05 1.11887e-05 1.31182e-05 6.25904e-07 2.57298e-05
0.720499 0.0248164 0.118183 0.00809307 0.0163741 0.0116303 0.0187882 0.0543116 0.00511151 0.00331068 0.00676475 8.22889e-05 0.00260844 0.00356885 0.00060365 0.000308993 0.00120964 0.000157511 5.59779e-05 0.00156215 0.000821427 4.8193e-05 0.000290971 0.000730724 7.11236e-06 4.9464e-06 8.78073e-06 9.26051e-06 7.3193e-06 1.57452e-06 2.8648e-07 4.09326e-06 1.08892e-07 1.60413e-05
0.73136 0.0410957 0.0986529 0.0441302 0.0267002 0.019958 0.00307131 0.00511448 0.00304818 0.00221653 0.00537208 0.0104422 0.00229933 0.00163498 0.000165256 0.00184598 6.15369e-05 0.000491078 0.00105182 0.00106706 7.96953e-05 1.60684e-05 1.17455e-05 3.06665e-07 1.65126e-05 6.6394e-05 4.36493e-06 9.98164e-06 6.96986e-07 4.56115e-06 4.21371e-06
0.698702 0.072198 0.130221 0.00431046 0.0064501 0.00959758 0.0163063 0.00549058 0.00630564 0.00207154 0.0111247 0.0109015 0.0132343 0.00508729 0.000801783 0.0006833 0.00240728 0.000546104 0.0012626 0.000705871 0.000443806 0.000792311 1.08129e-05 3.94758e-05 1.96167e-06 7.72625e-05
0.682371 0.181048 0.018821 0.00686675 0.0323111 0.00754398 0.00517275 0.00790965 0.00794128 0.00725311 0.0103736 0.00668462 0.0105487 0.00353745 0.00212295 0.000843895 0.000291984 9.90634e-05 0.00197005 0.00461135 0.000179471 7.68504e-05 0.000597874 3.16605e-05 0.000501049 1.92742e-05 4.0918e-06 1.96658e-05 3.3569e-05 6.23686e-07 4.63431e-06 1.09812e-05 2.79137e-05 2.7238e-05 2.86644e-05
0.0187797 0.730691 0.123453 0.0275984 0.0093219 0.00170456 0.00602194 0.00383425 0.0345644 0.0105067 0.00611587 0.0107468 0.00217929 0.000962658 0.00177668 0.00481788 0.000775275 0.00206848 0.000326964 0.00135746 0.000300889 0.000285607 0.000392259 0.000158755 9.65438e-05 0.000398104 0.000190164 5.09475e-05 0.000276338 0.000115091
0.688867 0.00591163 0.154767 0.0347419 0.0160356 0.0138302 0.00667667 0.022214 0.0105689 0.0136413 0.0125126 0.0071133 0.00358475 0.0020384 0.00383257 0.000892203 0.000263294 0.000901259 0.000487155 0.00032783 0.000160131 7.99491e-05 0.00024677 1.28216e-05 1.4561e-05 4.72203e-05 6.89914e-06 7.95443e-05 8.79131e-05
0.0246234 0.736142 0.0996454 0.0361284 0.0158001 0.0481797 0.006635 0.00372755 0.00848358 0.00368459 0.00305054 0.00357353 0.00386987 0.00341069 0.00091289 0.000520206 0.000411403 0.000603142 7.81195e-05
0.111511 0.756466 0.0300323 0.00994095 0.00611447 0.0226149 0.00762387 0.0143767 0.0208029 0.00032412 0.00759168 0.00126716 0.000355422 0.00754084 0.0014635 0.00110623 0.000437846 3.85757e-06 9.57178e-05 0.000105711 3.49764e-05 8.88868e-05
0.718436 0.128576 0.011203 0.00644879 0.0167223 0.0299375 0.0208196 0.0143693 0.00719058 0.00588141 0.00787266 0.0237401 0.00584187 4.90964e-05 3.76127e-05 0.000283726 0.000376431 0.00161277 9.02595e-05 7.69204e-05 3.01515e-05 0.000104877 8.56659e-05 1.85863e-05 6.50471e-05 1.34966e-05 2.80559e-06 2.69267e-05 2.93818e-05 1.58271e-06 7.82204e-06 1.38943e-05 8.2554e-06 6.78068e-06 2.7633e-06 2.26116e-06 5.63746e-07 1.07694e-07 2.02067e-06 2.32759e-06 8.61494e-07 1.0216e-06 2.26581e-06 7.00836e-08 4.09489e-07 8.74335e-08 1.10954e-06
0.77026 0.104273 0.00415256 0.0105496 0.0180181 0.00532022 0.0119073 0.0195481 0.00598042 0.0279587 0.00212954 0.00802216 0.00534341 0.00375402 0.000297751 0.000351282 0.000211144 0.000802042 0.000155007 0.000198181 0.000187198 0.000155136
0.717683 0.119615 0.0444257 0.00939455 0.0382908 0.0105224 0.00136281 0.00850002 0.00715291 0.0104699 0.00160113 0.00505096 0.00700058 0.00875534 0.000896186 0.000731228 0.000532756 0.000630877 0.000377323 0.000906105 0.000530137 0.000574181 0.00263285 0.000114808 0.000469641 1.61454e-06 0.000231661 0.000464142 1.90645e-05 0.000360514 5.67201e-05 4.88237e-05 3.39756e-05 9.07647e-05 0.000329173
0.751397 0.0119998 0.0796087 0.0555866 0.0104883 0.041052 0.00910943 0.00829528 0.00424941 0.00674477 0.00752795 0.00478408 0.00177938 0.00510957 0.000334294 0.000199512 0.000126152 0.000329244 6.76367e-05 0.00041333
0.74405 0.0141751 0.0836528 0.0115176 0.020892 0.0160082 0.0485985 0.0107876 0.00866624 0.00378286 0.00540345 0.0100784 0.00415743 0.00641939 0.00173625 0.000427449 0.00686426 0.000317513 0.000656971 0.000180416 9.04651e-05 0.000187735 0.000175407 0.000128339 0.000118677 0.000379396 6.8702e-05
0.74705 0.0589207 0.00568598 0.0924941 0.0126812 0.017281 0.0191101 0.00738025 0.0115146 0.00433833 0.004672 0.0074859 0.00159693 0.00143879 0.000974495 0.00304714 0.000106486 0.000963478 0.0007178 0.000200355 0.000633055 6.91586e-05 1.6248e-05 3.87265e-06 0.000263462 0.000485709 0.000286525 1.33729e-05 6.37414e-05 7.36912e-05 8.89881e-05
0.714591 0.00461948 0.00516241 0.00531754 0.123768 0.00847385 0.0533864 0.00848745 0.0447256 0.00419754 0.00377248 0.00785914 0.00839325 0.00329226 0.000443713 0.000379173 0.000573836 0.000482782 7.68494e-05 0.000282799 0.000488136 0.000394818 0.000196362 0.000168518 5.54967e-05 0.000104795
0.744813 0.109569 0.00762878 0.0464921 0.0100175 0.00739873 0.0061974 0.0378768 0.00939041 0.00839918 0.00336195 0.000889802 0.0017334 0.00445927 0.000662341 0.000436029 5.05565e-05 8.75164e-05 7.2035e-05 0.000243327 1.17502e-05 2.30634e-05 6.4604e-05 1.57625e-05 1.59497e-05 3.1701e-05
0.73539 0.103557 0.0412333 0.0204455 0.0200471 0.0188503 0.00310555 0.0156942 0.00272861 0.0101078 0.00247785 0.0121632 0.00795689 0.00221586 0.000711386 0.0015424 0.000123123 0.000504747 4.92978e-05 0.000206857 0.00044043 0.000171484 2.2706e-05 6.82436e-05 5.30694e-07 0.000145134
0.735065 0.0624598 0.101407 0.00411316 0.0295735 0.00738601 0.0115048 0.00746066 0.0054854 0.00530396 0.00170977 0.00240864 0.00575321 0.00113426 0.000716271 0.0018788 0.0116952 2.24781e-05 0.000501016 0.00137801 0.000253661 0.000616313 0.0003439 0.000882457 3.67939e-05 0.000228188 0.000348365
0.754737 0.0254642 0.123623 0.0306837 0.0140116 0.0123373 0.00396512 0.0105593 0.00377874 0.00763499 0.00345777 0.00151201 0.00151234 0.00230437 0.00239312 6.92375e-05 2.87402e-05 0.000572603 0.000318726 0.000455457 4.80125e-05 2.70017e-05 1.66753e-05 3.42201e-05 6.0735e-05 0.000271535 6.3889e-06
0.74404 0.0146579 0.0309088 0.0853669 0.0289881 0.0180451 0.00335001 0.017025 0.00976555 0.0100624 0.000786918 0.00842057 0.00773048 0.00982637 0.00115532 0.000716461 0.000439125 0.00137654 0.00348341 0.0012366 0.000561308 9.57654e-05 0.000210767 6.02563e-05 0.000385955 9.25711e-05 0.000452077 9.79411e-06 1.40069e-05 0.000123871 0.000135184 0.000123558
0.7444 0.117311 0.042334 0.0275087 0.019024 0.00391301 0.00725567 0.0121422 0.00225365 0.0028387 0.00331643 0.00329801 0.000133981 0.00364359 0.00329162 0.00170987 0.000629842 0.000336671 0.00164462 0.000490495 0.000335985 0.000188678 4.55664e-06 0.000774011 0.000232933 0.000571857 5.31222e-05 7.47998e-05 2.23135e-05 9.14043e-06 6.42643e-06 1.22498e-05 9.73476e-05 3.49751e-05 3.85908e-05 3.37121e-05 6.79973e-06 2.05676e-06 3.71692e-06 1.56486e-06 7.8823e-07 6.24373e-06
0.728391 0.0265287 0.120027 0.00642391 0.0385155 0.0118851 0.00736336 0.00566258 0.023136 0.00388366 0.0129203 0.00446681 0.00137139 0.00143519 0.000723776 0.000360342 0.00451089 0.000696645 0.000156273 0.000216191 0.000685739 2.93036e-05 8.97065e-05 0.000175963 6.44159e-06 6.56318e-05 0.000101539 8.20933e-05 8.42082e-06 1.55662e-06 6.17071e-07 6.99085e-06 1.03708e-05
0.764619 0.00645985 0.129693 0.00332859 0.0118518 0.0137785 0.00333641 0.03268 0.00352545 0.00221611 0.00381314 0.0124334 0.00274666 0.00186379 0.00219428 0.000732553 0.00131362 0.00110356 0.000537023 0.000217944 0.000306552 2.01292e-05 0.000226693 0.000406938 0.000175469
0.734478 0.00169351 0.0668603 0.116768 0.00521961 0.00195557 0.0072405 0.0340844 0.0101514 0.00295377 0.00286202 0.00798825 0.00212852 0.00245737 8.86021e-05 0.00037599 0.00179686 0.000378068 0.000134907 8.11094e-05 1.50493e-05 1.89258e-08 1.52832e-05 0.000134476 6.11624e-05 1.66627e-06 1.59304e-06 9.09742e-06 8.36668e-06 1.44087e-05 8.39704e-06 6.40339e-06 5.55177e-06 8.89042e-07 6.27848e-07 1.38518e-06 4.87419e-06
0.671839 0.131764 0.0163508 0.00637007 0.0373788 0.0204191 0.0119152 0.00187264 0.0238507 0.0390093 0.0118159 0.00771587 0.00482404 0.0124999 0.000621443 0.000275152 0.000451564 0.000190808 1.65114e-05 7.60872e-05 0.0001206 3.45811e-05 0.000149998 6.99228e-05 5.13125e-05
0.756754 0.104468 0.0332931 0.0132981 0.018583 0.0356337 0.00428245 0.000999227 0.00196837 0.0023389 0.0165946 0.000684834 0.00333248 0.00109114 0.000401401 0.00042154 0.000546531 0.000245126 0.00127804 0.00172456 0.000354266 0.000255216 2.794e-05 0.000411226 1.94796e-06 0.000258178 3.05832e-05 0.000299402 9.09219e-05 0.000109825 8.49124e-06 8.91102e-05 6.59738e-05
0.702178 0.124743 0.0465347 0.0170761 0.00407638 0.0341863 0.0142299 0.00907515 0.00883388 0.00434254 0.016731 0.010577 0.00186371 0.000779891 0.000393038 0.000508568 0.00102813 1.50726e-05 0.00100063 0.000400858 0.000244495 3.23657e-05 0.000114076 3.18141e-05 0.000354535 0.000228179 5.37387e-05 0.000103978 0.000110524 1.39269e-05 4.86221e-05 2.31414e-05 9.48955e-06 2.20198e-05
0.784826 0.0643427 0.0427777 0.0181869 0.0124989 0.00168598 0.0114244 0.0055317 0.00677462 0.0135717 0.0218897 0.00447617 0.00292352 0.00398171 0.00104177 0.000633914 0.00118948 0.000438951 0.000124843 0.000605962 0.000118595 8.25629e-06 0.000263939 9.02523e-05 8.00335e-06 0.000122683 1.23345e-05 0.000298186
0.751398 0.0923996 0.0392999 0.000851355 0.0248933 0.0338328 0.00469821 0.00350976 0.00636303 0.00975267 0.00228244 0.0106842 0.00475212 0.00609344 0.000826828 0.0011272 0.00166418 0.0021607 0.00045804 0.000602872 0.000216907 0.000595559 0.000119611 0.000411637 6.791e-05 0.000524722 0.000130853 6.46502e-05 5.95858e-06 3.75072e-05 3.78272e-06 5.16545e-05 3.56002e-05 3.24333e-05 8.77254e-06 5.47878e-06 2.43075e-05 3.27226e-06
0.691917 0.158793 0.0232279 0.012885 0.00149649 0.0186827 0.0500954 0.0223959 0.00656569 0.00444283 0.0022779 0.00163872 0.00290737 0.00114052 0.000502599 0.00028435 6.86229e-05 4.08761e-05 0.000346219
0.7461 0.0289752 0.127238 0.0145293 0.00852981 0.0116858 0.0113713 0.0163753 0.00228478 0.00570338 0.000510201 0.0042562 0.00762858 0.00353142 0.00322941 0.000209627 0.00239411 0.0018401 0.000387118 0.00107455 0.00041084 0.000422263 0.000468409 3.14055e-05 8.85814e-05 3.71362e-05 0.000216372 4.23199e-06 2.24781e-05 0.000145233 0.000120087 1.35388e-05 4.88143e-06 2.08799e-05 2.79751e-05
0.689682 0.0206639 0.161878 0.0305235 0.0205885 0.00664481 0.0139583 0.00429655 0.00568853 0.00188753 0.0146225 0.0034313 0.0168505 0.00238776 0.00119162 0.00130385 5.40428e-05 0.00138371 0.00124546 0.000646747 0.000428552 8.38203e-05 0.000286416
0.722546 0.145136 0.027872 0.0180993 0.0154494 0.00890482 0.00696713 0.0149195 0.00796818 0.00908057 0.00461174 0.00393539 0.00538995 0.00365669 0.00142966 0.000531765 0.00010732 0.00051843 8.83551e-05 0.000896302 0.00041344 3.20718e-05 0.000165119 0.000465512 0.000557699
0.740573 0.000386504 0.106072 0.00824275 0.0119723 0.0144887 0.0353539 0.036824 0.0136272 0.00910278 0.00390313 0.00347314 0.00129946 0.00428325 0.000846183 0.00390613 0.000284435 0.00149605 0.000461632 0.000721105 0.00155301 0.000210668 0.000177785 8.13591e-05 1.43523e-05 6.94234e-06 4.86487e-05 6.21816e-05 6.06908e-05 0.000263083 9.44138e-05 3.81127e-06 4.3499e-06
0.720298 0.103762 0.0282012 0.0183304 0.0418664 0.0130866 0.0108958 0.00649829 0.00987271 0.00817248 0.00673619 0.0114928 0.00398906 0.010576 0.000922757 0.00187354 0.000144857 0.000109985 4.44537e-05 0.00034613 0.000491416 6.75394e-05 0.000363963 0.000394764 0.000133328 0.000482121 0.000534014
0.768305 0.0912651 0.0462247 0.00534151 0.00985872 0.0170447 0.00232454 0.010698 0.00547323 0.00669677 0.0061718 0.0106886 0.0054759 0.00738189 0.0021591 0.00170119 0.000627301 0.000351404 0.00018186 0.000249885 8.2162e-05 0.000217682 0.000503461 5.58684e-05 9.45471e-05 7.03431e-05 1.80462e-05 0.000205588 7.59888e-05 6.00346e-06 0.000189412 6.67542e-05
0.664702 0.121301 0.00872185 0.0360433 0.0108387 0.0180743 0.00514705 0.0657482 0.00826966 0.0106685 0.0100679 0.00570317 0.00303411 0.0201681 0.000481582 0.000891985 0.00262679 0.000188916 0.00278519 0.00107169 0.00139044 8.07644e-07 0.000105926 0.000147219 0.0010019 0.000235643
0.691082 0.142243 0.0255697 0.0133243 0.0489948 0.0254946 0.0178855 0.00790935 0.00747754 0.00218964 0.00373723 0.0019757 0.004753 0.00459922 0.00154689 0.00039823 0.000128623 0.000224902
0.690271 0.0203472 0.145667 0.0111341 0.00436897 0.0102578 0.0315583 0.012922 0.00172348 0.027145 0.0106703 0.00463706 0.00240113 0.0177756 0.00169145 0.00370812 0.000340841 5.17652e-05 0.000780382 0.000645919 0.00104496
0.708349 0.0584885 0.141352 0.0278803 0.0081252 0.00959975 0.005878 0.00312501 0.00327898 0.00259715 0.0134093 0.00370011 0.00601203 0.00223099 0.000784985 0.00264562 0.000288099 0.000481631 0.000948941 0.000125051 7.14116e-05 0.000278388
0.719206 0.046102 0.117108 0.0164988 0.0058212 0.0221877 0.0169267 0.0122865 0.0108542 0.00230937 0.00833883 0.00251666 0.00238319 0.00513622 0.00259424 0.0015 0.000830241 0.000699521 0.00149299 3.55013e-05 0.000237254 0.000242912 7.8425e-05 0.00194387 0.000391274 0.000236673 0.000188533 0.000647485 3.44291e-05 0.000487742 3.57103e-05 1.96039e-05 0.000143977 6.58771e-05 4.71354e-05 0.000101177 0.000138293 1.54949e-05 1.63474e-05 5.9874e-06 1.00581e-05 7.03557e-06 2.33424e-05 2.34634e-05 6.55355e-06 1.54256e-07 1.48722e-06 4.89e-07 3.47145e-06 2.60502e-06 1.91312e-06 1.16119e-06 2.6883e-07 2.92813e-06 8.31899e-07 1.45311e-06 5.19958e-07 1.39042e-07 1.68861e-06 3.75325e-07 2.89549e-07 9.96059e-07
0.728026 0.00503586 0.120087 0.0421927 0.0184173 0.0156898 0.00338436 0.0138996 0.0252679 0.00286544 0.00290187 0.00508938 0.00986282 0.00168521 0.000258716 0.000771505 0.000185586 0.000615255 0.00255438 7.45491e-05 0.000171694 0.00035777 6.70118e-05 0.000147134 7.54816e-05 1.75267e-07 8.83574e-05 7.20514e-05 4.76014e-05 6.47268e-05 7.03262e-06 1.86538e-05
0.728592 0.0110507 0.122348 0.0393035 0.0397356 0.00581639 0.00379185 0.0125793 0.00465021 0.00707248 0.00526504 0.00462634 0.00221389 0.00291403 0.0020385 0.00293179 0.000614304 0.00217551 0.000693004 0.000402343 3.27582e-05 0.000349006 8.96668e-06 0.000310299 4.59261e-05 0.000102554 1.62583e-05 4.52373e-05 3.83204e-05 6.29758e-05 4.81387e-05 9.76576e-06 3.46731e-06 4.11655e-07 3.33157e-05
0.706503 0.133813 0.00808732 0.0318853 0.0146798 0.0333882 0.00671758 0.00827313 0.0106301 0.00782594 0.0121546 0.00586871 0.00688776 0.00518046 0.00112543 0.00119697 0.00296642 0.0015399 0.000295155 7.9729e-05 2.00131e-05 0.000458778 2.05e-06 4.43975e-05 2.1483e-05 0.000148829 4.66841e-07 2.79665e-05 6.93038e-05
0.117214 0.698546 0.00801752 0.0201273 0.0356759 0.000834537 0.00282971 0.0533168 0.0192273 0.0153625 0.0108343 0.00533837 0.00577036 0.00151914 0.00101017 0.00133789 0.000154672 0.00091612 0.000469988 0.000322862 0.000349376 3.31985e-05 6.10613e-05 6.50286e-05 0.000100175 0.000106226 4.98329e-05 0.000100381 5.65756e-05
0.675163 0.0096424 0.00570657 0.154936 0.0225869 0.006438 0.0167822 0.00449318 0.0402554 0.0261333 0.00459692 0.0114815 0.0127647 0.00376205 0.000211642 0.00231998 0.000930276 0.000358491 0.00034741 7.2949e-05 0.000188462 0.000116959 0.000245058 8.55522e-05 1.63408e-05 8.40282e-06 1.77902e-05
0.697322 0.0137839 0.137023 0.0185768 0.0524252 0.0131836 0.0137138 0.00381704 0.0233238 0.00235925 0.00746024 0.00206918 0.00436583 0.00723085 0.000211491 0.000418052 7.91907e-05 0.0002757 0.000452404 0.000275751 0.000346101 0.000399396 3.32877e-05 0.000121156
0.783738 0.090435 0.0154718 0.0561308 0.0127633 0.00918325 0.00659198 0.000747603 0.00327433 0.00462555 0.00417236 0.00449199 0.00224822 0.00226672 0.000145432 4.0046e-05 0.00185277 0.0001146 3.1518e-05 0.000240605 5.21639e-05 9.46272e-05 0.000654582 9.72458e-05 3.67278e-05 0.000143265 3.3346e-05 2.62907e-05 3.93895e-05 5.06501e-05 2.05744e-05 3.17871e-05 4.73839e-05 3.29473e-05 2.60546e-06 2.56585e-06
0.099577 0.738281 0.0200063 0.032197 0.00977277 0.0045241 0.0299186 0.0184317 0.00422718 0.00380197 0.0108545 0.00405156 0.00542036 0.00923629 0.00198994 0.00042694 0.0012677 0.00163081 0.000416693 0.000735531 0.000371359 0.000122052 0.000749983 0.000363449 0.000185326 2.44256e-05 0.000154302 0.000302147 0.000151378 7.30709e-05 0.000215375 1.81855e-05 1.44335e-05 3.20991e-05 0.000120374 1.3985e-05 6.92347e-05 7.42436e-05 3.06142e-05 2.63016e-05 4.48335e-05 3.46064e-06 1.43288e-05 9.99733e-07 4.87261e-06 1.74838e-06 9.1326e-06 5.25492e-06 6.98303e-06 3.52926e-06 5.02097e-06 6.73724e-07 1.85389e-06 6.78387e-06 6.87025e-07 2.72363e-06 9.15075e-07 4.94364e-07 4.48083e-07 4.63411e-07 1.03245e-06 1.21903e-06 1.20988e-07 4.18733e-07 3.61118e-07 8.34253e-07
0.687646 0.0181783 0.110035 0.0511922 0.0070085 0.00986404 0.0370771 0.0161348 0.00568098 0.00120303 0.0123153 0.0070186 0.0146425 0.017108 0.000483865 0.000180362 0.00216475 0.00106352 3.11907e-05 7.22982e-06 0.000161642 0.000177695 1.84679e-05 7.63547e-05 1.45064e-05 0.000139787 0.000105913 5.35314e-05
0.725891 0.105601 0.006313 0.0334002 0.00400009 0.00381367 0.0199708 0.0335185 0.00584721 0.014346 0.0033494 0.0120091 0.00319651 0.0111418 0.00121313 0.00239744 0.00580841 0.000965781 0.000599111 0.00212499 0.00160555 0.00110072 0.000584473 0.00021424 0.000380246 4.84692e-05 0.000199009 3.47915e-06 4.37325e-05 7.09214e-05
0.739454 0.110985 0.0511532 0.0333012 0.00564512 0.00816701 0.00777514 0.00961239 0.00778744 0.00660221 0.00267722 0.00456077 0.00303764 0.00645935 0.00142654 5.31428e-05 2.64366e-05 0.00068579 0.000290304
0.760302 0.0168591 0.125779 0.00629642 0.036561 0.0172314 0.00747487 0.0119963 0.00180877 0.00292292 0.00146241 0.000702453 0.00736783 0.000923189 0.000894962 0.000197932 5.57348e-05 0.000151732 0.000136462 0.000404774 0.000197531 6.07447e-05 1.99075e-05 0.000134944 1.16925e-05 6.66414e-06 6.88534e-06 5.81612e-06 1.71696e-05
0.7715 0.0394504 0.053563 0.00568641 0.0265286 0.0443969 0.0245465 0.006535 0.00829873 0.00465902 0.0064637 0.0026737 0.000288935 0.000865477 0.000180777 0.00297504 0.000534845 1.17852e-05 0.000226638 0.000108204 0.000179495 0.000115121 3.78556e-05 4.2623e-05 1.32562e-05 3.99388e-06 4.36165e-06 2.41733e-06 1.94931e-05 3.17354e-06 5.70636e-06 4.24182e-06 5.1241e-05 2.10667e-06 1.01709e-06 5.2983e-06 1.17862e-06 2.68435e-06 2.71225e-06
0.709248 0.118674 0.0313321 0.0405506 0.027539 0.00604046 0.0216232 0.00440025 0.00877107 0.0103735 0.00102395 0.0129767 0.0045109 0.000477313 0.000222407 6.06829e-06 0.000179753 0.00156988 0.000233962 2.88688e-06 3.03061e-05 3.40738e-05 6.26358e-05 1.55792e-05 4.29049e-06 6.42183e-05
0.751893 0.0191524 0.113143 0.0240918 0.0361624 0.00427662 0.00635959 0.0135722 0.00702907 0.00576466 0.0107838 0.00100562 0.000973688 0.0010272 0.00227617 2.54956e-05 0.000556134 0.000848594 0.000301959 6.52542e-05 0.000168807 7.69892e-05 3.22746e-05 5.95837e-06 5.80745e-05 0.000102797 0.000171414
0.72439 0.0400627 0.132188 0.0145075 0.0126009 0.0374452 0.00777867 0.0119929 0.00253966 0.00638551 0.00105378 0.00118544 0.00152614 0.00132916 0.000929007 0.000550839 0.00113674 0.000360552 0.000181427 0.000377302 8.00043e-05 0.000632165 0.000262529 0.000211237 9.03131e-06 5.76559e-06 7.45852e-05
0.707793 0.114334 0.0395265 0.0174756 0.00285009 0.0570932 0.0213604 0.0197684 0.00254285 0.00315915 0.00335468 0.00399511 0.000403854 0.000631992 0.000734172 0.000462268 0.00062131 0.000291525 3.52293e-05 0.0012852 0.000401473 0.000190562 0.000343083 7.05298e-05 6.80915e-05 0.000249889 0.000276772 1.80563e-05 1.60501e-05 1.4038e-05 5.45047e-06 0.000273927 8.44153e-05
0.737443 0.0994882 0.0114653 0.0359876 0.0395546 0.0108115 0.00716711 0.00929181 0.0043703 0.00910221 0.0108397 0.0124109 0.000928502 0.00408255 0.00175564 0.00174504 0.00152142 0.000365544 7.87371e-05 0.00130282 9.56059e-05
0.746349 0.0309894 0.128082 0.00398142 0.00423455 0.0044903 0.00473775 0.0299536 0.00276635 0.0109588 0.00721943 0.0102997 0.00461919 0.00101347 0.00145995 0.00124941 0.00277299 0.00127665 0.000226715 0.000158115 0.000854051 4.17711e-05 0.000136453 0.000359888 0.000195817 0.00045736 0.000271011 0.00023269 8.38065e-05 0.000191725
0.718938 0.124019 0.0141685 0.00481861 0.0265585 0.00836638 0.00692139 0.00247911 0.0385967 0.0144185 0.0109939 0.00833369 0.00772336 0.000533677 0.00472674 0.000487314 0.0014664 3.18659e-05 7.64589e-05 0.00386136 0.000404277 0.000808413 0.000205872 8.19732e-05 3.83906e-06 0.000234725 0.000111396 0.000110385 1.82521e-05 0.0001743 1.60776e-05 0.000123133 6.57168e-06 4.80047e-05 2.61729e-05 1.43298e-05 2.57053e-06 5.35013e-07 7.85103e-06
0.720149 0.115918 0.00876432 0.00890283 0.00313091 0.0125248 0.0436274 0.0471427 0.00613756 0.00445407 0.00726857 0.00314708 0.0107192 0.00394435 0.000749248 0.000942798 5.3526e-05 0.000553385 0.000164911 0.000323852 0.000478757 0.000237887 1.36457e-06 0.00024802 3.16508e-05 1.84909e-05 0.000211011
0.0119195 0.769158 0.0407524 0.0263942 0.0134694 0.00749182 0.0771292 0.00438355 0.0123047 0.00730657 0.00949139 0.0148285 0.000368057 0.00150301 3.99326e-05 0.0018091 0.000415716 2.19446e-05 0.000332288 0.000105177 0.000108391 3.43749e-05 1.512e-05 8.98617e-05 9.71017e-07 5.02263e-05 0.000103284 0.000148551 5.34749e-05 1.262e-06 2.32596e-05 2.89509e-05 2.09521e-05 1.52721e-05
0.701547 0.115576 0.00720905 0.0335353 0.048124 0.0047828 0.00488579 0.00313964 0.0158383 0.00533362 0.00578947 0.00176724 0.00246509 0.0169565 0.00192447 0.00454354 0.00272497 0.00465336 0.0129246 9.38328e-05 0.000442567 0.00100852 0.00126041 0.00158502 0.000415798 0.00018403 0.00015235 5.98923e-05 0.000426375 0.000120285 0.000214816 6.18292e-06 8.50528e-05 4.24181e-05 1.04381e-06 6.62139e-05
0.712733 0.0237436 0.00385017 0.0685251 0.00649746 0.130097 0.00216172 0.0192518 0.0092528 0.00514305 0.00702517 0.00221569 0.00082909 0.00583394 7.21043e-05 0.000367664 0.000344739 0.000329931 1.85263e-05 0.000367877 0.000271316 8.20437e-05 0.000537969 3.16687e-05 0.000225909
0.711845 0.124765 0.0391135 0.00405629 0.00862439 0.00996638 0.0180198 0.00968453 0.00433192 0.0238241 0.0104804 0.00201419 0.0111354 0.000343344 0.00692265 0.0029317 0.0038892 0.000487155 0.00260606 0.00168038 8.42093e-05 0.00100364 0.000279867 0.000208364 0.000378439 0.000908778 7.15151e-05 0.000166839 1.26658e-05 1.38557e-05 9.26584e-05
0.678638 0.0410795 0.068754 0.12566 0.00724371 0.0121699 0.00763253 0.00460772 0.00995778 0.00703024 0.00840893 0.00666462 0.00513508 0.00654341 0.00312614 0.00122858 0.00147847 0.0015323 0.00155121 0.000577767 0.000321253 0.00023776 3.79195e-05 1.84477e-05 0.000184564
0.747014 0.10257 0.00672729 0.00550195 0.00570734 0.0378926 0.00527728 0.0293904 0.0141089 0.00846203 0.0020641 0.00787979 0.00690009 0.014446 0.000511872 0.000998231 0.000177142 0.00163642 0.000673562 0.00070711 1.58229e-05 4.21442e-05 0.000694622 6.19353e-05 6.65991e-05 0.000172188
0.704847 0.0207287 0.0467107 0.047817 0.104118 0.0126021 0.0100952 0.0104663 0.00259382 0.0140677 0.00892311 0.00453351 0.00515607 0.00350874 0.000489958 0.000968451 0.000431613 0.000208667 0.000484432 0.000558427 0.000116546 1.28606e-05 0.000234942 4.6843e-06 1.9405e-06 1.74553e-05 0.000141855 4.2946e-05 2.24951e-05 3.40224e-05 2.01101e-06 4.70441e-06 1.19679e-05 1.86285e-05 4.0804e-06 5.32512e-07 5.14579e-06 2.94607e-06 5.54086e-06 1.50199e-07 1.21081e-06 1.14732e-07 7.25981e-07 4.56309e-07 1.5383e-07 6.46079e-07 7.05767e-07 1.27244e-07 4.27087e-07 1.0588e-07 4.19162e-07
0.735778 0.109748 0.0226197 0.0143064 0.0107175 0.0479147 0.00503079 0.00406603 0.00196042 0.00279857 0.0103577 0.00596907 0.0155906 0.00786535 0.00290515 0.000636247 0.000120064 1.20528e-05 9.85925e-05 0.000203161 0.00051599 4.86656e-05 0.000405633 0.00010597 3.80397e-07 1.62209e-05 4.67847e-06 1.08918e-05 4.96358e-05 5.49677e-05
0.736881 0.113956 0.0133015 0.0335872 0.00908234 0.0021272 0.0341221 0.00476284 0.00218518 0.0100467 0.00847284 0.00399778 0.0101483 0.0118363 0.000727046 0.00181506 0.00117344 0.000281984 1.27385e-05 0.000154046 0.000116605 0.000351108 0.000190469 4.83329e-06 0.000207685 0.00011894 1.32023e-06 3.0238e-05 3.21618e-05 7.69499e-05 7.29478e-08 2.04518e-05 9.73972e-05 3.25308e-06 1.03505e-05 4.23568e-06 1.30095e-05 4.70471e-06 2.8886e-06 1.84411e-06 8.13065e-06
0.689227 0.0113668 0.0136553 0.0458253 0.0216195 0.00785492 0.137639 0.0104637 0.0139363 0.0102191 0.00458369 0.0172118 0.00946137 0.00144726 0.00140675 9.09007e-05 4.90312e-05 0.00156999 0.000678217 0.000321849 0.000627891 0.000160089 4.55389e-05 5.63611e-06 0.000145312 0.000112727
0.113745 0.741992 0.00399262 0.0106959 0.00426809 0.00489267 0.020434 0.0150565 0.0423347 0.0042589 0.00559213 0.00135296 0.0173269 0.00521191 0.000692001 0.0007253 0.000898965 0.00404535 0.000180887 0.000101681 0.000265232 0.000640279 0.000283288 0.000497691 6.98342e-05 0.000114142 7.731e-05 5.99183e-05 6.47293e-05 3.18652e-05 3.37726e-05
0.775662 0.0765274 0.0236821 0.0489029 0.00356594 0.00271893 0.029909 0.0100365 0.00285898 0.00325671 0.00667677 0.00275926 0.00364646 0.00348547 0.000920179 0.00220841 0.00112727 0.000610956 0.000140839 3.43948e-05 0.000474595 0.00024598 1.19771e-05 9.55887e-05 6.91426e-05 9.45781e-05 7.98826e-05 1.89276e-05 4.77463e-05 2.87298e-05 1.43217e-05 3.73603e-06 4.82052e-06 1.46487e-05 2.72883e-06 9.4527e-06 3.28246e-06 8.96311e-07 1.40183e-06 4.7674e-06 1.81729e-06 5.65809e-07 2.4302e-06 1.07477e-06 6.11718e-06 1.0935e-06 1.73768e-06 3.09464e-06 9.37039e-06
0.728428 0.117437 0.038799 0.0330296 0.00398511 0.000734336 0.0168794 0.00244548 0.0049898 0.0185923 0.00500328 0.00334668 0.00707288 0.00172184 0.00317926 0.000826746 0.00301791 0.000289581 0.00226713 0.00140716 0.00158115 0.00133141 1.4256e-05 7.88951e-05 0.000203104 0.00013621 0.000821968 0.00051102 0.000159924 0.000307715 0.000428072 0.000647066 0.000118322
0.724337 0.104258 0.0542283 0.00798524 0.0295191 0.0158273 0.0158375 0.00509977 0.00291612 0.00689226 0.00446778 0.00413176 0.00216198 0.0102612 0.000348939 0.00437421 0.00413074 3.16507e-06 0.000474939 0.000209114 0.000374807 0.000308153 0.000601614 0.000268327 0.000121893 0.000204792 0.000259638 1.33562e-05 0.000163185 4.55147e-05 2.35353e-05 7.50007e-06 8.93738e-06 2.96883e-05 1.48052e-05 9.20981e-06 1.88598e-05 1.48347e-05
0.0244288 0.685092 0.161531 0.0315375 0.011456 0.0277059 0.0140081 0.00358021 0.00658643 0.011797 0.00401133 0.0040922 0.00500654 0.00144479 0.000900872 0.0014079 0.0017037 0.000172164 0.000468692 0.000171037 0.000150905 0.000151314 0.00117454 0.000355542 0.000371172 0.000110403 7.53556e-05 0.000165865 3.20749e-05 5.35406e-05 0.000143966 6.95925e-05
0.719997 0.110175 0.0617714 0.0430042 0.0039162 0.018265 0.00226688 0.0104587 0.0107766 0.00145313 0.00198556 0.00387329 0.00360225 0.00126161 0.00134291 0.000831845 0.000353679 0.00318078 8.96694e-05 0.000515611 0.000235026 0.000516414
0.724909 0.0960145 0.0250834 0.038141 0.00686475 0.0159846 0.00822842 0.0143361 0.0170445 0.00283228 0.0085942 0.021125 0.00417479 0.0013375 0.00205823 0.00364298 0.00271298 0.000428392 0.000742442 1.93639e-05 0.000953985 0.00157501 0.0014942 0.000661641 0.000250887 7.1329e-05 0.000531284
0.698651 0.0223953 0.103975 0.0180543 0.0452956 0.00613958 0.0108549 0.0274407 0.0115173 0.00703962 0.00883848 0.00594641 0.0186784 0.00653803 0.00297296 0.000526714 0.000819784 0.00148116 0.000487067 0.000497603 0.00034573 0.000347854 0.000244708 6.72063e-05 4.16918e-05 9.36029e-05 1.74748e-06 3.09008e-05 2.09422e-05 0.000204952 0.000189587 3.29767e-05 2.93347e-06 1.2867e-05 3.25463e-05 3.84462e-05 4.356e-05 1.34249e-05 1.48761e-06 3.3417e-05 1.41809e-05 8.69832e-06 3.86843e-06 5.94533e-06 8.52385e-06 1.60084e-06 1.04755e-06 1.74635e-06
0.12021 0.710322 0.03783 0.00542237 0.00854265 0.00876859 0.0466486 0.0124963 0.00291766 0.0125143 0.00834495 0.00914739 0.0028121 0.00573499 0.000920019 0.00167044 0.00137931 0.00180835 0.000365719 4.67115e-05 4.52889e-05 0.000246629 0.000346664 0.000416847 0.000435025 0.000116274 7.28134e-05 5.62044e-05 2.35803e-05 6.97998e-06 8.12719e-05 0.000108672 1.74047e-05 7.07922e-07 6.08501e-05 3.03174e-05
0.70627 0.00838488 0.142635 0.0336613 0.00247017 0.0176099 0.0392499 0.0109392 0.00628081 0.0121304 0.00545885 0.00293055 0.00122127 0.00331424 0.00022051 0.00282593 0.000653962 0.000479457 0.00109941 0.000386055 0.000246905 0.000867876 0.000205397 0.000218268 1.95488e-05 7.8208e-06 7.46354e-05 4.79445e-05 3.9866e-05 4.89825e-06 1.21874e-06 1.44511e-05
0.723266 0.13272 0.0117552 0.0118739 0.0339376 0.00521105 0.0347264 0.00234309 0.00354525 0.00417684 0.00560226 0.00945664 0.00580819 0.00570631 0.00237004 0.000536451 0.000748454 0.00336509 1.34268e-05 9.13717e-05 0.000773762 0.00030382 0.000266911 0.000182688 0.000372572 8.6777e-05 0.00019946 4.41866e-05 0.000130849 0.000150585 9.91143e-05 6.09106e-05
0.699773 0.00713515 0.0524022 0.152473 0.00582998 0.00225452 0.000584607 0.0139094 0.00192112 0.0205376 0.00462852 0.00886898 0.012496 0.0086674 0.000564894 0.00115655 0.00287773 0.000625718 6.45947e-05 0.00147419 9.96689e-05 0.000330092 0.00034198 0.000189707 0.000367095 0.000114397 5.17206e-06 2.88301e-05 5.05038e-05 5.88565e-05 3.27558e-06 3.12547e-05
0.708387 0.0110884 0.127124 0.0172656 0.011595 0.0441069 0.0190053 0.00523776 0.0043779 0.00804722 0.0141287 0.00810791 0.0121966 0.00465078 0.00145311 0.000201833 1.90923e-05 0.00132838 0.000123877 0.000238143 0.000563819 6.58935e-05 7.04699e-05 6.83122e-05 6.47864e-05 0.000269759 1.4629e-05 7.46441e-06 1.21598e-05 1.82386e-06 6.48802e-06 8.77243e-06 1.69542e-06 6.53524e-05 8.5967e-06 1.75862e-05 7.41741e-06 1.33533e-05 1.0384e-05 1.33043e-05 6.86112e-06 4.76981e-06 4.25962e-06 3.30318e-06
0.708221 0.163934 0.00511694 0.00652957 0.0162475 0.0149279 0.0459149 0.00231291 0.00589807 0.00965662 0.00496399 0.00562519 0.0025558 0.00722836 0.000471465
0.720734 0.139213 0.024855 0.00108741 0.0059522 0.0362145 0.00473728 0.0072397 0.00220219 0.0379725 0.00188404 0.00775142 0.00448312 0.00173003 0.000328353 0.00127319 0.000316257 0.000503751 0.000287424 0.000169594 0.00018175 2.33724e-05 0.000217823 0.000356956
0.74758 0.128293 0.00602096 0.00542797 0.0200746 0.00247851 0.0185926 0.012519 0.0178662 0.0251332 0.00452484 0.00378849 0.00336613 0.00116398 0.000650554 1.04384e-05 7.27334e-05 0.000672384 0.00020675 0.000235372 0.000194534 0.000335335 0.00036525 2.9394e-05 5.28835e-05 8.95131e-08 3.69254e-06 0.00024488
0.746561 0.00447766 0.121247 0.0422148 0.0210845 0.00489025 0.0271122 0.00340453 0.00750659 0.00522839 0.00551556 0.00492078 0.00174529 0.00158608 0.000661884 0.000317148 0.000294254 2.86785e-05 0.000194412 3.32264e-06 0.000312864 2.96727e-05 1.05686e-05 0.000170098 0.000129087 5.62836e-05 3.72026e-05 1.19785e-05 9.2526e-07 8.06609e-05 2.95601e-05 4.34144e-05 2.63692e-05
0.718655 0.139556 0.0495484 0.0187537 0.0200448 0.00649818 0.0032354 0.0168748 0.00282907 0.00134388 0.00927029 0.00406409 0.00339558 0.00102491 0.00420888 0.00028058 7.20125e-05 3.21757e-06 8.50987e-06 2.3603e-05 5.51747e-05 9.37672e-05 2.46578e-05 5.83857e-05
0.768071 0.0939443 0.0526028 0.012996 0.0159972 0.00226912 0.00389998 0.0017246 0.00743645 0.00593577 0.0154073 0.00276061 0.00645929 0.00433364 0.00145703 0.000739988 0.00013609 1.51229e-05 0.000818845 0.000542909 0.000475654 0.000784772 0.000359697 4.90954e-05 0.00012762 4.04843e-05 7.17179e-05 0.000226876 1.51705e-05 0.000114242
0.766851 0.00500788 0.00903403 0.0983286 0.00888903 0.00626848 0.00620147 0.0361949 0.003667 0.00690822 0.0244929 0.0091351 0.0123452 0.00272875 0.000253372 0.00139538 0.000144632 0.000511306 0.00142254 6.5256e-05 6.93794e-06 1.11988e-05 2.50891e-05 1.75401e-06 2.04952e-05 5.29515e-06 2.77389e-06 2.85521e-05 2.94049e-05
0.730386 0.132126 0.00891623 0.0429536 0.0223862 0.00644058 0.00631481 0.0168019 0.00274508 0.00403854 0.00884494 0.0088922 0.00387919 0.00318781 0.000370963 0.000244758 9.44674e-05 0.000360879 1.02681e-05 3.77128e-05 0.000105833 0.000270865 0.000139105 4.14289e-05 1.00029e-05 0.000116132 1.36017e-05 0.000103682
0.734053 0.0343627 0.139288 0.00793138 0.0226185 0.0122554 0.0055727 0.00629363 0.00307228 0.00527444 0.0123122 0.00212551 0.00453351 0.00733119 5.13782e-06 0.000270288 0.00078505 0.000247249 0.000338238 3.44232e-05 0.000129307 0.000469956 0.000334595
0.760226 0.00527392 0.097205 0.0436881 0.0139244 0.0188234 0.0178846 0.00883436 0.00195808 0.00837539 0.00570471 0.00277664 0.00502335 0.00187189 0.000301607 0.000103728 0.00151165 0.000959879 0.00274001 0.000580238 0.000373596 0.000674941 2.37708e-06 0.000152227 0.000192216 0.000127772 7.46592e-06 0.000164598 2.29383e-06 6.05356e-05 1.8439e-05 0.000220385 3.84025e-05 2.28249e-05 1.52298e-05 3.81959e-05 1.18462e-05 3.67605e-05 8.34261e-06
0.725532 0.00249681 0.136997 0.047303 0.0158619 0.0224347 0.00455921 0.0078125 0.00527712 0.00370737 0.00760058 0.00443408 0.00277097 0.00135327 0.00158437 0.00451097 0.000753972 0.00148636 0.000110281 8.66009e-06 0.00019196 0.00152961 0.000172552 0.000631171 0.000211707 0.00012173 6.05964e-06 6.69679e-05
0.697282 0.0128525 0.0071438 0.0451901 0.104121 0.0200027 0.026487 0.035061 0.0134777 0.0124633 0.00800921 0.00205724 0.00550046 0.00405747 0.00187818 0.000454899 8.26128e-05 0.000853847 0.000845437 0.00151922 5.90236e-05 2.49887e-05 5.45606e-05 0.000297231
0.731932 0.0261504 0.0917311 0.0149563 0.00903979 0.0275006 0.0189134 0.0212123 0.0142112 0.0159977 0.00637777 0.00422772 0.0052793 0.00392211 0.00219507 0.00208092 0.000770274 0.000422554 0.000121435 0.00090955 0.000730915 0.000160573 0.000342642 4.69082e-05 4.71568e-05 3.40522e-05 0.000240349 4.14351e-05 0.000211894 1.84918e-05 1.25661e-05 3.67803e-05 8.71376e-06 7.85373e-06 2.31613e-05 2.33796e-05 9.01309e-06 2.83521e-05
0.796729 0.0771509 0.0228737 0.00412028 0.0079307 0.0245913 0.0111433 0.0138462 0.00307376 0.00825611 0.00430088 0.00303979 0.00749118 0.00360986 0.00128047 0.000704653 0.00165983 0.00142749 0.0015394 0.00223298 0.000160647 0.000777943 5.47894e-05 0.000109948 0.000696166 9.37292e-05 5.09217e-05 0.000108415 0.000263097 0.000115774 3.63017e-06 3.32501e-05 6.12342e-06 0.000133403 1.93572e-05 7.11345e-05 6.18053e-05 2.49128e-05 4.52034e-07 4.88029e-05 1.8752e-05
0.682531 0.0081217 0.0743014 0.113533 0.00350172 0.010348 0.0101294 0.00388462 0.0213492 0.00340145 0.0146332 0.0201492 0.00406585 0.00552082 0.00518955 0.00153821 0.00418223 0.00179339 0.00481591 0.000344468 0.00214438 0.000594245 0.000171896 0.000603373 0.000563106 0.000164544 2.72031e-05 0.000433171 0.000324285 1.85055e-05 0.00026113 6.89592e-05 0.000415601 0.000147496 0.000279282 4.30991e-08 9.69685e-05 6.51374e-05 7.35567e-05 2.42333e-05 6.7503e-05 7.22313e-06 5.95016e-06 8.68172e-05 3.3891e-06 2.57412e-07 7.70911e-06 1.86085e-06 3.90868e-07 2.50076e-07 1.71144e-06
0.729761 0.121685 0.0624163 0.0157601 0.0256286 0.00244901 0.00296102 0.00905497 0.00698374 0.012284 0.00178572 0.00171797 0.00391789 0.00183823 0.000544472 0.000207203 0.000358364 0.000107056 3.10183e-05 6.0001e-05 5.0413e-06 2.92554e-05 6.153e-06 1.72174e-05 0.000146923 6.06474e-05 9.31401e-05 1.96107e-05
0.6532 0.145463 0.0709666 0.0189456 0.0184262 0.00480271 0.022964 0.0152232 0.0238926 0.00116023 0.00535388 0.00227641 0.00468876 0.00200927 0.00132317 0.00473933 0.000476633 0.000671595 0.00103985 0.00036786 0.000812784 4.70519e-06 0.000481203 7.62879e-05 0.000189556 4.20618e-05 3.19903e-05 8.68912e-05
0.00834217 0.701419 0.0477363 0.130772 0.00799288 0.00622239 0.0147553 0.00560182 0.00655661 0.0333183 0.00539196 0.00286543 0.0140909 0.00712728 0.000308744 0.0019881 0.000346979 0.000134449 0.000223123 0.00160036 0.000266379 0.00035425 0.000212265 0.00156742 0.000394601 1.66745e-06 0.0001753 5.28929e-05 1.21386e-05 1.3919e-05 7.11407e-05
0.745565 0.0684359 0.0495965 0.0326169 0.00353261 0.0206373 0.0200564 0.00508135 0.00889182 0.00693479 0.0068464 0.00978543 0.00685424 0.00222267 0.000841087 0.00491229 2.03608e-05 0.000398531 0.00121866 2.71103e-05 3.86066e-05 0.00247785 0.000112662 0.00085631 0.000413319 0.000220322 4.88169e-05 0.000271723 3.47383e-05 7.37097e-05 7.18633e-05 0.000146178 0.000201855
0.700329 0.131373 0.00789493 0.037024 0.0276364 0.0153929 0.00424942 0.0132712 0.0124857 0.00126079 0.00991336 0.0137264 0.00326976 0.00908398 0.000111673 0.00220729 0.00101893 0.00173523 0.00170271 0.000714935 0.00122223 0.00210182 0.000733196 0.000806993 0.000137372 5.09553e-05 2.61009e-05 1.81518e-07 0.000121929 0.000161661 2.77256e-05 1.78841e-05 3.15887e-05 1.26361e-05 3.99258e-05
0.75841 0.109723 0.0462727 0.0124645 0.01064 0.0157722 0.00377742 0.000347746 0.0134603 0.00389482 0.00680068 0.00422772 0.00109164 0.0083884 0.00218295 0.000993433 0.000229978 0.000475217 1.53744e-05 0.000113165 1.34188e-05 0.000419043 0.000146396 4.18237e-05 6.92082e-05 1.04377e-06 6.1984e-07 1.21398e-05
0.744546 0.123683 0.0263446 0.018217 0.00786365 0.017803 0.0102187 0.00823655 0.00112085 0.00186805 0.0151133 0.0058426 0.00983154 0.00200576 0.0035209 0.000405825 0.000761963 0.000234679 4.04304e-05 2.12518e-05 0.000740593 0.000519 0.000217833 0.000313938 2.40343e-05 3.08846e-05 0.000102071 4.93274e-05 2.24828e-05 8.89333e-05 2.66109e-05 8.40248e-05
0.722513 0.0420489 0.10299 0.0372236 0.00801865 0.00943777 0.00809929 0.00567791 0.0161416 0.00464311 0.0034215 0.0187282 0.0126154 0.00310992 0.00153788 0.000788049 4.9107e-05 0.00077546 0.000498484 0.00051235 0.000310522 0.000175624 4.06367e-05 0.000264281 7.16041e-05 0.000134018
0.721408 0.130528 0.0270647 0.0181884 0.0347039 0.0048401 0.00748918 0.00673544 0.0152128 0.00542756 0.00291473 0.00869194 0.00218633 0.00549458 0.000342787 0.000745971 0.00209557 0.00191107 0.000378123 5.0362e-05 0.0028097
0.704553 0.12386 0.0235453 0.0482425 0.0311345 0.0165965 0.0122382 0.00398788 0.000670988 0.00896652 0.00501859 0.00280823 0.00603413 0.00462954 0.0020845 0.000348427 0.000346751 0.000334336 0.000988871 0.00113344 0.000455328 4.21176e-05 0.000617801 0.000989202 0.000130078 4.06626e-05 1.09324e-05 5.55806e-05 9.13475e-06 2.89401e-05 1.6175e-05 3.64305e-05
0.660686 0.0213198 0.161469 0.0150504 0.013641 0.0577249 0.00139355 0.0275574 0.00810882 0.00487176 0.00478371 0.00761599 0.00626204 0.000780775 0.000608833 0.00357231 0.000983285 0.000778367 6.93069e-06 0.00186413 0.000176695 9.87964e-05 0.000128322 7.43903e-05 2.9842e-05 6.58386e-05 5.21486e-05 6.10079e-05 3.78884e-05 1.01789e-05 1.92896e-05 4.9144e-05 7.99822e-06 4.31239e-05
0.722586 0.00202197 0.0283073 0.099641 0.0320698 0.00664301 0.0185867 0.0193289 0.020212 0.0137725 0.0133927 0.00351531 0.00694638 0.00122214 0.00151868 0.000693315 0.000343122 0.000340552 0.00382477 0.00340268 0.000739767 0.000302325 0.000234823 0.000169536 3.18374e-07 1.99216e-06 1.3741e-05 0.000108004 2.19839e-05 5.47728e-06 1.10983e-06 4.25513e-07 4.74348e-06
0.775456 0.00508117 0.0928246 0.0160524 0.00552649 0.0392551 0.0064709 0.0158337 0.00441005 0.00525129 0.0173138 0.005544 0.000491899 0.00649946 0.000276279 0.00132904 0.000856426 0.000457402 0.000273123 0.000250286 0.000137388 2.02009e-05 7.89735e-05 5.87087e-05 3.34388e-05 3.71046e-05 1.05544e-06 4.80135e-05
0.695442 0.0745547 0.0117098 0.00612212 0.11415 0.00237811 0.00850134 0.00679595 0.0387369 0.0125728 0.00996776 0.0108024 0.0038743 0.000883453 0.00120278 0.000931221 0.000103326 0.000313432 1.66484e-05 0.000133497 6.51997e-05 0.000313166 4.26074e-06 8.54715e-05 2.20486e-07 3.05644e-06 8.80943e-06 0.000156026 6.40965e-06 6.34594e-06 1.15144e-05 8.58762e-05
0.745181 0.102878 0.0529225 0.0125353 0.016174 0.00364088 0.010135 0.00187456 0.012063 0.00619706 0.00669563 0.0065734 0.00392367 0.00871415 0.000877994 0.00149665 0.000651568 0.00312602 0.000121627 0.00192322 0.000313628 0.000329866 0.000457776 0.000129264 0.000275731 0.000527743 8.44377e-06 9.08554e-06 1.18358e-05 6.38565e-05 0.000112977 1.61961e-05 3.08691e-07 5.11351e-06 1.5495e-05
0.727984 0.136618 0.0480106 0.0134263 0.0324921 0.00588524 0.00417299 0.0132764 0.00353016 0.00293337 0.00236855 0.00451545 0.000892768 0.00118481 0.000265756 0.000409631 0.000298352 6.24286e-05 5.21334e-05 5.35817e-05 0.00010317 4.88337e-05 0.000247704 0.000133655 2.26433e-05 9.59168e-05 5.61886e-05 0.000184853 0.000174709 0.000161025
0.757535 0.113121 0.00849361 0.0280315 0.00161059 0.0238596 0.0234918 0.00846141 0.00897426 0.00145691 0.00718243 0.000304704 0.00363222 0.00385715 0.0013378 0.00116298 0.000214512 0.00215186 0.00214249 0.000371891 0.000482615 0.000293917 0.000594482 6.1933e-05 0.000266739 0.000246175 0.00019722 7.49094e-05 1.27317e-05 5.02753e-05 9.13455e-06 1.67366e-05 0.000126614 6.16402e-05 1.29023e-06 3.55469e-05 1.65955e-05 1.69967e-06 8.18047e-06 1.51253e-05
0.739944 0.0353919 0.134166 0.0211905 0.0235248 0.00501764 0.00617514 0.00498911 0.00442496 0.00323103 0.00517072 0.00114808 0.00310354 0.00878285 0.000910034 1.2285e-05 0.000178182 0.000121237 0.000626829 6.62145e-05 0.000418687 0.000372057 5.71853e-05 4.21198e-05 0.000139846 1.94076e-06 0.00016231 0.00012486 5.85451e-05 0.000218735 2.89844e-05 2.21421e-05 4.33286e-05 1.28314e-06 5.02304e-05 8.77845e-06 1.60108e-05 3.72013e-05
0.0968123 0.0214635 0.733119 0.00592374 0.00391768 0.0699931 0.010662 0.00393459 0.0137761 0.00557444 0.00919664 0.00470448 0.0075637 0.00777204 0.000421877 0.001813 0.000561069 0.000393885 4.58888e-06 0.000177494 0.000843586 0.00033953 7.88424e-05 0.00025528 6.29935e-06 1.20555e-05 0.000184125 5.67356e-05 0.000168372 5.2414e-05 9.89551e-06 6.51024e-05 8.82718e-06 1.73572e-05 2.29361e-05 2.98056e-05 1.44615e-05 3.4196e-07 1.45568e-05 9.39799e-06 7.72901e-07 3.16027e-06 3.65428e-06 5.84129e-06 3.60858e-07 1.65939e-06 6.47666e-07 1.71196e-06 9.74876e-07 2.38846e-06
0.671973 0.129479 0.0599892 0.00762025 0.0160822 0.0252296 0.0131377 0.0111884 0.0187837 0.0101672 0.00878885 0.00687267 0.00335471 0.00689979 0.000633432 0.000328791 3.115e-05 0.000222521 0.000419748 0.0036675 1.0905e-05 0.0015087 0.000520034 0.000105385 0.000482669 2.07457e-06 0.000287658 0.000336901 0.00014208 0.000463038 4.8344e-05 0.000221135 8.86813e-05 0.000157093 0.00014862 0.000104718 0.000406232
0.722134 0.0130507 0.10663 0.0317519 0.0157408 0.0121378 0.052589 0.00488649 0.00784637 0.00736704 0.0058786 0.00270789 0.0123557 0.000972877 0.001383 0.000211466 0.000969397 0.000218767 0.000106047 2.01543e-05 0.000383718 2.24267e-05 0.000110035 4.2797e-05 0.000115121 3.87733e-05 0.000161652 4.65621e-05 3.17309e-05 2.02924e-05 2.53471e-05 1.35651e-06 1.331e-06 9.15211e-06 2.32411e-06 4.5067e-06 3.2119e-06 6.53321e-06 4.02911e-06
0.708903 0.0114987 0.0547946 0.12821 0.00415736 0.026381 0.00395056 0.011147 0.00413775 0.00771389 0.00332027 0.0140146 0.00291361 0.0103688 0.00224688 9.3939e-05 0.000228665 0.00227268 0.00149442 0.000367119 0.000293302 0.000560743 3.97734e-05 0.000311626 1.04773e-05 2.88729e-05 5.62144e-05
0.748385 0.128284 0.0211291 0.0267029 0.00792004 0.00402044 0.00255313 0.0105 0.00292498 0.0124623 0.00356292 0.00480821 0.0144099 0.0062393 0.000824992 0.00122316 0.000421521 5.93467e-05 4.92475e-05 0.000146194 0.00190876 0.000263419 0.000275305 0.000548533 7.54105e-06 1.28224e-05 0.000154672 3.20352e-06 8.31789e-06 8.45252e-06 5.71351e-05 4.92229e-05 2.00353e-05
0.725168 0.00755018 0.10906 0.0383674 0.0208981 0.0397123 0.00642296 0.0139884 0.00964539 0.00136034 0.00149395 0.00412065 0.00704126 0.00775573 0.00129747 0.000479682 0.000145414 0.000149465 1.36976e-05 0.00154785 0.000315495 0.00102878 0.000160856 3.64738e-05 0.000921704 0.000302163 0.000195842 6.60275e-05 0.000198083 0.000289869 8.08399e-05 4.98696e-06 3.50087e-05 1.54417e-06 4.40015e-05 5.27805e-06 4.91085e-06 3.8945e-05 1.98146e-05
0.708767 0.144447 0.0321335 0.00448478 0.010081 0.012724 0.025992 0.0167327 0.00506828 0.000488999 0.0101829 0.00718378 0.00820474 0.00837493 0.000624485 0.000436208 0.000142373 0.000762801 0.000104195 0.000273099 0.00140125 0.000136509 0.000366907 0.000150404 1.44782e-05 4.63754e-05 3.07856e-06 4.0228e-05 0.000129008 2.07078e-06 0.000128032 4.17679e-05 0.000120301 3.97698e-05 9.25553e-06 3.27146e-05 7.61729e-06 1.27047e-05 1.93204e-07 5.90852e-05
0.729682 0.0943111 0.0652041 0.00983309 0.0119888 0.0262491 0.0170301 0.0220205 0.00689532 0.00141155 0.00635565 0.000840761 0.00387163 0.000805186 0.00165669 0.000530094 0.000746682 0.000174569 5.08439e-05 2.63387e-05 8.9451e-05 8.70699e-05
0.715826 0.0973837 0.0823435 0.0106106 0.00825639 0.0234447 0.00665993 0.00538386 0.0184727 0.00695416 0.00970198 0.00730448 0.000817033 0.00230104 0.00194154 0.00147433 1.45979e-05 0.000213192 0.000548693 6.1363e-05 1.94458e-05 9.97725e-05 4.43816e-06 1.74537e-05 7.8337e-05
0.727573 0.0691436 0.00552131 0.113959 0.0304081 0.00673786 0.00218582 0.0118255 0.00362892 0.00354713 0.00704409 0.00244048 0.00444217 0.0060761 0.000656156 0.000698726 0.000602251 0.00124008 0.00087266 0.000199552 3.54145e-05 0.000238789 0.000226176 0.00027075 6.58129e-05 0.000169837 1.68678e-05 2.2321e-05 0.000100361 8.99685e-06
0.732622 0.125201 0.0129119 0.00613947 0.00341635 0.00917912 0.0107677 0.00395394 0.0202478 0.0400118 0.00962853 0.00435491 0.0132928 0.00429057 0.000278308 0.000741917 1.86471e-05 0.00153368 0.000454047 0.000408571 0.000136398 0.000219941
0.729542 0.111105 0.0529727 0.00889446 0.0119814 0.000999331 0.00438207 0.00819731 0.00103287 0.0224404 0.0270803 0.00869425 0.00418137 0.00512015 0.00118089 0.000427555 0.000187691 0.00013333 0.000838629 1.27486e-05 0.000172815 0.000148784 8.07631e-06 2.55639e-05 2.11136e-05 7.54318e-06 5.31548e-05 6.92787e-05 1.77636e-05 3.57032e-05
0.15223 0.6735 0.0413872 0.0116729 0.0371268 0.00255566 0.0217452 0.00387192 0.0186124 0.00927657 0.00454909 0.0060171 0.00647864 0.00375877 0.00333902 0.000275831 0.00102239 2.45079e-05 0.000467746 0.000260038 2.68159e-06 0.000686563 0.0004374 2.20832e-05 0.000205341 8.5992e-05 1.52667e-05 9.99462e-06 3.79432e-05
0.740471 0.104862 0.0251237 0.00261235 0.00628663 0.0301435 0.00596314 0.00684368 0.041589 0.0200913 0.0021567 0.00286915 0.00406706 0.00287429 0.000994135 0.00163554 0.000229604 0.000616989 2.18325e-05 4.04133e-05 0.000168901 0.000109958 2.55172e-05 2.17175e-05 5.84786e-05 7.97868e-05
0.685213 0.11935 0.0365021 0.00846745 0.0330375 0.00615893 0.0069528 0.0107657 0.00300132 0.0121606 0.0284234 0.0222827 0.0113 0.00262584 0.000473461 0.0010987 0.0017603 0.0036807 0.000151506 0.000191366 0.000252737 0.00180237 1.1674e-05 0.000752903 0.00102522 0.000294463 0.000735416 0.000847335 0.000100851
0.737875 0.113641 0.00170919 0.0609861 0.0340253 0.00716841 0.0027564 0.00617725 0.00985437 0.00387565 0.00575798 0.00600392 0.000777573 0.00443311 0.000165831 0.000330529 7.31063e-05 0.000324044 0.000693822 0.000651224 0.000164536 0.0010901 0.000395457 5.09607e-05 6.34479e-05 0.000199377 3.96321e-05 0.000211156 0.000145927 5.81152e-05 5.24793e-05 4.72677e-05 2.89244e-05 6.01914e-05 1.22171e-05 1.27207e-06 1.24892e-05 2.95795e-06 1.39761e-05 4.24009e-05
0.691566 0.102848 0.0574829 0.0139687 0.0201391 0.00301614 0.0481238 0.00859053 0.0266886 0.00505751 0.0113356 0.00371536 0.00590076 0.000592865 0.000272137 9.62448e-05 0.000370677
0.721531 0.124428 0.0275466 0.052895 0.00474489 0.00769429 0.00631245 0.000174441 0.00463223 0.0204285 0.00337762 0.00894549 0.00463828 0.00227338 0.000997726 0.0042581 0.000317577 6.07984e-05 7.40115e-05 0.000860016 0.00146074 0.000362355 7.40658e-06 0.000426399 0.000465389 0.000162301 0.000212474 0.000108461 0.000150434 2.76391e-05 2.57239e-05 0.000178344 1.81672e-05 9.71494e-05 2.26621e-05 2.1738e-06 1.06601e-06 1.84786e-05
0.671968 0.149499 0.0113735 0.0220075 0.0458991 0.00589784 0.00795948 0.0125354 0.0390944 0.0122649 0.00444137 0.00978498 0.00119762 0.0030395 0.000526471 0.000884816 0.000202131 5.67694e-06 0.000281695 1.56809e-05 0.000240052 2.75048e-05 7.6939e-05 7.60239e-05 7.59225e-05 8.30022e-06 9.48399e-05 0.00010505 0.00013226 2.28037e-05 4.64682e-05 5.17046e-06 1.32297e-05 8.61347e-05 6.10301e-06 6.84744e-05 1.07928e-05
0.727685 0.127468 0.068202 0.00752771 0.00578495 0.0250767 0.00882009 0.00635523 0.00484848 0.00198326 0.00694598 0.000774818 0.00298467 0.00278749 0.00128298 0.000335285 0.000612668 0.00020804 6.30566e-05 9.13405e-05 8.28354e-07 4.30593e-05
0.691331 0.108361 0.0395008 0.053163 0.00601035 0.00475704 0.0199881 0.0250759 0.00797834 0.0226911 0.00532733 0.00828572 0.00096728 0.00146644 0.00125851 0.00108705 0.000629201 0.000670867 8.63629e-05 0.00017615 0.000402441 4.29243e-05 4.82466e-05 3.41996e-05 4.03024e-05 5.73537e-05 4.43957e-05 7.04769e-07 1.68261e-05 0.000192494 6.22196e-06 3.042e-05 1.60343e-05 3.32991e-05 3.10271e-05 9.53067e-05
0.747218 0.140959 0.016865 0.0332276 0.00539873 0.00251503 0.00313034 0.00545275 0.007184 0.013172 0.0125772 0.00502898 0.00224503 0.00087435 0.000912128 0.000760265 0.000356558 0.00030598 0.00038209 4.15863e-05 1.52637e-05 0.000688379 7.15192e-05 0.000353162 7.20202e-06 9.20188e-05 7.90575e-05 9.36914e-06 1.30554e-05 1.25843e-05
0.741005 0.0909334 0.00516395 0.0211837 0.0216869 0.00664165 0.0360195 0.0162282 0.0033453 0.00820374 0.00324903 0.0360636 0.000484826 0.00448808 0.000291244 0.00029194 0.00117659 0.000928753 0.000130732 0.000811914 0.00013511 0.000146585 1.60827e-05 0.000285548 0.000471932 2.77134e-05 4.60636e-05 7.79194e-05 3.09941e-06 0.000214344 2.91338e-06 2.01005e-05 1.3009e-05 3.48471e-05
0.664059 0.0659026 0.0164517 0.163293 0.0272506 0.00490264 0.0114753 0.00336018 0.00874733 0.00326125 0.00359338 0.00507894 0.00621103 0.00816614 0.00162628 0.000521344 0.00193204 0.00152893 4.37202e-06 4.25759e-05 0.00117887 0.000614927 0.000112782 0.000530335 5.85776e-06 1.87478e-05 1.43993e-05 8.60828e-06 1.37474e-05 2.73515e-05 1.88746e-06 1.646e-06 2.26626e-06 3.08246e-05
0.745345 0.0491522 0.0503026 0.0122738 0.0721871 0.00206617 0.0114178 0.00705522 0.00736062 0.00139652 0.0105077 0.0181034 0.000722959 0.00218235 0.00522068 0.00174941 0.000625055 0.000688204 9.97475e-05 7.53153e-05 0.00021775 0.000109427 3.42872e-06 0.000308479 0.000281383 9.33502e-05 1.84057e-05 0.00017009 9.74751e-05
0.70011 0.0241194 0.0108123 0.040376 0.155612 0.00465086 0.00354678 0.0222148 0.00212136 0.00694505 0.00024691 0.00278551 0.00811271 0.012479 0.00177485 0.00086258 0.000425008 0.000971315 0.00034651 0.000315288 0.000304562 7.19943e-05 3.07964e-05 2.17186e-05 8.59792e-05 0.000465624 1.18804e-05 1.84981e-05 7.04285e-06 1.10689e-05
0.156368 0.665428 0.0132334 0.0501098 0.0111019 0.00331355 0.00765037 0.00775554 0.00819744 0.011789 0.0134199 0.0341606 0.00273135 0.00342086 0.000761972 0.000422623 0.000967399 0.00351033 0.000835774 0.00185722 2.11307e-05 7.52011e-05 0.000328047 0.000434086 0.000300918 0.00029557 2.23964e-05 0.000147767 0.000239982 0.000301424 0.000188404 0.00013646 1.88643e-05 6.92305e-05 2.82478e-05 7.03133e-05 3.11631e-05 2.4642e-05 5.22583e-05
0.746602 0.0344582 0.104621 0.0066574 0.0196106 0.00822909 0.00603142 0.0088983 0.0267488 0.0108436 0.00652963 0.00269921 0.00391297 0.0028774 0.000157756 0.000812015 0.000647832 0.000247259 0.000895032 0.00308622 0.00113601 0.00123477 0.000504618 0.00141108 0.000262037 9.41772e-05 8.47391e-05 3.61736e-05 6.20144e-05 0.000114299 0.000106196 0.000110366 5.16179e-05 1.65257e-05 1.52878e-06 7.01834e-05 2.86429e-05 5.40006e-05
0.01364 0.711355 0.0959271 0.0699928 0.00429896 0.0258546 0.00551097 0.00967326 0.0131078 0.0025611 0.0157067 0.0138604 0.00245977 0.0113463 0.00188167 0.00153915 0.000494523 0.00035399
0.687349 0.1323 0.069083 0.0103835 0.0113548 0.0259474 0.0167631 0.00299869 0.0177386 0.00949724 0.00202732 0.00390408 0.00185067 0.00715208 0.000352923 0.000268875 0.000334309 0.000161748 0.000113944 0.000226396 8.0212e-05 3.55459e-06 1.48412e-05
0.0367551 0.789007 0.0800343 0.0432086 0.00760801 0.0110568 0.00977748 0.0060084 0.00567415 0.000871922 0.00463776 0.00101509 0.000654163 0.00168089 0.000606013 0.000215356 9.97945e-05 0.000203359 4.57203e-05 0.000140811 0.000230704 4.16354e-05 0.000106963 4.00118e-05 8.60968e-05
0.676771 0.140089 0.059842 0.00445912 0.029195 0.014852 0.00460749 0.00768742 0.00751267 0.00316628 0.00800276 0.00752685 0.00215716 0.0188925 0.00212947 0.000440973 0.000810756 0.00142749 0.00495937 0.00401346 0.000411801 2.36501e-06 0.000320311
0.706731 0.0282994 0.124761 0.0107411 0.00535883 0.0244858 0.0403953 0.0112085 0.00496193 0.0171795 0.0087681 0.00600636 0.0024594 0.00282684 0.000570899 0.000355364 0.00141848 0.000527466 0.000589892 2.02489e-05 7.97783e-05 0.000896386 0.000106008 0.000139197 0.000604034 7.04929e-05 0.000128747 3.00305e-05 4.58937e-06 8.59565e-05 5.26991e-05 3.09724e-05 2.27479e-06 6.26594e-05 3.79033e-06 5.22095e-06
0.74896 0.110873 0.0104093 0.0139556 0.0265199 0.0408748 0.00508285 0.00715153 0.006806 0.00450632 0.0125401 0.000243645 0.00434254 0.00402508 0.00146515 0.000351888 0.000503981 0.000195946 0.000663601 0.000161765 0.000101011 3.77373e-05 5.19024e-06 4.61208e-05 8.69674e-05
0.627536 0.0854876 0.006785 0.165264 0.0102316 0.0417902 0.00487416 0.0113564 0.0241934 0.0018523 0.00945914 0.00257838 0.00294622 0.00154966 0.00240568 3.10196e-05 0.000584404 8.66499e-05 0.000385226 0.000113068 0.000131409 0.000106962
0.132319 0.712945 0.00937527 0.0615937 0.0214343 0.0160527 0.00290842 0.00231842 0.00590034 0.00970024 0.00351769 0.00540289 0.00906054 0.000965854 0.00149552 0.000334938 0.00017872 0.00208752 0.000107453 0.000645812 0.000451312 0.000327697 6.48149e-05 7.05949e-05 1.54409e-05 2.45702e-05 4.68e-05 0.000104971 5.19296e-05 3.94544e-05 1.07676e-05 8.51712e-05 4.41196e-05 0.000150889 4.05305e-05 5.75475e-05 2.53119e-05 1.107e-05 1.93417e-05
0.764154 0.00957157 0.13351 0.0233111 0.00418113 0.0171729 0.00175193 0.00601822 0.00763123 0.0129627 0.00548591 0.00258185 0.00292277 0.00532293 0.00152292 8.20834e-05 0.000500943 0.00035713 0.000206226 2.10457e-05 6.37576e-05 4.25164e-05 0.000159969 4.47765e-05 0.000167672
0.761531 0.120791 0.0253463 0.0104517 0.00887203 0.0169293 0.00458359 0.00485662 0.00833155 0.00297232 0.00600628 0.00591701 0.0176714 0.00196078 1.94432e-05 0.000251818 8.71579e-05 0.000211876 0.000630254 0.000354288 7.53064e-05 0.000242693 0.000938181 0.000141563 5.3543e-06 0.000422068 2.12412e-05 0.000137049 4.37586e-05 5.99396e-05 2.3006e-06
0.723037 0.0964455 0.0379356 0.00171557 0.00916861 0.00685767 0.0318541 0.0249966 0.00932849 0.00349734 0.0298324 0.0106795 0.00862871 0.00107914 0.000254614 0.000363686 0.000106989 0.00105887 0.00139078 7.65825e-05 0.000776315 4.76032e-05 8.78511e-05 8.80749e-05 9.79692e-05 5.81432e-05 2.86013e-05 0.000134443 1.37007e-05 7.24262e-06 4.35925e-05 9.67388e-06 0.000174838 2.2687e-05 3.34221e-05 2.94756e-05 6.05717e-06 8.12489e-06 1.34808e-07 8.92704e-06 5.28097e-06
0.136443 0.669211 0.0196123 0.0113986 0.0185879 0.0610634 0.026566 0.00770583 0.0137131 0.0111415 0.00514769 0.00439015 0.0027929 0.00819058 0.000620916 0.000159544 0.000553751 0.000209692 6.55956e-05 0.000599373 0.000502267 0.000603937 0.000149982 2.93933e-05 6.84947e-05 0.000123002 5.27359e-05 0.000103747
0.75054 0.102575 0.059491 0.0138548 0.00539614 0.00503663 0.0231821 0.0132165 0.00304792 0.00156569 0.00641722 0.00693039 0.00280526 0.00111436 0.000224323 0.00135932 0.000962374 3.36817e-05 0.00137559 4.45554e-05 0.000175789 0.000141891 2.84682e-05 7.7175e-05 0.000205232 2.38651e-05 2.37599e-05 4.05643e-05 4.18427e-06 1.27372e-05 1.64352e-05
0.728214 0.165038 0.00346648 0.00364283 0.0271603 0.0117881 0.00247499 0.00112731 0.00178703 0.00668299 0.0241747 0.0114279 0.00669998 0.00122058 0.0023239 0.000869788 0.000105149 7.52145e-05 0.000508093 5.12178e-05 0.000154054 0.000108903 0.000210275 0.000149737 1.77094e-05 0.000109218 5.93231e-05 1.64576e-05 5.46795e-05 3.88649e-05 2.03975e-05 2.16279e-05 2.17966e-05 8.94517e-06 5.64387e-05
0.138108 0.669903 0.0343503 0.0463288 0.0492706 0.00759062 0.00774999 0.00574338 0.0176409 0.00290092 0.00999384 0.000885119 0.00107438 0.00210338 0.000665406 0.00123694 0.00152445 0.000266087 0.000435474 7.54336e-05 4.35157e-05 0.000485919 0.000405703 0.000127587 0.000318678 0.00018232 2.56066e-05 3.34977e-05 0.00013491 0.000110609 8.88092e-05 8.54075e-05 2.88187e-05 1.98037e-05
0.72084 0.125649 0.0108036 0.0190048 0.0173327 0.0104236 0.00258178 0.0216582 0.0230519 0.0172354 0.000884216 0.0171822 0.00201492 0.00764126 0.00201557 0.000664367 0.000148719 1.80079e-05 0.000240491 0.000131371 0.000169166 5.24277e-06 9.19409e-05 5.11068e-05 1.30735e-05 6.1052e-05
0.734569 0.0124995 0.128485 0.0566682 0.0278638 0.00569922 0.00616671 0.0052275 0.00409947 0.00488552 0.00334347 0.00376456 0.00382335 0.00126451 0.000107309 6.50813e-05 0.000508531 8.54885e-05 0.000363069 9.76501e-05 6.36054e-05 1.14879e-05 0.000233003 1.77004e-05 1.92626e-05 1.25426e-06 1.0191e-05 9.64965e-06 2.43074e-05 3.28528e-06 1.28407e-06 1.69075e-06
0.709214 0.121943 0.0125048 0.0573412 0.0187931 0.00245407 0.023104 0.00459864 0.0139091 0.0100454 0.00516829 0.00435604 0.00383476 0.00425034 0.000236641 0.000696508 0.000691761 0.00209197 0.00169132 0.000307628 0.000189309 0.000273023 7.64366e-05 0.000209048 5.43028e-05 4.70095e-05 9.30057e-05 0.000373941 0.000405507 2.89364e-07 0.000249388 2.92622e-05 0.00018124 0.000135134 0.000123826 4.57822e-05 6.61192e-05
0.699753 0.141778 0.0144076 0.0504139 0.00864954 0.022495 0.0167827 0.0166935 0.00411637 0.00638158 0.00729219 0.00107988 0.000669938 0.00400494 2.51933e-05 0.000141084 0.000907399 0.000553084 0.000341091 0.00213413 0.000307837 0.00010793 5.17092e-05 4.91428e-05 3.28214e-05 1.3545e-06 1.40475e-05 3.17603e-05 0.000365669 9.57991e-05
0.749698 0.026572 0.108026 0.00692668 0.00486434 0.000510734 0.00422394 0.0127669 0.0249786 0.0301797 0.00818113 0.0100207 0.0068583 0.00056835 0.00161433 0.000418295 0.000213314 3.69288e-05 0.00121613 0.000528454 0.000169856 0.000291292 0.000552394 0.000376556 1.4105e-07 9.51466e-06 1.54874e-05 3.09687e-05 1.18135e-05 3.78706e-05 1.12436e-05 1.52195e-05 2.85136e-06 1.29208e-05 1.82466e-05 2.73353e-05
0.73801 0.133439 0.0234981 0.0413323 0.00497065 0.00478506 0.00610124 0.0028915 0.00358459 0.00669797 0.00889798 0.00478382 0.00675557 0.00803748 0.000431856 0.0001617 8.3094e-06 0.00172876 0.0017953 0.000274907 0.00138916 0.000111553 6.59741e-05
0.720052 0.129649 0.020973 0.0396971 0.00371196 0.0337307 0.00685411 0.0127566 0.00399037 0.00556288 0.00986666 0.00300745 0.00328946 0.00413051 0.000348497 0.00120103 0.000147945 0.000492486 0.000117402 0.000324047 4.00209e-05
0.745041 0.00210195 0.106033 0.00418849 0.00876516 0.0547694 0.00904618 0.00950264 0.00662951 0.0246458 0.00619317 0.0112127 0.00398403 0.00502156 0.000512051 0.000453399 0.0005738 0.000120964 6.71382e-05 0.00013787 7.1265e-05 0.000127513 0.000205946 0.000369086
0.692751 0.0468859 0.141887 0.0203708 0.0201074 0.0289362 0.0197511 0.000778195 0.00419082 0.0038705 0.00580014 0.00249394 0.00624457 0.00464346 0.000365196 0.000397467 0.00010091 2.51407e-05 3.04891e-05 1.95411e-05 5.64331e-05 2.53141e-05 5.69022e-07 3.49785e-05 5.53436e-06 2.17915e-05 4.61936e-05 6.40435e-06 4.74773e-05 5.86838e-06 2.65422e-05
0.745251 0.0337424 0.0545423 0.0863912 0.0136607 0.00787918 0.00829284 0.0068726 0.00434542 0.00832437 0.00956207 0.00491832 0.00443203 0.00534294 0.0014537 0.00064765 0.00149138 0.00166691 5.2983e-05 0.000135406 7.1713e-05 9.33758e-05 0.000192934
0.696084 0.0972717 0.00555438 0.0923033 0.0145546 0.00292547 0.0181243 0.0372163 0.0133702 0.00437077 0.00119942 0.00131804 0.00152821 0.00320932 0.0040068 0.000826357 0.0019056 0.00118997 0.0012603 2.39074e-05 0.000134054 0.0005373 0.000442674 3.56286e-05 0.000180866 6.1375e-05 0.000134021 5.33578e-05 3.82011e-05
0.779338 0.0792599 0.004001 0.00343532 0.0308021 0.0174179 0.00198512 0.00627969 0.016653 0.0235172 0.00565049 0.0134534 0.00337966 0.000427522 0.000733245 0.000315401 0.00344203 0.00189285 0.00206148 5.54446e-05 0.00206209 0.000882672 0.000898745 0.000326117 8.01001e-05 0.000284902 2.94398e-06 0.000113859 0.000292207 2.76315e-05 0.000158003 9.93556e-05 0.000288297 9.37444e-05 8.32323e-05 3.86017e-05 4.13738e-05 3.23568e-05 1.67132e-05 6.03237e-06 2.29689e-05 8.09618e-06 4.34699e-06
0.685687 0.163518 0.00747254 0.050052 0.00874945 0.0250874 0.00247431 0.0111187 0.0135188 0.0119341 0.00926392 0.00454652 0.000623511 0.000773091 0.00118282 0.000600475 1.61643e-05 0.00102343 0.00127095 0.000371931 3.80923e-05 6.12596e-05 0.000283265 0.000153193
0.713736 0.033314 0.0424126 0.0524395 0.00660076 0.0992054 0.0173054 0.0107665 0.00775777 0.00260384 0.00730816 0.00230029 0.000195484 0.000721474 0.000504239 0.00165975 0.000210794 0.000568886 3.71901e-05 2.28558e-05 0.000163526 5.62832e-06 2.33492e-05 5.00762e-05 1.12066e-05 8.14482e-06 1.15539e-05 8.71983e-06 5.38162e-07 1.94927e-05 3.47017e-06 1.39954e-05 2.76331e-06 1.34209e-07 1.18878e-06
0.693605 0.134953 0.0264379 0.00581588 0.00819178 0.00443907 0.0261134 0.0542233 0.00410836 0.00919414 0.0101405 0.00431283 0.00185985 0.00714264 0.00122092 0.000700804 0.000481818 0.00216143 0.000549198 0.0012794 0.000166491 0.000951517 7.33334e-05 0.000371116 0.00115993 2.40217e-05 3.10748e-05 0.000203126
0.744271 0.114688 0.0233015 0.013228 0.0505383 0.00318514 0.0230148 0.00552724 0.00363006 0.00109482 0.00273264 0.00355177 0.00269758 0.00240773 0.00132115 0.00139643 0.00144024 0.000710254 0.00015626 0.000356523
0.685808 0.0384714 0.137165 0.0241633 0.00842874 0.0134159 0.0174464 0.0194337 0.0184701 0.00204308 0.00627974 0.00323456 0.0171153 0.00309473 0.000564132 0.00204354 0.00116051 0.000181395 0.000347202 6.26404e-05 0.000348001
0.668154 0.0547783 0.147213 0.0204577 0.00554375 0.0163337 0.0022105 0.012151 0.000976784 0.0353261 0.00642996 0.0142415 0.00378427 0.00124692 0.000194141 0.00186355 0.000121844 0.000880555 0.000719748 0.000609463 0.00177257 8.84573e-05 4.96487e-07 0.000104502 0.0019009 0.000167883 0.00091069 0.000640874 0.000196734 0.000598372 2.2756e-05 5.61271e-05 4.06693e-05 1.70065e-05 4.16601e-06 2.69779e-05 4.16595e-05
0.723511 0.138456 0.0108188 0.0304256 0.00675514 0.00363143 0.0248874 0.00263433 0.0165935 0.00318807 0.00157634 0.0134852 0.00432422 0.00867508 0.000811242 0.00105419 0.000373495 0.00245609 0.000826033 0.00111101 0.00108725 0.000870011 0.000311641 0.000690144 0.000473023 0.000298253 0.000155055 4.45083e-05 8.01878e-05 3.70042e-05 0.000153554
0.690455 0.0172698 0.173523 0.0435749 0.0158755 0.0114381 0.00880514 0.00507816 0.0168088 0.00525309 0.00219006 0.00533332 0.000608865 0.000483617 0.00134288 0.00018778 0.00106664 1.90744e-05 0.000186351 0.000107427 8.18625e-05 4.43091e-05 7.15409e-05 9.31444e-06 1.77069e-05
0.729449 0.119297 0.0183427 0.0388841 0.0285205 0.00425045 0.0197918 0.0113256 0.00875223 0.00633441 0.00390908 0.00531758 0.000947257 0.000757684 0.00142248 0.000582795 0.000314057 0.000312278 3.90896e-05 0.000327044 0.000373351 3.30657e-05 7.13706e-05 0.000154508 1.09921e-05 0.000133467 4.40689e-05 4.26499e-05 1.06112e-05 1.23288e-05 3.64073e-05 1.95981e-05 8.71128e-06 1.28015e-05 1.17997e-05 2.86607e-05 6.49432e-05 2.26405e-06 7.90867e-06 9.45566e-06 5.68686e-06 4.31755e-06 2.95889e-06 1.06772e-05 1.37363e-06 5.46477e-06
0.732448 0.131901 0.0156078 0.0103571 0.0170756 0.00802304 0.0244319 0.0179186 0.00504167 0.00521868 0.00873378 0.00512082 0.000471621 0.00389705 0.00176805 0.00232068 0.00128904 0.00125278 0.000327004 0.00158044 0.000496453 0.00286464 0.000656041 0.00046196 0.000155147 3.7853e-05 0.000286648 2.37639e-05 3.01904e-05 7.62018e-07 3.17893e-06 1.02529e-05 1.73088e-05 4.66495e-05 1.72457e-05 3.75835e-05
0.670563 0.14011 0.00549014 0.0603008 0.00512155 0.0302483 0.0216378 0.0148087 0.0166451 0.016572 0.00766564 0.00135003 0.000443126 0.00579308 0.000277377 0.000684476 0.000284058 0.000606706 0.000651962 1.43142e-05 0.000205912 0.000137772 4.65615e-05 2.32025e-05 7.04377e-06 2.18817e-05 4.63718e-05 1.57242e-05 7.24477e-05 7.1477e-05
0.75742 0.00794068 0.0759031 0.0172481 0.0155468 0.0506483 0.0146519 0.00487606 0.0235427 0.00418366 0.00925485 0.00979985 0.000469707 0.00104282 0.000975032 0.00050444 0.00208444 0.000813586 0.00112286 0.000873784 0.000414795 2.58878e-05 0.000117749 1.62903e-05 3.05529e-05 0.000115923
0.0212344 0.716448 0.103714 0.024868 0.050419 0.0344653 0.0019559 0.00953501 0.0100439 0.00450599 0.0063328 0.00403055 0.00133938 0.00679075 0.00106629 0.000534608 5.76852e-05 0.00102049 0.000171824 0.000180041 0.000262499 0.000331741 0.000380643
0.749494 0.0236772 0.121594 0.0368525 0.00446714 0.00678982 0.00183108 0.00657003 0.0011318 0.00962314 0.00825439 0.00871862 0.00867075 0.00639965 0.00022706 6.22583e-05 0.00297618 0.00159655 0.000215662 0.000491497 3.26219e-05 1.46047e-05 3.87674e-07 0.000111423 4.94721e-06 1.4647e-05 2.80861e-06 1.94958e-05 1.13935e-06 3.07331e-05 5.55284e-05
0.764566 0.075237 0.0521659 0.0274382 0.0264764 0.00581933 0.00299871 0.00740804 0.00679316 0.00387696 0.0031686 0.0076122 0.00478071 0.00587582 0.00187308 0.000120611 0.000714942 0.000509717 0.000761306 0.000173593 0.000163293 0.00106845
0.763379 0.0108724 0.0440438 0.108274 0.00201974 0.0083347 0.00588175 0.0137249 0.00379261 0.0055914 0.00560566 0.00689324 0.0100983 0.00789785 0.000251839 0.000557533 0.000928463 0.000280166 0.000423141 0.000104629 0.000151361 6.94921e-05 8.4695e-05 0.000205298 0.000129542 5.67223e-06 0.000166448
0.73688 0.12141 0.0502844 0.00236682 0.00758709 0.0104848 0.0086448 0.00542104 0.00353419 0.00388325 0.00280371 0.0209615 0.00452759 0.0149306 0.00118858 0.000206642 0.000962628 6.66416e-06 0.000463534 0.000977967 0.000414916 0.000589112 0.000386505 0.000531988 8.0536e-05 5.76206e-05
0.69534 0.112354 0.0158296 0.0675724 0.0181532 0.0194531 0.00835048 0.00411272 0.0243294 0.00813046 0.0148059 0.00314273 0.0018256 0.00135803 0.00418612 2.73981e-05 0.00010811 0.000293733 5.56671e-05 6.23638e-05 0.000294931
0.676162 0.159451 0.0117111 0.0109486 0.0444932 0.0076308 0.0226892 0.0121816 0.0117011 0.000796037 0.0170411 0.00904326 0.00759972 0.00148718 0.000729658 0.00133647 0.000242751 0.000210374 0.000989737 0.00179152 0.000711042 0.000361371 6.52686e-05 0.000279366 5.7247e-05 0.00014693
0.696566 0.116234 0.0674509 0.00548894 0.00615498 0.0208237 0.0122488 0.0216032 0.0138159 0.0106796 0.00860903 0.00419269 0.00625596 0.00172601 0.000968641 0.000660687 0.00236676 0.000964035 0.000388733 0.000124308 0.000374192 0.000273615 0.000578234 8.76754e-05 2.52281e-05 4.34951e-05 0.000204724 7.64857e-05 0.00022775 0.000195539 4.90962e-05 6.46056e-05 0.000119389 8.45917e-05 1.4584e-05 3.50544e-05 2.43679e-05
0.735287 0.115149 0.00938288 0.00607267 0.0024303 0.0265218 0.0102907 0.0547564 0.0108033 0.00584951 0.0136955 0.00403701 0.00148606 0.00229031 0.000314609 0.000749789 0.000117122 5.66995e-05 5.15072e-05 0.000273182 0.000145954
0.749925 0.141374 0.00695443 0.0298477 0.00911821 0.00760621 0.0200373 0.00404343 0.00964582 0.0040746 0.00470971 0.00198687 0.00382774 0.00255638 0.00132139 0.000152042 0.000708086 8.38586e-05 0.000750929 0.000360617 7.27628e-05 7.23077e-05 0.00019295 2.09793e-05 2.89041e-05 3.5588e-05 0.000197634 9.17831e-05 2.24523e-05 2.65762e-05 2.14495e-05
0.717511 0.0844828 0.00497198 0.00917207 0.0191457 0.0684286 0.0363478 0.00667652 0.00637453 0.00268022 0.00159184 0.0151905 0.00979707 0.00847158 0.00123562 0.0016554 0.00234004 0.00251688 0.000137034 0.000322442 0.000276295
0.740605 0.103179 0.00618684 0.0503628 0.0127528 0.00473679 0.0187789 0.00804534 0.0102902 0.00369672 0.0025299 0.00740058 0.0189686 0.00454582 0.000886579 0.000976818 0.00180147 0.000110119 0.000677902 0.00197474 0.000441106 3.18011e-06 0.000379826 4.52906e-05 5.63367e-05 0.000126406 0.000260084
0.730896 0.0169605 0.0745966 0.0539262 0.0276965 0.0419854 0.0128659 0.00535272 0.00277285 0.0083499 0.00261805 0.00476304 0.00337847 0.00912037 3.44568e-05 0.000915847 0.00155026 0.000237535 0.000418107 4.46468e-05 0.000181631 0.000178068 0.000455151 0.000188519 6.14443e-05 0.000121758 7.93147e-05 0.000179997
0.00846526 0.684232 0.125605 0.0193777 0.00528981 0.0689025 0.0193155 0.00593177 0.00979373 0.00839189 0.0128214 0.0176993 0.0017423 0.00787946 0.00326205 1.08952e-05 0.000260316 0.000437768 0.000109719 0.000144811 3.40801e-06 0.000249145
0.697743 0.0279631 0.139623 0.00761437 0.00969267 0.000514311 0.0342343 0.0169332 0.00141815 0.00508255 0.0186086 0.00747041 0.0127306 0.00302386 0.00329004 0.0020527 0.000412181 0.00188585 9.9463e-05 0.0039906 0.000231223 0.000324591 0.0016195 0.000994441 0.00016932 0.000280939 0.000350402 0.00014382 0.000304804 0.00024792 0.000182329 0.000144087 4.44379e-05 5.75258e-05 9.94497e-05 5.01305e-05 4.32706e-06 5.37813e-06 0.000211677 3.59052e-05 1.66153e-05 3.4017e-05 2.98111e-06 3.41562e-06 1.95931e-05
0.741307 0.0288192 0.112437 0.00926024 0.0185794 0.03434 0.0105495 0.0132008 0.00416934 0.00310267 0.00967667 0.00216851 0.000988737 0.000692215 0.00313978 0.000379833 0.00349427 0.00210716 9.47742e-06 0.000116745 0.000612809 5.43357e-05 9.07964e-05 0.000464097 7.78568e-06 5.38996e-05 2.38231e-06 1.27929e-05 2.82597e-05 2.26408e-05 1.65439e-05 1.75824e-05 2.64126e-05 1.05249e-06 2.48386e-05
0.705162 0.0139192 0.139857 0.0407348 0.0056113 0.0235072 0.0145142 0.0128504 0.012423 0.00264632 0.00491369 0.00536486 0.00628537 0.00631919 0.0010537 0.00050062 0.00174879 0.000487102 0.000215116 0.000947032 0.000129277 2.31194e-05 0.000130728 0.000292985 7.58484e-05 7.92533e-05 9.11105e-05
0.733698 0.0904936 0.00055098 0.0562482 0.00899386 0.00353493 0.00658309 0.00943933 0.0364692 0.00899142 0.0126545 0.0112206 0.0103181 0.00273301 0.000372267 0.000247977 0.000114838 0.00329414 0.000317156 0.0006948 0.000579936 9.82659e-05 0.000388776 0.00109242 0.000330575 6.47471e-05 4.03151e-05 0.000108479 0.000170946
0.716403 0.021995 0.00650598 0.115248 0.0109425 0.00254778 0.0350017 0.00669901 0.00395774 0.0197895 0.0261659 0.0160766 0.00344422 0.004947 0.0009872 0.000186202 0.00376863 0.000874078 0.000745388 0.0007942 0.00225181 0.00022821 3.72366e-05 0.00014483 6.29566e-05 1.64343e-05 6.28762e-05
0.768887 0.10225 0.0258121 0.012646 0.0282299 0.00408957 0.0190858 0.00659071 0.00837706 0.00171316 0.00462125 0.00437531 0.0023034 0.00530834 8.92873e-05 0.0010938 0.000230602 0.00169011 0.000406803 0.000116428 0.000456385 0.000559885 0.00019535 7.54771e-05 0.000279002 9.43848e-05
0.70076 0.131703 0.00220876 0.0113982 0.0100792 0.0258376 0.00788786 0.00299038 0.0128005 0.0576518 0.00640952 0.00832971 0.00905363 0.00493287 0.000817365 0.000293594 0.00320933 0.00013517 0.000643864 0.000576144 0.000977875 3.25788e-06 0.000354899 0.000429467
0.731522 0.125383 0.00837144 0.00703556 0.0108247 0.03841 0.00784228 0.00742947 0.00313204 0.0064688 0.0120447 0.00792922 0.0111762 0.00557014 0.00326347 0.000399732 0.00200008 0.00571533 0.000474535 0.00324605 0.000239441 0.00043165 0.000170453 0.000433357 5.40143e-05 4.40637e-05 0.000104422 7.13066e-06 0.000170511 9.43821e-06
0.757752 0.0246009 0.0860336 0.0737582 0.00516238 0.00410073 0.000704772 0.000641983 0.0139947 0.00559481 0.00543366 0.00320205 0.00203936 0.0104805 0.000845733 0.000392421 0.00120821 0.000651835 0.000452386 0.00162889 0.000561282 0.000428496 6.4395e-05 4.09771e-05 3.54145e-05 6.54047e-05 3.84927e-05 4.30995e-07 2.07408e-05 8.24586e-06 2.6434e-06 8.41219e-06 2.69586e-05 2.05191e-06 1.56749e-06 2.68916e-06 3.41409e-07 5.46934e-06
0.115024 0.723644 0.00351664 0.00852505 0.00214211 0.0163995 0.038844 0.0129994 0.0304522 0.0165558 0.00435561 0.014292 0.00471958 0.00167869 0.000578582 0.00113322 1.87143e-05 0.00193801 0.000221091 0.000247801 8.80934e-07 2.06365e-05 0.00112894 7.48529e-05 0.000243597 0.000362063 0.000158315 0.000162944 1.50117e-05 0.000145641 0.000109316 1.87504e-05 2.51529e-05 6.66078e-06 2.30427e-05 2.2326e-05 1.42386e-05 1.20246e-05 2.9502e-06 4.95183e-05 1.3478e-06 1.54027e-07 8.59755e-06 2.97508e-05 3.79436e-05 1.136e-05
0.767454 0.108675 0.0236345 0.0108147 0.0134348 0.00765993 0.00106404 0.00239245 0.00699605 0.0041042 0.0160873 0.0207909 0.00166125 0.00630306 0.000897678 0.00189104 0.000702508 0.00235045 0.000112796 0.00104404 0.000294493 0.000651007 0.000699018 5.3594e-05 1.77018e-05 1.93458e-05 3.33913e-06 1.99486e-05 2.97291e-05 2.10609e-05 2.66716e-05 4.40637e-07 3.48211e-06 1.04665e-05 1.40069e-05
0.762156 0.0271555 0.114072 0.0272355 0.00396846 0.00200752 0.022638 0.00984037 0.00533834 0.00639768 0.00281029 0.0057804 0.00335365 0.00305324 4.61823e-05 0.00216389 0.000212127 0.000261869 0.00099041 0.000356137
0.784026 0.0197407 0.0954883 0.0220237 0.00755702 0.00242835 0.00289479 0.0143984 0.00225641 0.00514071 0.0337732 0.00711823 0.000802142 0.0009332 0.000312944 0.000170259 6.70268e-05 9.26353e-05 3.52867e-05 9.03398e-05 0.000389998 0.000147372
0.748574 0.0769888 0.0411027 0.0306025 0.012365 0.0156186 0.019533 0.000883474 0.0111053 0.0047661 0.00213146 0.00786843 0.00137935 0.00653751 0.00189825 0.0105448 0.000625662 0.000495528 0.0012853 0.000191663 0.000386429 0.00089835 0.00169956 0.000177973 0.00083782 0.000453111 0.000127336 7.92387e-05 0.000255444 3.95347e-05 6.25817e-05 6.81642e-05 6.23358e-05 1.63877e-05 6.03445e-05 1.2566e-05 9.44485e-06 6.73534e-05 8.47273e-05 6.81645e-06 1.98642e-05 8.90422e-06 1.47679e-05 1.76595e-05 5.68099e-06 6.10645e-06 3.40534e-06 5.25161e-07 7.26673e-06
0.740619 0.106759 0.0438391 0.00214575 0.00458485 0.00553942 0.0118622 0.0171829 0.0230699 0.00568089 0.00618702 0.0149671 0.00824003 0.00179347 0.00183754 0.00346959 0.000578145 0.000672635 0.00025824 1.66809e-05 1.00119e-05 0.000227403 0.000123125 4.41831e-05 3.28584e-05 0.000185118 1.06379e-05 4.76213e-07 1.26796e-06 7.83109e-08 3.78565e-06 7.13245e-07 1.65773e-07 1.80356e-05 1.8006e-06 8.13636e-06 2.77576e-06 5.78109e-06 5.61775e-07 2.48184e-07 1.55924e-07 8.41828e-07 4.38522e-06
0.725305 0.0439777 0.00703259 0.113136 0.00471539 0.020223 0.0134082 0.0125228 0.0100733 0.00556254 0.00543156 0.00884781 0.011227 0.00546656 1.99588e-05 0.000693495 0.00155714 0.000556338 0.00123771 0.00372673 0.00282387 0.000390322 0.000321872 0.000347898 0.000378279 9.2184e-05 4.45293e-05 0.000190616 0.000251961 0.000100094
0.708345 0.0116457 0.0182804 0.00908605 0.0698659 0.0615007 0.00734387 0.040673 0.0257551 0.00502311 0.00969353 0.0147682 0.00746705 0.00407089 0.00143016 0.00172183 0.000422368 7.2228e-05 8.00189e-05 0.000354278 9.60424e-05 0.000101418 0.000519495 0.0001105 0.000102823 0.000294533 0.00065629
0.719089 0.131651 0.0399504 0.0136348 0.00313646 0.0129092 0.000413779 0.0232712 0.00694876 0.0195052 0.00633981 0.00946686 0.00209579 0.00465338 0.000244441 0.000776088 0.000887183 0.00294461 0.000278684 7.49659e-05 0.000137116 0.000121441 2.20522e-05 0.00023392 1.67078e-05 0.000500242 1.73626e-05 0.000115651 7.77657e-05 9.87864e-05 6.59042e-05 5.33137e-05 9.84183e-06
0.806655 0.00688937 0.0888118 0.0117276 0.0190844 0.0271454 0.00575446 0.0019055 0.00730656 0.00810468 0.00284478 0.00116958 0.00354382 0.00478564 0.00100529 0.00107392 0.000497696 0.000691126 1.74869e-05 3.56359e-05 3.45037e-05 3.36083e-05 0.000109473 2.4548e-05 5.18421e-05 9.83836e-05 9.43437e-05 9.88343e-05 8.99247e-05 2.89441e-05 5.3357e-05 2.8906e-05 4.41239e-06 5.29585e-05
0.733349 0.110115 0.012642 0.00387949 0.0199739 0.0144571 0.0383385 0.00546048 0.00740991 0.00701212 0.00511624 0.0032426 0.00335652 0.0103818 0.00406417 0.00168835 0.00985751 0.00307303 0.00153677 0.0016207 0.00174071 3.93559e-05 0.00075183 0.000157918 5.90494e-05 5.05294e-06 1.70333e-05 6.64055e-05 3.12431e-05 0.000111324 6.32952e-05
0.7193 0.011036 0.105824 0.00478817 0.04878 0.024249 0.0181678 0.00876928 0.00545428 0.00718381 0.00777566 0.0148972 0.00776304 0.00696554 0.00265661 9.87513e-05 0.0010381 0.000199393 0.000429113 0.00027727 0.00052158 0.000279374 0.00129801 0.000544457 2.74956e-05 0.000210408 0.000445218 0.000198726 2.8773e-05 0.000133748 7.12399e-05 0.000102529 9.3362e-05 2.90278e-06 5.50457e-06 9.34444e-05 3.06397e-05 2.6875e-05 2.94956e-07 4.14015e-05 1.94308e-05 1.68566e-06 8.76868e-05
0.722749 0.11796 0.0589035 0.0135956 0.0108116 0.00312752 0.00122863 0.0364491 0.00206334 0.00945748 0.00698408 0.00720626 0.00203899 0.00187181 0.00146203 0.00118004 0.000179837 0.000306441 0.000166839 3.84515e-05 0.000441111 0.000439875 0.000131504 0.000113106 0.000119814 6.3224e-05 0.000198705 0.000103242 0.000171821 3.45865e-05 2.65488e-05 0.000103604 2.75803e-05 5.82116e-06 6.48498e-05 1.47752e-05 2.51992e-06 8.1248e-05 2.15226e-05 3.95865e-06 2.13286e-05
0.683286 0.157706 0.0504954 0.00741972 0.00194923 0.0154263 0.00973478 0.0265992 0.00319579 0.0165774 0.00991949 0.00281403 0.00111418 0.00920815 0.00147908 5.28984e-05 0.00141085 6.80725e-05 0.000202872 2.19321e-05 0.000125167 0.000415309 0.000109187 0.000155165 0.000123004 0.000113377 1.18077e-05 4.20553e-05 2.89848e-05 1.98295e-05 3.09142e-05 3.3552e-05
0.716653 0.117733 0.00356208 0.0311679 0.00857446 0.0377898 0.00327313 0.0121923 0.00774635 0.0152464 0.00300809 0.0225575 0.00477728 0.00352468 0.000200108 0.0041502 0.00199422 0.00201674 0.00152908 0.000919075 0.000228624 0.000810535 2.18599e-05 2.1636e-05 1.4983e-05 5.18476e-05 1.44627e-06 1.52994e-06 0.000112754
0.732159 0.0723827 0.00956544 0.102067 0.00261435 0.0116379 0.0307534 0.00650798 0.00891082 0.0108595 0.00242403 0.00488529 0.00123243 0.00298372 0.000135734 9.53834e-06 0.00030262 6.86903e-05 0.000101494
0.713006 0.113944 0.0595359 0.0177368 0.00803785 0.0229786 0.0116922 0.0120916 0.0198763 0.0027245 0.00228591 0.00881186 0.0018211 0.000244888 0.000913204 0.00194137 3.5868e-05 0.000984288 0.000404218 0.000301149 0.000177999 0.000267523 4.20661e-05 5.24352e-05 2.37482e-06 3.62672e-05 9.39936e-06 9.30714e-08 1.322e-05
0.0302089 0.713116 0.114819 0.00562694 0.042235 0.00839429 0.00268515 0.00254266 0.0543249 0.00966105 0.00695782 0.00121021 0.00121176 0.00213612 0.000498853 8.43153e-05 0.000625855 1.02283e-05 0.00150063 0.000193872 0.00025601 0.000455546 0.00013126 1.35098e-05 0.000336209 0.000353034 1.76334e-05 2.40568e-05 1.5775e-05 6.56608e-05 4.37283e-05 2.05791e-05 2.54273e-05 1.17436e-05 5.489e-05 1.28115e-05 4.57095e-05 1.02689e-05 1.70609e-06 1.65626e-05 3.27606e-06 1.50383e-07 1.23485e-05
0.706248 0.121338 0.0623358 0.0117655 0.00748477 0.0116039 0.0478287 0.0023042 0.00457387 0.00939632 0.00330508 0.002917 0.00132634 0.00163348 0.000516127 0.000728512 0.00121549 0.000949161 0.000179324 0.000278333 0.000125795 0.000150599 6.82814e-06 0.000117876 0.000456137 0.000207775 1.30511e-05 0.000377477 7.06735e-05 8.60153e-05 0.00011159 2.16708e-06 4.10313e-05 9.1847e-05 3.37287e-05 4.16699e-05 7.02639e-05 5.68424e-06 2.17991e-05
0.671935 0.0187082 0.0176492 0.0484925 0.137582 0.0197421 0.00832213 0.00427238 0.00559094 0.00924093 0.00724087 0.0219133 0.00797914 0.0131541 0.000139076 0.00462986 0.000249921 4.1057e-05 8.835e-05 0.000339756 0.000995402 1.8062e-05 0.000239402 0.000311126 0.000320588 0.00027039 8.00094e-05 0.00012305
0.716427 0.105852 0.0617761 0.0376311 0.00149513 0.0145258 0.00565537 0.00901506 0.00643692 0.0108771 0.0146837 0.00531399 0.00736778 0.00170175 0.000273341 3.58017e-05 0.000265841 0.00018024 4.78633e-05 1.19117e-05 0.000182453 2.23192e-05 2.58421e-05 8.30892e-05 3.18158e-05 1.94385e-06 1.80994e-05 4.67613e-07 2.94461e-05 6.97632e-06 8.08103e-06
0.750862 0.107215 0.0256295 0.0599528 0.00667017 0.00620951 0.00679915 0.00156319 0.00383105 0.00807987 0.00872852 0.00145046 0.00350424 0.00412273 6.97347e-05 0.000171024 0.00193073 0.000284851 0.00010077 0.000849711 0.000632765 7.55471e-05 0.000303602 0.000354537 0.000295216 7.94115e-06 5.26921e-05 5.06329e-05
0.0149982 0.736501 0.121902 0.0173459 0.0123578 0.0450028 0.0196609 0.00257397 0.00599627 0.0082013 0.0034093 0.00229308 0.00277612 0.0028224 0.00108083 0.000125216 0.000152783 0.000768023 0.000626456 0.000667854 0.00014883 1.36072e-05 0.00011081 4.04152e-07 0.000193423 0.000113494 2.22334e-05 2.58113e-05 4.65626e-05 5.32169e-06 5.21572e-07 7.32258e-06 1.60911e-06
0.702638 0.0542955 0.10802 0.0112541 0.0168012 0.0284783 0.0207909 0.00900204 0.0116777 0.00438707 0.00419436 0.00550057 0.00557615 0.00524179 0.00111417 0.000147835 0.00233203 0.00143948 0.000970687 0.00217908 0.000767991 0.00174021 3.78721e-05 0.000438312 6.82269e-05 0.000472566 7.26899e-05 9.06567e-05 0.000104693 3.11454e-05 1.14751e-05 7.37045e-06 3.29403e-06 1.34344e-05 2.94639e-06 5.71448e-05
0.691594 0.0548278 0.126988 0.0290239 0.00674929 0.0098296 0.00473028 0.0157526 0.00492241 0.0143053 0.0047293 0.0202888 0.00559668 0.00330024 0.00160809 0.000807259 0.00203497 0.001709 0.000127842 5.46095e-05 7.14478e-05 8.50315e-05 0.000190646 0.000157256 0.000169814 5.93714e-06 1.14166e-05 1.95574e-05 6.30339e-06 0.000155994
0.70695 0.142307 0.0376853 0.0112573 0.0196112 0.0195956 0.00950005 0.00857522 0.00236419 0.0176701 0.00233606 0.0075737 0.00646957 0.00483493 0.00166674 9.05413e-05 0.000540738 8.93246e-05
0.696999 0.15466 0.015419 0.0274431 0.0173487 0.00934425 0.0011412 0.00670695 0.0170351 0.00648923 0.00873011 0.0228909 0.00874217 0.0026408 0.000927226 0.000201155 0.000354169 3.00839e-05 0.000662083 0.00125381 9.47576e-05 0.000106285 2.1483e-05 3.08449e-05 0.000104622 0.000228688 1.74506e-05 4.19515e-05 4.6132e-05 5.75694e-05 6.08414e-06 0.000131078
0.722371 0.121965 0.0217415 0.0187701 0.0464003 0.00910035 0.00943705 0.00479375 0.0181772 0.00290364 0.00539135 0.00178988 0.0026528 0.00481137 0.000104215 0.00568929 0.000199167 0.000533976 0.00117204 4.42196e-05 4.13111e-05 0.000648119 9.82071e-05 0.000337218
0.781782 0.011037 0.0257044 0.0893207 0.00467181 0.00887626 0.0228375 0.0185573 0.0066484 0.0032272 0.00444961 0.00427262 0.00914827 0.00510893 0.000879195 0.000860783 8.01056e-05 0.00147033 0.000131713 0.000225292 0.000504588 2.12581e-05 2.20512e-05 8.63064e-05 5.29028e-06 2.16658e-06 9.61531e-06
0.680854 0.162359 0.0484196 0.0122299 0.00388252 0.00610101 0.00986126 0.0375028 0.0117176 0.00681998 0.00450748 0.00677773 0.000705209 0.00457779 0.00135802 9.03811e-06 0.000103117 0.000714433 0.0003191 0.000519155 2.72439e-05 2.62584e-05 7.54352e-05 0.000248285 5.12002e-05 4.54576e-05 2.25949e-06 7.33044e-05
0.739708 0.106102 0.0543664 0.0212693 0.00328033 0.0133008 0.00940681 0.00927154 0.0133177 0.00628386 0.00882056 0.00318251 0.00157635 0.000668396 0.000307552 0.00179946 0.00119407 4.3783e-05 0.000176425 0.00307325 0.000277358 0.000274685 0.000466627 0.000112453 0.000307048 0.000389322 1.2538e-05 0.000173173 0.000105237 0.000226756 0.000117367 3.61039e-05 4.79907e-06 0.000122076 7.1738e-05 5.48304e-05 1.78188e-05 3.20726e-06 1.49196e-05 4.22266e-06 5.47312e-06 2.80715e-05 1.02346e-06 5.22137e-06
0.733677 0.114695 0.0422264 0.0388513 0.00501438 0.00189381 0.00889473 0.00647405 0.0124082 0.00406511 0.00938263 0.00547307 0.00290418 0.00506102 0.00211248 0.000243189 0.00260077 0.000902254 0.000552048 0.000291629 0.000466239 6.80645e-06 0.000655154 0.000182785
0.725668 0.0923943 0.00734078 0.0132841 0.0111152 0.0403991 0.0471235 0.0120599 0.00970093 0.0191461 0.00526663 0.00312022 0.000873383 0.00259811 0.00170915 0.00273793 0.000138932 0.00127499 0.000173595 0.000921125 0.000339036 0.000564616 0.000335834 0.000345022 9.46471e-05 0.000561443 4.64154e-05 0.000155578 7.74406e-05 8.35957e-05 6.34687e-05 5.37417e-05 2.07675e-05 2.41134e-06 3.591e-06 0.000150057
0.672881 0.144068 0.0067938 0.0348688 0.0612358 0.00650252 0.0102097 0.00752945 0.0138206 0.0123635 0.00445851 0.00906237 0.00976995 0.00258196 4.34149e-05 0.00101939 0.0009255 0.000363992 0.000189111 0.000277595 0.00048584 0.000126165 0.000249723
0.708348 0.0214969 0.131306 0.0213237 0.00701212 0.018615 0.00747921 0.0105991 0.0371503 0.00883128 0.00768038 0.00888087 0.00660991 0.000634498 0.000484602 0.000719296 0.000282811 0.000437855 0.000620018 0.000618225 0.000181546 0.000215941 6.16111e-05
0.741829 0.112307 0.000411695 0.0326178 0.0158531 0.0226839 0.00427902 0.0126062 0.0164123 0.0017909 0.0200028 0.00456607 0.00401678 0.00254806 0.000722747 0.00387641 0.000840594 0.000827005 0.000600236 0.000282167 6.04908e-05 0.000281702 1.57343e-05 8.31684e-05 0.000115095 2.47295e-05 8.6751e-06 4.26481e-06 4.46429e-05 4.91353e-05 2.64241e-05 9.54677e-05 2.41832e-05 3.72342e-05 1.53598e-05 5.58996e-06 9.50255e-06
0.757913 0.107709 0.0197903 0.03601 0.0194201 0.010369 0.0111772 0.00285705 0.0106484 0.00403362 0.00814826 0.00463254 0.00236552 0.00249942 0.000548833 0.000142105 0.000351514 0.000312614 0.000277676 0.000114042 0.000516634
0.693975 0.140175 0.0516675 0.0106757 0.0148095 0.00887794 0.0369212 0.00355689 0.00183316 0.00789611 0.00464891 0.0059933 0.00257618 0.00618652 0.00267961 0.00431359 0.00029354 0.000210508 0.00125711 9.91691e-05 1.50804e-05 0.000164851 0.000144682 0.000227606 0.000424027 3.70171e-05 1.60034e-05 0.000203919 2.54545e-05 1.64799e-05 3.20974e-05 7.28312e-06 1.04802e-05 3.01858e-06 2.49999e-06 1.79423e-06 4.02285e-06 3.62405e-06 9.04932e-07 8.08967e-06 1.82094e-06 5.5723e-07 3.9321e-07 6.6768e-08 1.00261e-07 9.52604e-09 3.31097e-07 2.03023e-07
0.730563 0.125607 0.0117445 0.0494075 0.00811714 0.01027 0.00706272 0.0078492 0.0125153 0.0170264 0.00792013 0.0017703 0.00214909 0.0025333 0.000111637 0.000793603 0.000270377 0.000776032 0.00019515 0.00101948 0.000518548 0.00122563 3.64197e-05 4.37298e-05 0.000175368 6.57879e-05 2.63051e-05 7.98719e-05 4.16918e-05
0.74044 0.0944182 0.0503966 0.0127949 0.0093618 0.0188577 0.00445131 0.00301468 0.0315034 0.00871851 0.0053159 0.00762978 0.00727142 0.00393133 0.000256251 0.000233423 4.38219e-05 0.000695355 0.000280977 0.000134019 5.34641e-05 1.40626e-05 2.20326e-05 7.73665e-05 5.18615e-06 9.03791e-06 1.42683e-06 5.78305e-06 1.88244e-05 1.37692e-05 1.36038e-06 7.33484e-06 8.35815e-07 4.90488e-06 9.26545e-07 7.21356e-06
0.730866 0.106344 0.00853027 0.0021232 0.0486298 0.0397067 0.0179226 0.00560056 0.00650519 0.00174667 0.00634261 0.0146639 0.00178477 0.000647447 0.00141829 0.00261088 0.00120671 0.00137502 0.00110596 0.000180727 1.10298e-05 9.75553e-05 8.45446e-05 0.000101248 4.69219e-06 0.000135476 2.04337e-05 0.000134904 2.16837e-06 6.6428e-06 5.99582e-05
0.730902 0.0878749 0.0644065 0.0197618 0.00236939 0.0236994 0.0222722 0.00935267 0.00562919 0.00257405 0.0088507 0.00795537 0.00377564 0.00102653 0.00123696 2.46211e-05 0.000328064 0.000373975 0.00283657 0.00015646 0.00102243 0.000450473 0.00031483 0.000643256 6.71513e-05 0.000952807 0.000118535 9.41303e-05 0.00010797 4.85122e-05 3.21043e-06 0.000150015 0.000217538 3.39547e-06 6.93571e-05 0.000204858
0.691631 0.144546 0.0300685 0.0288813 0.0111083 0.00365863 0.00826113 0.00237771 0.0281529 0.00263617 0.0104914 0.00643163 0.0169238 0.00574646 0.000432591 0.00100355 0.000813917 0.00544276 0.000637468
0.723728 0.0168046 0.0985488 0.0475914 0.0358081 0.00957188 0.0222914 0.00937367 0.00403649 0.00263004 0.0037735 0.0109761 0.00178723 0.00364434 0.00211857 0.00232937 3.67992e-05 0.00105725 0.00139636 0.000335552 0.000256888 9.64395e-05 9.76148e-05 0.000151773 0.000530831 5.77687e-05 0.000344969 0.000135841 0.000225153 8.03182e-05 1.29506e-06 6.22956e-07 0.000104276
0.721139 0.0145098 0.110359 0.0347866 0.00697907 0.0303503 0.0286956 0.0166956 0.00223533 0.00368405 0.00129882 0.00546751 0.0175361 0.00119451 0.00186919 0.000959059 3.05606e-07 5.16568e-05 0.000161117 0.000109571 0.000182153 0.000196212 0.000770214 0.000188466 1.20938e-05 6.34796e-05 1.57462e-05 6.43904e-05 6.9637e-05 3.22198e-05 3.00859e-05 5.15275e-05 3.60215e-05 3.27302e-05 8.54332e-05 2.99727e-05
0.693685 0.0186194 0.123853 0.0379256 0.00316022 0.047634 0.024902 0.017384 0.00183652 0.00679511 0.00454223 0.00372512 0.00914887 0.00192495 0.000833737 0.00061219 0.000117575 0.000248964 0.000508844 0.00026304 0.000317585 1.55866e-05 0.000188268 0.000577511 7.8968e-05 0.000439636 0.000108762 0.000164803
0.71089 0.0436807 0.118347 0.0527641 0.0245826 0.00681692 0.00558414 0.00587162 0.00914299 0.00484788 0.0064534 0.00627313 0.000143248 0.000211741 0.000423089 0.000102225 0.000586549 2.75762e-05 3.87977e-05 0.00249516 7.37737e-05 0.000266066 5.10144e-05 9.11416e-05 0.000109853
0.694704 0.060673 0.100002 0.0358551 0.0482694 0.0138155 0.00180891 0.00401707 0.00256555 0.00483347 0.0216336 0.00370651 0.00305793 0.000192997 1.73679e-05 0.000115131 0.000908708 0.00112937 0.00034866 0.000485415 0.000759032 0.000533215 0.0001788 0.000119349 9.52141e-05
0.759833 0.0939537 0.0107314 0.0425027 0.00915429 0.00333393 0.0195955 0.00665946 0.013905 0.0222573 0.00229221 0.00499738 0.00481098 0.00279914 0.000495526 0.00021253 2.65058e-05 0.000213987 0.000275039 0.000542719 0.000250248 2.92964e-05 0.000150261 0.000141443 0.000129272 0.000181376 8.10728e-06 8.60177e-05 0.000127611 2.60956e-05 8.21656e-06 9.7772e-06 2.50295e-06 1.521e-05 6.64152e-05 6.62932e-06 9.40706e-05 7.87833e-06 2.38943e-06 3.4156e-05 5.54271e-07 1.52498e-05
0.726128 0.0107923 0.0386344 0.120145 0.0145029 0.00117067 0.0235 0.0163618 0.0220375 0.00558504 0.00684972 0.00536469 0.00401214 0.000487738 0.00102101 7.93401e-05 0.000342945 0.000805291 0.000183198 0.000706586 8.23823e-05 0.000416971 0.000125635
0.722594 0.0450707 0.129617 0.00128632 0.018161 0.00340938 0.0329396 0.0037886 0.0128617 0.00946813 0.010146 0.00227694 0.00338754 0.00249534 8.8574e-05 0.000547888 0.000704973 0.00021611 0.00016447 0.000340013 0.00012859 7.10301e-05 6.91903e-05 1.10381e-05 1.13059e-05 1.04156e-07 3.1055e-05 3.7237e-05
0.748582 0.150095 0.00387515 0.0149903 0.00584964 0.00376888 0.0293637 0.0187555 0.00877841 0.00243491 0.0027372 0.00310419 0.00197564 0.00254494 0.00100952 0.000847539 0.000866008
0.742583 0.121518 0.0038533 0.0608158 0.0100042 0.0119444 0.0163379 0.0014039 0.0132489 0.00276067 0.00878829 0.00433801 0.00127481 0.000374406 3.63869e-06 2.75178e-05 0.000277682 0.000116007 3.53926e-05 1.44886e-06 1.71572e-05 2.67188e-05 8.43878e-06 3.74226e-05 2.00243e-05 3.45091e-05 1.07892e-05 1.72848e-05 1.77913e-05 1.15676e-05 5.92502e-06 6.79015e-06 9.80053e-06 1.95266e-07 1.36073e-05 2.11418e-06 2.35777e-05
0.646727 0.206271 0.0367139 0.00340979 0.0164423 0.00857384 0.0122229 0.00106526 0.0113433 0.00277004 0.00170696 0.0287708 0.00331258 0.00115952 0.00200109 0.00423373 0.000111644 0.000738484 0.00140254 0.00431787 0.00346466 0.000183869 0.00129893 0.00067887 0.000125536 0.000483701 5.40012e-05 1.74744e-05 5.85655e-05 0.000130973
0.71212 0.0414912 0.1169 0.0379789 0.0293993 0.00927546 0.00256964 0.00481533 0.0108019 0.00395253 0.00826523 0.00699158 0.00348056 0.0086873 5.3318e-05 7.96299e-05 0.00102873 0.00099298 0.000327503 0.000155182 0.000106929 0.000126504 5.1014e-05 8.63133e-05 2.92333e-05 5.2094e-05 1.75785e-06 7.41314e-06 7.91319e-05 8.76337e-06 9.54854e-06 4.12064e-06 3.0913e-05 1.44758e-05 9.94397e-08 1.1673e-05 3.34798e-08 2.15469e-06 7.05691e-06
0.738606 0.108087 0.0467253 0.0262606 0.00389307 0.0279357 0.012158 0.00821567 0.00813757 0.00246991 0.00846739 0.00341426 0.00199166 0.000470752 0.0003373 0.000665758 0.000231964 0.000517302 1.53946e-05 0.00027279 2.01992e-05 0.000722559
0.662458 0.0153247 0.0176166 0.00748245 0.193499 0.052393 0.00453569 0.00266916 0.00907063 0.00784874 0.0129766 0.00289342 0.0050084 0.000935745 0.000120038 0.0027912 0.000390684 0.00025083 9.24792e-05 3.49671e-05 0.000615771 0.000130084 0.000223367 5.26092e-05 2.59684e-06 8.29771e-05 0.000336045
0.714152 0.154767 0.00757672 0.00590457 0.0158357 0.0337178 0.0176211 0.0194451 0.00762818 0.00370977 0.0017246 0.00197704 0.00942654 0.00211461 0.00180001 0.000177181 0.00130038 0.000139795 0.000136251 0.000100894 0.000180565 4.60312e-05
0.713019 0.151073 0.032062 0.00350287 0.019456 0.00495635 0.00437956 0.00486119 0.00595284 0.00386567 0.0314854 0.00575227 0.00311361 0.00166088 0.00214609 0.00169291 6.25328e-05 0.00457531 0.000647322 0.00137687 0.000118018 0.00200373 2.69758e-05 7.28927e-05 0.000405306 0.000294412 0.000728013 2.97512e-05 1.32032e-05 0.000238618
0.717908 0.0150536 0.132936 0.0183403 0.0400504 0.013198 0.0172823 0.00502319 0.00893914 0.00713979 0.0088852 0.0112987 0.0021611 0.000427527 0.000761581 0.000127539 0.000201797 6.18831e-06 3.23876e-05 4.42932e-05 6.76538e-05 4.21785e-05 3.65851e-06 1.61403e-05 2.12391e-05
0.758559 0.00543636 0.0318926 0.094273 0.0241396 0.0150664 0.0305045 0.018246 0.00310447 0.000598356 0.0070562 0.00400818 0.000672835 0.0025061 0.00109486 0.000522548 0.000569124 5.72796e-05 0.000610669 0.000158497 0.00026398 6.09708e-05 7.04772e-05 0.000129287 8.05886e-05 0.000145844 9.65279e-06 4.26504e-05 1.20278e-05
0.741377 0.123786 0.022494 0.0100198 0.0321129 0.00277823 0.00832798 0.0108751 0.00403393 0.0116699 0.014911 0.00521793 0.00224016 0.00267604 0.00130948 0.00371324 0.000150629 2.71417e-05 0.00029876 0.000215508 0.000272118 6.76249e-05 0.000466919 7.19721e-05 0.000370607
0.725354 0.142498 0.0475243 0.00264988 0.00259852 0.00620226 0.00828613 0.0242975 0.00531539 0.00157361 0.00320057 0.00319465 0.0132213 0.00106395 0.00249006 2.0905e-05 0.00105447 0.00189685 0.00325512 0.000576153 0.00176785 0.000443906 0.000239908 5.66385e-05 0.000118116 0.000222993 0.000288816 3.33631e-05 5.35313e-05 0.000266769 3.84048e-05 2.99973e-05 5.17546e-06 1.9601e-06 3.96192e-06 3.55987e-05 3.14102e-05
0.753593 0.00645897 0.106128 0.0531107 0.0210576 0.0162869 0.0204627 0.00452419 0.00411754 0.00244879 0.00103935 0.00477475 0.000945596 0.000136305 7.08641e-05 0.00133931 0.000613416 0.00083923 0.000737398 0.000231082 0.000233801 3.80888e-05 0.000159128 4.08595e-05 7.96857e-05 4.66573e-05 0.000237777 3.13757e-05 4.02242e-06 8.30625e-05 1.6402e-05 3.10967e-05 2.64596e-05 1.55181e-05 5.40335e-06 2.75271e-06 8.27255e-06 8.83957e-06 5.57118e-06
0.722235 0.1498 0.0256819 0.00414715 0.0220282 0.0129421 0.0041618 0.00219969 0.0332925 0.00248694 0.00953681 0.00104642 0.00279805 0.00110448 0.00269698 0.000377578 0.000885268 0.000511666 0.000809035 0.000214252 0.000174905 7.6454e-05 0.000197905 2.71311e-05 0.00011872 6.63302e-05 0.000181047 6.8699e-05 7.7076e-05
0.714966 0.044216 0.152801 0.00545287 0.02108 0.00486414 0.0054203 0.00557467 0.0187535 0.00200145 0.00604606 0.00407339 0.0102806 0.000582092 0.000855781 0.000153118 0.00044109 0.000869932 9.13519e-05 3.43701e-05 0.000121421 0.000604697 0.000227909 6.11224e-06 6.88046e-05 1.52738e-05 0.000243858
0.704917 0.114358 0.0411345 0.00848418 0.00769634 0.0177276 0.0107217 0.050445 0.0205652 0.0082161 0.00524645 0.00413382 0.000861598 0.000107319 0.000185572 0.00249006 3.86959e-05 0.000457843 0.000116822 0.00107875 0.000383057 9.28975e-05
0.71761 0.0478697 0.0291695 0.0988135 0.00716929 0.013287 0.0512849 0.0111432 0.00710858 0.00358914 0.00333053 0.00172654 0.000823503 0.000761337 0.00144919 0.000418845 0.000113812 0.00200846 0.000548814 0.000119175 0.000536986 3.38326e-05 0.000508237 9.17503e-06 0.000222765 3.40975e-05 9.47433e-05 4.35616e-05 1.56623e-05 1.25237e-05 2.51841e-06 1.26252e-05 4.73663e-05 1.94893e-05 2.6811e-05
0.0215441 0.725884 0.0416795 0.0512738 0.109351 0.010728 0.00429113 0.00808264 0.0114536 0.00364965 0.00614634 0.00360879 0.000377965 0.000778889 0.000307559 0.000158573 3.0391e-05 2.87015e-05 0.000216102 0.000129273 0.000100774 5.23499e-05 1.80403e-05
0.742693 0.104752 0.0094066 0.0599328 0.00417212 0.000966614 0.0208528 0.0243214 0.00410334 0.00455294 0.0065861 0.00348478 0.00827898 0.000717137 0.000229247 0.00047157 0.0021327 0.00109953 0.000627549 0.000243919 2.76573e-05 6.15762e-05 3.32443e-05
0.726362 0.105235 0.0422454 0.00300871 0.0575922 0.00978426 0.00343294 0.0026895 0.0138131 0.0120288 0.00439028 0.00439867 0.00569255 0.000984066 0.00268332 0.0023647 0.000394984 0.00040552 0.000503275 0.000542943 0.000494535 0.000252586 0.000300838 0.00016677 3.51836e-05 8.46909e-05
0.693326 0.0139986 0.145702 0.0623594 0.010226 0.014871 0.00389645 0.00482602 0.00787815 0.0274388 0.00772625 0.00168734 0.00054127 4.74806e-05 0.000116441 6.54567e-05 0.000458793 0.000649194 0.000402378 0.000328511 0.000130202 4.27458e-06 0.000443125 0.00060593 0.000255494 0.000448789 2.05205e-05 5.45922e-05 0.00011836 0.000361575 0.000311508 0.000322834 4.74896e-05 1.95844e-05 2.38645e-05 0.000108948 6.32958e-06 3.04333e-05 6.12513e-05 7.47393e-06 1.02138e-05 5.49367e-06 7.63185e-06 2.28981e-05 2.29172e-06 1.5316e-06 1.95266e-06 7.39866e-07 3.71716e-06 1.41213e-06 4.84553e-06
0.740963 0.0539323 0.116187 0.00945114 0.0130534 0.00774404 0.0152704 0.00470704 0.0171487 0.00573239 0.00256284 0.00388898 0.0006525 0.0012659 0.00131871 0.000218962 0.00269334 0.000202268 0.00044863 3.90318e-06 0.000312021 0.000238577 0.000617838 4.81407e-05 0.000178587 0.000664246 0.000106544 2.98477e-05 4.79461e-05 3.66975e-06 6.31425e-05
0.665503 0.0190561 0.116277 0.0539806 0.02012 0.0140372 0.0157958 0.022549 0.00381962 0.0130448 0.0258065 0.00281447 0.00160036 0.00778484 0.0089206 0.00376389 0.00176473 0.000161964 0.000702708 0.00116139 0.000157808 0.000124007 0.000297004 7.07094e-05 0.000162567 0.000301895 4.42273e-05 9.80717e-05 3.40278e-05 3.5038e-06 1.50118e-05
0.700827 0.0143292 0.113676 0.0160695 0.0298761 0.0335736 0.0121071 0.0140844 0.00232587 0.0363136 0.01054 0.00712575 0.00607027 0.000411453 0.000514089 0.00027834 0.00104366 5.23281e-05 0.000183614 5.21935e-06 0.000270013 7.15132e-06 8.89076e-05 0.000135882
0.677511 0.108386 0.00712014 0.0212062 0.0545828 0.00499473 0.0552453 0.0107815 0.00402836 0.0220217 0.0083274 0.00781295 0.0137524 0.00201327 4.60928e-05 0.00110091 0.0003374 4.52314e-05 0.000139627 7.6898e-05 9.89571e-05 7.80447e-05
0.775019 0.0393602 0.0754739 0.00726931 0.0304952 0.0225176 0.0148164 0.00351232 0.00326765 0.00324034 0.00564008 0.00809032 0.00670116 0.000327567 0.000489683 0.000822713 0.00031438 0.00172031 0.000383343 0.000184385 3.92367e-05 4.74607e-05 8.46009e-05
0.721516 0.0397066 0.126244 0.0237865 0.00345512 0.0485186 0.00338515 0.00245875 0.00425284 0.00552628 0.000669166 0.000754642 0.00784839 0.000353831 0.0067234 0.000415458 0.000625494 0.000695987 0.000334881 0.000462368 0.000270324 0.000593534 0.000518502 0.000129431 0.000134694 0.000119121 3.51844e-05 1.48285e-05 0.000164272 6.3469e-05 3.85506e-05 3.29838e-06 4.01159e-05 1.8925e-06 9.27829e-06 5.42948e-05 1.64777e-05 5.82818e-06
0.697439 0.044304 0.0263145 0.00515789 0.123667 0.0539669 0.0050887 0.00625638 0.00675197 0.00259915 0.0112435 0.00787641 0.00481863 0.00243283 0.000774478 9.85743e-05 6.80883e-05 0.000111802 9.222e-05 3.17039e-05 0.000139155 0.000234257 4.56007e-05 2.61983e-05 2.77597e-05 0.000190435 8.6972e-06 2.70947e-05 2.50607e-05 6.31962e-06 4.5822e-06 2.24904e-05 1.6359e-05 8.42288e-05
0.71295 0.0711647 0.0172942 0.0234536 0.108672 0.00404186 0.00341901 0.0109732 0.00762339 0.0195035 0.00225393 0.00580627 0.00105545 0.00336387 0.00252247 0.000779225 0.00244943 7.81146e-05 6.87977e-05 6.85782e-05 0.000311469 0.000364564 0.000265038 0.000673014 0.000114958 0.000327092 9.18742e-05 9.57365e-05 9.39031e-06 1.95813e-05 4.48139e-05 1.37015e-05 6.28028e-05
0.722235 0.00912859 0.0349706 0.111871 0.0129104 0.0091001 0.00109115 0.0427649 0.00849317 0.00944725 0.00621837 0.00924215 0.00814812 0.00109249 0.000914971 0.000295023 0.00117954 0.000629353 0.002925 0.0016867 0.00270588 0.000211035 0.000224657 0.000632772 0.00076704 0.000227103 0.000147966 5.89023e-06 0.00012889 0.000218631 9.10406e-06 4.93773e-05 1.30757e-05 1.32024e-06 7.16625e-05 0.000146315 3.36436e-05 2.67684e-05 2.01539e-06 6.91857e-06 6.51835e-06
0.71262 0.141812 0.0185874 0.0349182 0.0433515 0.00255372 0.0189693 0.00908653 0.00187075 0.00177907 0.00583846 0.00103223 0.00293424 0.000249966 0.00143225 0.000361933 3.13159e-05 0.000415485 0.000563266 1.70223e-05 4.09441e-05 0.000105635 6.60597e-05 0.000174647 7.46256e-05 0.000170055 0.00020342 0.00019423 6.64795e-06 0.000273882 0.00011658 1.60867e-05 1.15405e-05 3.52285e-05 1.99746e-05 4.21244e-05 8.27423e-06 3.3995e-06 2.3259e-06 5.38858e-07 2.16471e-06
0.695443 0.050268 0.132466 0.00579252 0.0298035 0.0365237 0.0216509 0.00404386 0.00312941 0.00634547 0.00586548 0.00339477 0.00435037 8.81733e-05 0.000295864 0.000167447 6.34968e-05 1.60729e-06 9.68639e-05 0.00010936 1.64393e-06 8.04426e-06 1.15293e-05 1.45618e-05 7.82901e-07 1.39587e-06 1.82795e-05 6.85239e-06 5.70799e-06
0.736608 0.0312435 0.106273 0.0266386 0.0538295 0.00373789 0.0030965 0.0121832 0.00580457 0.0109914 0.00186144 0.00105455 0.00325604 0.000692831 0.000311236 0.000397059 3.7075e-06 6.43476e-05 0.000995617 4.58743e-05 3.92252e-05 0.000283219 0.000300253 6.08433e-05 5.38933e-05 6.31778e-05
0.808705 0.0798918 0.0379861 0.0159493 0.00407853 0.00937245 0.00791972 0.00264069 0.00400924 0.00510625 0.0099057 0.00221352 0.0015029 0.00435472 0.0018439 0.000268966 0.00207562 0.000474132 6.62465e-05 0.000465732 0.000753769 7.57558e-05 2.28845e-05 5.58434e-06 8.28439e-05 8.53935e-05 2.38471e-05 5.15572e-06 4.01549e-06 2.28187e-05 3.43915e-05 3.73208e-06 2.74652e-06 2.11927e-06
0.712648 0.0210798 0.140028 0.0238724 0.0139905 0.0102083 0.042234 0.00936921 0.00613095 0.00614789 0.00240092 0.00351922 0.00139532 0.000472007 0.00184635 0.000290393 0.000543111 0.00187348 0.000137244 0.00052739 2.33848e-05 0.000237946 0.00010143 0.000160726 8.12977e-05 6.93932e-05 0.000122277 7.82878e-05 0.00010005 4.44426e-05 0.000208912
0.68677 0.0299755 0.147055 0.0320914 0.0591218 0.0068904 0.0166596 0.000588018 0.00462876 0.00287994 0.0013392 0.00626502 0.000591472 0.000403648 6.91551e-05 9.89906e-05 0.00166736 0.000385796 0.000231283 5.44952e-05 0.000379139 1.49027e-06 0.000159234 3.10557e-05 0.00024964 5.63715e-05 6.94523e-05 0.000266984 8.83911e-05 3.07749e-05 0.000461743 6.68153e-05 0.00023186 1.73632e-06 6.81059e-05 3.28344e-06 1.11087e-06 2.77829e-05 9.5202e-06
0.779469 0.0251323 0.106848 0.0120356 0.00799803 0.0117081 0.0132791 0.0129169 0.00870963 0.00473321 0.000525204 0.0072938 0.00321706 0.00109148 0.00161479 0.000242288 0.000517528 8.07658e-05 0.000109636 3.53199e-05 0.00015391 0.00084497 0.000453483 7.70936e-05 0.000213108 5.3872e-05 2.13297e-05 6.476e-05 0.000136881 7.71882e-05 0.000102673 4.68841e-05 0.000100275
0.736676 0.0471417 0.0960393 0.021007 0.00544647 0.00380545 0.0206743 0.00846322 0.00842473 0.0044226 0.0136507 0.0157838 0.00846857 0.00374326 0.00120878 3.58037e-05 0.00167948 0.00164718 0.00012745 0.00078517 8.20532e-05 1.02687e-05 0.000116435 0.000257476 0.000158867 2.3451e-05 6.93004e-06 1.99239e-05 4.88518e-05 1.01813e-05 3.18727e-06 5.83139e-07 1.55858e-06 1.60383e-07 1.73523e-05 1.73657e-06 2.72699e-06 1.96578e-08 2.27644e-06
0.755068 0.102043 0.0172617 0.00821559 0.040622 0.0363423 0.00685383 0.00305573 0.00886091 0.0088795 0.00191141 0.00348286 0.00454206 0.00140852 0.00066633
0.785146 0.0780373 0.0145679 0.00714083 0.0240452 0.043744 0.00918818 0.0022195 0.012771 0.000927026 0.0111817 0.00495328 0.00294566 0.000391879 0.000569866 0.00035885 0.000676512 0.000125421 0.000132638 3.10439e-05 0.000150557 8.76586e-05 7.13893e-05 0.000115497 8.63293e-06 0.00010938 4.41391e-06 0.000201744
0.716398 0.0297208 0.0368875 0.0209225 0.0109417 0.0996919 0.0263231 0.000949956 0.0251249 0.00401137 0.00579135 0.00592898 0.0054732 0.000618488 0.000173264 0.000551765 0.00275571 0.000289347 0.000394835 3.75312e-05 0.00137165 0.0020402 0.000971927 8.32591e-05 7.10701e-05 0.0010982 0.000468939 3.1061e-05 0.000351574 9.54487e-06 6.90587e-05 8.77253e-05 2.27013e-05 3.24056e-05 4.27739e-05 4.78e-05
0.745228 0.129508 0.0417113 0.0132622 0.00743801 0.0335704 0.00112729 0.00352525 0.000196568 0.00848832 0.00118174 0.00224688 0.0081731 0.00299799 0.000153318 0.000512561 0.000120452 4.03019e-05 4.51779e-05 4.02285e-05 4.8363e-05 6.2497e-05 9.45875e-05 5.93411e-05 1.06875e-05 2.09153e-05 4.83238e-05 3.719e-05
0.670494 0.0267884 0.166174 0.0653043 0.00477492 0.0245233 0.00418965 0.0120737 0.0022235 0.00310986 0.0045575 0.00714367 0.00367766 0.000333514 0.000610014 0.00110068 0.000335934 0.000822406 0.00054849 0.000224162 0.000578575
0.705667 0.0692972 0.150359 0.0262022 0.00934257 0.015794 0.00393116 0.00456963 0.000857809 0.00283157 0.00376334 0.00311047 0.0028884 0.000301299 6.4639e-05 2.75683e-05 0.000105948 0.000157395 6.26077e-06 0.000114018 0.000226616 0.000104452 6.63742e-06 8.78954e-06 3.92733e-06 1.54553e-05 2.59963e-05 2.85997e-06 5.74737e-05 1.4079e-05 2.65511e-05 5.00454e-05
0.701674 0.0201234 0.143078 0.0120942 0.00277114 0.0268696 0.0172847 0.0216101 0.0034636 0.0146455 0.00839643 0.0123512 0.00315381 0.000233046 0.000923139 0.000578926 0.00175828 0.000268226 0.00161879 0.000197157 0.00129152 0.00269372 0.00125838 0.000121688 0.000162696 0.000121688 0.000184087 2.13483e-05 0.000336312 7.38043e-06 0.000304083 0.00019927 4.43164e-05 8.4716e-05 1.45438e-05 9.994e-06 6.3931e-06 3.47483e-07 1.37256e-05
0.718097 0.000789804 0.143896 0.0245386 0.0357188 0.00457389 0.00126805 0.00629676 0.0279327 0.000585782 0.00457477 0.0110995 0.00888161 1.30942e-05 0.00543612 0.00227951 0.000957097 0.00103334 0.000136801 0.000876348 0.00029581 0.000219644 9.90081e-05 5.54437e-05 5.09199e-05 4.4005e-05 2.29048e-05 4.3031e-05 9.40192e-06 4.34689e-05 1.03021e-05 2.86197e-05 3.85056e-06 2.67884e-05
0.709394 0.157264 0.0436506 0.0347601 0.013226 0.00835615 0.00123078 0.0132603 0.00474245 0.00416965 0.00125663 0.00244949 0.00098253 0.0006272 0.00132706 0.00267558 5.96199e-05 7.12444e-05 6.64024e-05 7.92967e-05 0.000144623 1.45193e-05 1.49368e-05 1.12365e-06 3.53936e-05 2.07773e-05 1.99068e-05 1.4296e-05 1.76687e-05 2.35412e-07 1.03042e-05 5.20646e-06 5.08245e-06
0.79656 0.0316559 0.0665121 0.0138078 0.0178655 0.0131236 0.00509667 0.00252517 0.0241187 0.00661614 0.00782526 0.00614654 0.00106388 0.000286912 0.000656563 0.00269734 0.000683656 0.000956515 4.83282e-05 1.66189e-05 0.000182846 0.000344898 0.00022058 0.000297494 7.10831e-06 1.55281e-05 3.84599e-05 8.80605e-05 1.97222e-05 8.56364e-05
0.721751 0.161478 0.0289855 0.019088 0.0104038 0.0115513 0.00334829 0.00120429 0.00134445 0.00362556 0.0154315 0.00241445 0.0146882 0.00204857 0.000251682 0.00066082 0.000238449 5.71724e-05 0.000107725 0.000213928 8.38716e-05 0.000160387 0.000352109 0.000371876 7.76685e-05 5.37159e-06 3.67439e-05
0.782768 0.0806138 0.0424147 0.00874492 0.0401204 0.0018364 0.00668346 0.00594741 0.00455769 0.000320378 0.0110049 0.00975073 0.0019345 0.00130327 0.000306621 0.00069324 9.7959e-05 5.54771e-05 8.60391e-05 0.000208924 8.27318e-05 4.20178e-05 0.000126581
0.729353 0.0291348 0.0130418 0.128579 0.0406187 0.0171056 0.00215085 0.0073404 0.00455234 0.0117021 0.010594 0.000893887 0.000359116 0.000594217 0.00073727 0.00178077 0.000151795 0.000410673 4.90241e-05 0.00010455 6.94961e-05 9.239e-05 1.61426e-05 7.78555e-05 1.95812e-05 0.000190457 4.59569e-05 3.60579e-05 0.000138419
0.751128 0.0719091 0.0412973 0.0486003 0.0307359 0.0042626 0.0136312 0.00182219 0.0047357 0.0108488 0.00243574 0.00271537 0.00710547 0.00218183 0.00220609 0.000489973 0.000713785 0.000462199 0.00104793 0.000312313 0.0001156 0.000304759 0.000118661 4.78175e-06 0.0002843
0.750623 0.00619142 0.0265239 0.0233567 0.114464 0.00568687 0.0157212 0.016097 0.00626654 0.00981961 0.00210967 0.00966941 0.00249728 0.000342807 0.00486246 0.000245072 0.00353723 0.000480447 0.000240501 0.000630292 4.75191e-05
0.685447 0.00673487 0.131831 0.0417383 0.0133574 0.0398697 0.0102932 0.0238285 0.012687 0.00976384 0.00755326 0.00647882 0.00217733 0.00207089 0.00129069 9.95059e-05 0.00129386 0.000438567 0.000232586 5.84815e-05 0.000958017 5.52455e-05 0.000471918 0.000179497 9.97415e-05 0.000448779 9.54596e-06 0.000111468 9.21723e-05 4.70896e-05 0.000144146
0.741794 0.110692 0.0561997 0.00593978 0.0197067 0.0141951 0.00576321 0.0253842 0.0036143 0.00892727 0.00311968 0.000869609 0.000825795 0.00152747 0.000337683 0.000127348 0.000380311 1.46061e-05 0.000184127 0.000159816 0.000119914 6.31358e-05 1.19838e-05 4.87013e-06 3.18245e-06 6.35129e-06 2.45013e-06 5.69855e-06 8.96708e-07
0.711675 0.0589513 0.0873727 0.00782764 0.034511 0.0201994 0.00943281 0.0385657 0.00886552 0.00344024 0.00519049 0.00251386 0.005663 0.00239292 0.000312894 3.29276e-05 0.00105107 0.000186533 0.000321079 0.00030326 0.000321232 7.62057e-05 1.39611e-05 7.08074e-05 7.38787e-05 8.40288e-06 9.97854e-05 5.63698e-05 3.93583e-05 0.000173459 7.54808e-05 6.0146e-06 2.57596e-05 2.85251e-05 2.59432e-05 4.97093e-06 2.25701e-05 3.12795e-07 1.81276e-05
0.643513 0.155796 0.0185879 0.0412769 0.031376 0.0236149 0.00683367 0.00917574 0.0105098 0.0170765 0.00780116 0.00461275 0.00852844 0.00329036 0.00149497 0.00406996 0.00139551 0.00140058 0.000704387 0.000468717 0.000461369 3.38043e-05 0.0028407 0.000272832 0.00115627 0.001156 0.000241097 0.000112563 0.00051171 0.000310351 0.000143297 2.14519e-05 0.000167573 0.000369512 7.99434e-05 7.43073e-05 9.61028e-05
0.726867 0.114364 0.0263056 0.00881852 0.0171302 0.00987109 0.0213004 0.0149091 0.00603286 0.0322168 0.00411062 0.00504759 0.0108908 0.000324453 0.000100688 0.000427435 0.000545861 0.000269367 1.1369e-05 0.000212536 3.34495e-05 4.03023e-05 3.9236e-05 1.33461e-05 1.69742e-05 1.42187e-07 3.41719e-06 1.04205e-05 3.72949e-06 3.90702e-05
0.709901 0.137229 0.00842062 0.0611935 0.0130501 0.00638182 0.0114876 0.0201793 0.0102184 0.00531874 0.007666 0.00355461 0.00232895 0.000131395 0.000796708 0.000306049 0.000198989 8.82776e-05 0.000710447 0.000420759 0.00014044 8.85861e-06 3.45911e-05 9.18064e-08 1.51803e-05
0.702976 0.0134369 0.153738 0.0302589 0.0272075 0.0176303 0.00330479 0.0139058 0.00431872 0.00629379 0.0108794 0.00300185 0.0086913 0.000510307 0.00152336 0.000202769 0.000429227 0.000652483 0.000686669 9.47193e-05 2.35161e-05 0.00013225 8.92956e-06 2.60049e-05 1.85972e-05 9.63162e-06 8.05416e-06 5.33485e-07 2.39693e-06 6.94909e-06 1.51521e-06 1.8976e-06 1.07998e-05 2.32723e-06 7.98412e-07 6.72983e-07
0.721032 0.0541714 0.138614 0.0186338 0.0214105 0.0047119 0.0146841 0.00355348 0.00407368 0.00445499 0.00356607 0.00327731 0.0047489 2.74731e-05 0.000278137 0.000669263 0.00054195 1.76432e-05 0.00034712 8.56509e-05 0.000453813 0.000107529 1.81678e-05 3.18797e-05 0.000138604 1.34253e-05 0.000137246 8.89949e-07 7.06789e-06 1.03536e-05 3.47029e-05 6.2798e-05
0.775465 0.0240291 0.119793 0.0170883 0.0184827 0.0200274 0.00290716 0.00827177 0.00476222 0.002346 0.00200552 0.00142416 0.000646486 0.000962631 0.00068584 0.000173721 0.000367526 0.000145023 1.42163e-05 7.80903e-05 7.69603e-05 3.37274e-05 7.76412e-05 1.66819e-05 1.40044e-05
0.775896 0.0312772 0.00417415 0.0115928 0.0954621 0.00294088 0.0395224 0.00464716 0.011141 0.00701356 0.00431045 0.00318147 0.0061545 0.000433287 0.000245458 6.3054e-05 0.000536007 0.00012874 0.000317884 0.000154669 0.000187536 4.38955e-05 2.91924e-05 3.56159e-05 1.74925e-05 0.000185338
0.736515 0.0137395 0.0372176 0.00810781 0.0153812 0.119932 0.00545434 0.00513375 0.0208849 0.000403364 0.00288332 0.00628684 0.0114872 0.00475645 3.47198e-05 0.00233424 0.00126235 5.41139e-05 0.00265082 0.0014768 0.00125007 0.00050882 0.000267276 0.00098944 6.45269e-05 6.13988e-05 0.000311697 8.03934e-05 1.0911e-05 2.37981e-05 3.72133e-05 8.10746e-05 8.17189e-05 1.31232e-05 1.8696e-05 1.22235e-05
0.770197 0.0119692 0.0997976 0.0427574 0.0179453 0.00202833 0.0180673 0.0065935 0.00251367 0.00921734 0.00700257 0.00122252 0.00652746 0.00107316 0.000150769 8.59539e-05 0.000184255 4.21712e-05 0.000129801 0.00044644 0.000299132 0.00054538 0.000535366 7.91761e-06 0.000190065 0.000126707 7.71175e-05 1.82046e-05 1.00646e-05 2.53997e-05 6.21155e-05 5.80355e-05 3.44143e-05
0.768711 0.116396 0.0170309 0.0165323 0.00323426 0.0107848 0.0367715 0.00417932 0.00886944 0.00109491 0.00397211 0.00291613 0.00458061 0.00173921 0.000654419 0.000386096 0.000663278 2.82345e-05 0.000323066 6.83178e-05 0.000325606 0.000180109 0.000160861 8.80407e-05 4.56919e-05 0.000147273 4.60265e-05 3.11069e-06 1.49979e-05 2.17542e-05
0.702449 0.0649609 0.0159621 0.0041621 0.119434 0.0294575 0.0109549 0.00306049 0.00315139 0.013203 0.00638841 0.00544282 0.00709588 0.0042025 0.000620173 0.000385079 0.00326265 0.00191784 0.00121441 1.4929e-05 0.00104591 0.000427319 2.93201e-05 0.000382998 0.000343273 0.000195325 8.54749e-05 8.83094e-06 2.78056e-05 1.74645e-05 4.55397e-05 1.06737e-06 6.46487e-06 9.01577e-08 1.29187e-05
0.713409 0.0927802 0.0508437 0.0277185 0.00834194 0.0104193 0.026246 0.00782181 0.0108191 0.0268886 0.00611577 0.00232264 0.0113154 0.00198318 0.000252988 0.000496442 0.00094612 0.000151994 0.000373544 0.000149803 0.000106137 0.000112753 0.000143559 4.87889e-05
0.717468 0.14995 0.0342322 0.0226277 0.0211955 0.00746988 0.00348493 0.00326129 0.00747838 0.011255 0.00452314 0.00524415 0.00451789 0.00156854 5.79442e-05 0.000551168 0.000233522 0.000186454 0.000629848 0.000400314 0.00137515 0.000351628 0.000327742 0.000189322 0.000106429 0.000103699 6.66994e-05 0.00018704 0.000275137 0.000531578 6.81177e-05 3.79561e-05 9.19682e-06 2.22423e-06 9.58675e-06
0.722073 0.00510494 0.113376 0.046806 0.0187154 0.0133364 0.00164486 0.00536943 0.0313739 0.0150417 0.00968643 0.0125284 0.000768313 0.000583941 0.000331056 0.00122374 3.47512e-05 6.57739e-05 0.0014945 8.05317e-05 6.66804e-05 1.21262e-05 5.72212e-05 2.48697e-05 6.83013e-05 1.291e-05 9.534e-06 7.28523e-06 1.98068e-06 4.97801e-06 7.61795e-06 1.09312e-06 3.95515e-06 3.0081e-06
0.679682 0.0036589 0.118399 0.03166 0.059813 0.00240114 0.0660923 0.00333104 0.0130133 0.0102293 0.00431179 0.000217088 0.000942343 0.00205532 0.000713924 0.00093727 0.000176343 0.000339255 0.000323567 0.000463341 0.00017153 0.000230115 0.000386229 0.000127893 0.000168524
0.726826 0.0228241 0.0366928 0.0124425 0.0901902 0.0128065 0.0151766 0.0108806 0.0189254 0.0120544 0.0116659 0.00443767 0.0122174 0.00412453 0.00194621 0.000967224 0.00155673 0.0023503 0.000240245 0.000117339 0.00076466 0.000198553 2.64306e-05 1.61061e-05 0.00010624 1.3422e-05 0.000184578 9.97041e-05 4.39644e-05 7.48766e-06 1.40587e-05 1.53445e-05 1.64351e-06 3.33031e-06 1.62843e-05 5.27999e-06 1.31008e-07 5.62293e-06 3.09145e-07 1.55506e-06 4.59336e-06 1.94259e-06 1.18617e-05 1.95727e-06 4.24988e-06 4.46715e-06
0.741344 0.0198884 0.00171353 0.13712 0.0103329 0.00478073 0.00958071 0.00212844 0.0492297 0.00492749 0.00436681 0.010696 0.000493811 0.00160008 0.000582203 0.000177008 0.000417129 4.70042e-05 0.000302834 1.44612e-05 4.75011e-05 4.012e-05 2.00616e-05 7.50007e-05 2.08311e-06 2.18667e-06 4.63157e-05
0.665121 0.0128522 0.00518452 0.031773 0.0504404 0.0183853 0.139833 0.0107229 0.0417097 0.000918536 0.00881847 0.00891363 0.00098038 0.000381953 0.000758079 0.00160735 0.000813545 0.000187096 8.73843e-05 0.000119519 5.46536e-05 9.99874e-05
0.728064 0.110124 0.0467213 0.0141868 0.0148931 0.0111045 0.00433798 0.0140004 0.0130699 0.00714608 0.0050124 0.0214269 0.00657741 6.67649e-05 0.000122489 0.000483419 0.000344701 0.000452496 0.000235476 0.000236175 0.000165037 0.000123668 9.59964e-05 0.00022808 0.000105094 0.000249141
0.7321 0.105182 0.0389386 0.00125252 0.0297019 0.0107341 0.0448485 0.0044711 0.00427043 0.0105107 0.00113461 0.00558031 0.0012958 0.00340446 0.000352265 0.00167118 0.000953415 0.0011448 0.00181536 4.95201e-06 0.000104561 1.15042e-05 0.000161148 1.73187e-05 7.4197e-05 5.13402e-05 7.54158e-05
0.741567 0.12791 0.0295003 0.0133307 0.0110216 0.0188241 0.0139762 0.0211734 0.000409628 0.00248484 0.00265007 0.00241842 0.00529862 0.00195566 0.000399733 0.00123305 0.000230428 0.00263293 0.0003135 0.000108599 0.00163179 0.000233777 4.558e-05 8.87749e-05 3.02086e-05 1.35219e-05 7.21162e-05 1.41438e-05 9.83497e-05 0.000142897 3.04217e-05 1.19802e-05 1.39297e-05
0.134294 0.724084 0.017088 0.0155179 0.00588307 0.0170182 0.0169717 0.0289575 0.0145656 0.00135638 0.00313374 0.00952805 0.00108274 0.00067658 0.000403631 0.00136681 3.82567e-05 0.000458587 0.00358565 0.00124739 0.000110547 5.51443e-05 0.000272861 0.000964053 9.18507e-05 0.000396576 0.000231261 0.00010658 4.50509e-05 1.23611e-05 4.50252e-06 0.000115604 7.94856e-06 6.86976e-05 1.52253e-05 7.7903e-05 4.09458e-05
0.11376 0.751039 0.0415321 0.00291059 0.00676424 0.0189743 0.0102918 0.0251411 0.0102552 0.00240455 0.00343524 0.00115495 0.00725045 0.000487538 0.000316205 0.000816547 0.000556961 0.000741271 7.83547e-05 0.000189082 0.000187308 1.55651e-05 9.433e-05 2.75436e-05 2.48352e-05 0.000304358 0.000259777 0.000151779 1.0597e-05 0.000199982 5.07002e-05 3.06656e-05 1.40307e-05 0.000156245 2.75239e-05 3.11308e-05 7.75825e-05 1.08845e-05 5.16815e-05 9.19891e-06 2.28062e-08 4.96336e-05 5.97616e-06
0.706749 0.0462977 0.0189268 0.173481 0.0162404 0.0156869 0.00402606 0.000882684 0.00169355 0.000836045 0.00231372 0.0014934 0.00519912 0.00243829 0.000197697 0.0017109 0.000192284 0.000834825 0.000261467 2.36595e-05 3.05394e-05 1.85583e-05 2.08289e-05 0.000293312 1.9734e-05 1.54555e-05 2.23993e-05
0.709741 0.141557 0.00918544 0.015498 0.00997298 0.0326274 0.025605 0.0110766 0.0182057 0.0100705 0.0051639 0.00410215 0.00161097 0.00141017 0.00139083 0.00105482 9.1253e-06 3.0791e-05 0.000687402 0.000220944 0.000172337 6.06334e-06 4.39477e-05 0.000104982 4.77912e-05 4.59518e-06 0.000111072 1.57513e-05 3.36824e-05 7.8009e-05 2.20816e-05 3.34424e-05
0.750458 0.0198932 0.109977 0.048455 0.0228648 0.0100186 0.00880514 0.00552829 0.0073231 0.0015101 0.00213463 0.00476654 0.00234041 0.000691923 0.00151196 0.00104708 0.000866788 8.41544e-05 0.000569976 8.93162e-06 0.00022414 3.12771e-05 0.000129934 8.74326e-05 4.75232e-06 0.000153519 0.000170446 5.08417e-05 8.34619e-05 7.47517e-05
0.752258 0.0369699 0.112452 0.0124012 0.0273245 0.00970674 0.0102645 0.00572132 0.00908492 0.00970712 0.00322099 0.00689348 0.00114453 7.22808e-05 0.000255603 0.000467643 0.000134989 0.000277934 4.91284e-05 0.000381259 0.000102431 4.97732e-05 0.000568029 0.000174411 0.000283765
0.767207 0.11574 0.0303312 0.0142548 0.0217702 0.0166927 0.0134899 0.0044484 0.00121602 0.000403204 0.00222273 0.00341143 0.00358557 0.000306655 8.05485e-05 0.000294737 0.00166861 7.275e-05 0.000564454 0.000395485 7.26352e-05 0.000628646 0.000698911 0.000130558 8.21731e-05 9.6926e-06 3.75716e-05 6.38913e-05
0.73555 0.117623 0.0445403 0.0342273 0.0138011 0.00869121 0.00779294 0.0102631 0.0079653 0.0061716 0.00718512 0.00241711 0.00104288 0.000442391 0.00107112 0.000234046 7.97395e-06 0.00054629 2.19067e-05 2.02133e-05 1.23296e-05 5.49114e-06 0.000159355 1.48616e-05 1.76841e-05 6.21403e-06 2.67922e-05 2.88672e-05 3.73243e-05 2.02752e-06 3.16504e-05 9.9364e-06 4.27806e-07 9.89748e-06 5.27019e-07 4.79092e-06 1.13457e-06 7.73988e-07 3.57988e-06 1.58753e-06 2.2715e-06 1.70674e-06 8.46684e-07
0.720242 0.117 0.0223234 0.00616546 0.0531159 0.000997586 0.00964379 0.0123262 0.0149148 0.0132718 0.0125889 0.00515035 0.00810159 0.00170159 0.001282 0.000703512 8.15572e-05 6.36996e-05 4.43385e-05 0.000128348 6.82282e-06 2.01805e-05 4.07769e-05 3.31546e-06 1.72804e-05 1.96291e-05 1.19699e-05
0.700895 0.00546167 0.0119022 0.0332598 0.119627 0.0276243 0.0575691 0.00755299 0.00659044 0.0126136 0.00222398 0.00758637 0.000728119 0.00191475 0.000326125 0.00142019 0.000112199 8.22532e-05 0.000530455 9.10045e-05 0.000595329 8.44836e-05 0.000182513 9.84985e-05 0.000152535 0.000114657 0.000333186
0.716734 0.0849862 0.0205593 0.070415 0.0156841 0.016357 0.0131109 0.0167512 0.00301854 0.0216094 0.00455813 0.00380054 0.00895348 0.00032765 0.000929276 0.000407727 0.000969224 1.81026e-05 7.98134e-05 3.37538e-05 5.6751e-06 0.00011715 0.000322162 8.58146e-05 8.77669e-05
0.69983 0.0505124 0.126693 0.0387609 0.00733379 0.00929191 0.00441732 0.00626767 0.0216747 0.00504059 0.0215795 0.000575563 0.00194042 0.00170997 0.000679462 1.6802e-05 0.00184402 0.000174183 0.000347472 0.00033622 9.48736e-06 0.00052088 7.25298e-05 0.000106013 1.77573e-05 6.30497e-05 7.10201e-05
0.742356 0.143664 0.00414565 0.0356095 0.000974128 0.0129612 0.0187632 0.0201583 0.00244211 0.00257851 0.00119614 0.00782397 0.00402959 0.000765452 0.000208791 0.000376857 0.00023765 7.55618e-05 0.000364632 0.000556807 0.000125825 9.29719e-05 3.81314e-05 8.05458e-05 3.46075e-05 4.69515e-05 8.68216e-05 7.08594e-05 4.0553e-05
0.75267 0.00791518 0.090248 0.045573 0.0371333 0.00201518 0.0186969 0.00670927 0.00818019 0.00736489 0.00522416 0.00965118 0.00149064 0.00164852 0.000203946 0.00158402 0.000138711 0.00138206 0.000618136 0.000123669 0.000338842 0.0002115 0.000442186 9.71767e-05 0.000134997 4.19723e-05 7.31648e-06 1.84139e-05 1.17389e-05 1.49501e-05 6.72635e-05 1.11582e-05
0.728588 0.108035 0.0148256 0.00477831 0.0249314 0.044804 0.030342 0.008186 0.0121543 0.0107866 0.00784192 0.00179964 0.00119943 0.000143736 4.70897e-05 8.09731e-05 0.000135408 0.000272506 0.000287463 0.000333844 0.000100245 2.70681e-05 3.38284e-05 2.7335e-05 7.99056e-05
0.72345 0.0844676 0.0981348 0.0181917 0.0161739 0.0129079 0.00774818 0.00738077 0.00946202 0.00875755 0.00284697 0.00672037 0.00112112 0.000158667 0.00037579 0.000137811 0.000105422 0.000567717 0.000387147 0.000188047 0.000368421
0.690606 0.146107 0.043313 0.0086342 0.0117884 0.0136156 0.00974924 0.0203543 0.0147333 0.00984696 0.00783398 0.00593554 0.00685601 0.00376614 0.00042989 9.07706e-05 0.000428822 0.000129998 0.00197366 0.00090888 0.000814457 0.000573062 0.00063666 9.68241e-06 0.000698417
0.697186 0.143231 0.0176192 0.0280142 0.0278364 0.0394153 0.0116942 0.0123036 0.00648379 0.0021622 0.00196747 0.0055502 0.00347501 0.00143832 0.000255168 0.000451452 0.000149679 0.000100573 0.000145498 0.000266614 8.23601e-05 1.32014e-05 4.72411e-05 2.25909e-05
0.687034 0.157287 0.0157209 0.0430799 0.00905422 0.031712 0.0102917 0.00399337 0.0187471 0.00257878 0.00595642 0.00577708 0.00187092 0.00453385 0.000978022 0.000403665 7.82293e-05 0.000203985 0.000160379
0.0244561 0.693027 0.155694 0.0367528 0.00669071 0.0249303 0.0092762 0.0193557 0.00199302 0.0103775 0.0043633 0.00256609 0.00562344 0.000291765 0.000133392 0.00014309 0.00184631 0.000540587 0.000106674 0.000244368 0.000286208 0.000682741 5.80821e-05 0.000398345
0.0314478 0.718609 0.131253 0.00559565 0.0178588 0.00551428 0.0205257 0.0468465 0.00452211 0.00693144 0.00387454 0.00200237 0.00338545 5.63047e-05 0.000197488 9.69608e-05 0.000126682 0.000129119 3.72181e-05 0.000222379 0.000172564 0.000147894 5.04931e-06 8.16135e-05 0.000112558
0.716692 0.11164 0.0146718 0.0485379 0.0020119 0.0142917 0.0376681 0.0244104 0.0113499 0.00511382 0.000317888 0.0026555 0.00620088 0.00162817 0.000495162 0.000260028 0.000329261 0.000142972 0.00031393 7.35213e-05 0.000233825 0.000136315 6.92956e-05 0.000211495 0.000106134 0.000123367 0.000185524
0.756665 0.029004 0.0851064 0.0383152 0.0146828 0.0215096 0.0211886 0.00337219 0.0110949 0.00718252 0.00108975 0.00630842 0.00150849 0.000444008 0.00176561 0.000213845 2.50403e-05 0.000207114 1.59564e-05 4.2623e-06 2.05728e-05 2.99748e-05 4.5839e-05 3.18143e-07 3.97587e-05 1.8853e-05 4.94006e-05 1.8365e-06 1.37377e-06 1.3762e-05 1.7612e-05 3.72993e-06 3.35858e-06 3.88239e-06 1.14066e-05 3.06731e-06 3.80613e-06 1.1492e-05 1.90799e-07 3.15645e-06 6.76683e-07 6.41061e-06
0.772688 0.126289 0.00673862 0.0154717 0.0313021 0.0127377 0.0139607 0.00488366 0.00347528 0.00265612 0.0056142 0.000707649 0.00034532 0.000801134 2.57439e-05 9.37175e-06 0.000568699 0.000394618 0.000198246 0.000497514 0.000158116 3.87662e-05 3.24325e-05 7.80451e-05 0.000107922 6.29487e-05
0.713651 0.0328151 0.129605 0.057097 0.00423927 0.0303523 0.00395158 0.00826285 0.0033373 0.0114417 0.00153145 0.00276496 0.000469172 0.000203527 4.01878e-05 2.14933e-05 1.39201e-05 1.00721e-05 5.81481e-05
0.745205 0.122545 0.00596665 0.0032562 0.0400214 0.0238432 0.0116477 0.0121343 0.00114724 0.00718079 0.00905542 0.00434023 0.00364314 0.000216396 0.00134499 0.000520103 0.00301694 0.00135299 0.000927279 0.000417901 0.000612528 0.000120867 0.000517479 0.000164139 7.46345e-05 0.000171339 0.000131015 0.000217523 4.4606e-05 6.82291e-05 2.43742e-05 2.52743e-05 1.01909e-05 3.63096e-07 4.10182e-07 6.95502e-06 2.43941e-06 4.61942e-07 4.47581e-07 9.93134e-06
0.120155 0.734997 0.0105888 0.0410415 0.0194129 0.0174904 0.00195774 0.00353101 0.00716035 0.0129405 0.0048589 0.0126701 0.00908312 0.000329008 0.000282289 0.000318101 0.000880561 0.000770796 0.000690768 1.32338e-07 4.41876e-05 5.38935e-05 3.96572e-05 4.97236e-05 9.61881e-05 6.54988e-05 2.55542e-05 3.72646e-05 2.85542e-06 0.000178519 3.25417e-06 4.74554e-05 4.9033e-05 8.40363e-06 6.3282e-05 1.45681e-05 1.50694e-06 5.81472e-06
0.725301 0.104677 0.0151803 0.0221167 0.00908089 0.0424279 0.0386034 0.00673418 0.0192484 0.00269944 0.00233451 0.00364134 0.00143714 0.000630665 0.000350432 0.00170052 0.000206865 0.00241867 0.000268257 0.000271169 7.12973e-05 0.000101365 9.38889e-05 2.71506e-05 2.3536e-05 5.32503e-05 1.42517e-05 0.000133631 6.82165e-05 2.32749e-06 8.88303e-06 1.88314e-05 1.48736e-05 5.05746e-06 7.88725e-07 2.29776e-06 1.21037e-05
0.677463 0.0121095 0.160396 0.0186793 0.0413597 0.0149919 0.00604754 0.0160931 0.0230935 0.00524473 0.00346037 0.00871806 0.00587687 0.000142371 0.000588695 0.000389501 0.00264664 0.000675442 0.000731437 5.76808e-05 0.000586511 6.07748e-06 0.000197044 6.09986e-05 4.4658e-05 6.0093e-05 5.17728e-05 4.91417e-05 1.20832e-05 5.46704e-05 7.01469e-06
0.744474 0.0372031 0.111472 0.0214993 0.00760724 0.0139979 0.00157328 0.0194336 0.00641852 0.0205127 0.0040256 0.0013482 0.00257482 0.000215914 0.00152003 0.00393417 0.000115353 1.4276e-05 0.000384752 7.37136e-05 0.000288755 0.000579999 0.000288354 9.84681e-06 4.09982e-05 6.09647e-05 2.24641e-05 0.00013905 5.1826e-05 5.98557e-05 2.14505e-06 3.83335e-08 1.00447e-05 2.96619e-05
0.669668 0.00248209 0.14513 0.0790692 0.0131777 0.0114529 0.0122628 0.00229379 0.0240674 0.0126783 0.00257136 0.00958102 0.00840304 0.00231428 0.00192934 0.000311941 0.000347701 0.000538401 0.000372222 4.2256e-05 9.36681e-05 0.000453521 0.000227314 0.000273617 7.11634e-05
0.792406 0.0694683 0.0487929 0.00975391 0.0124654 0.0148671 0.00613276 0.00806721 0.0100912 0.00984354 0.00384413 0.00232539 0.00333557 0.00536275 0.000575032 1.33796e-05 0.00101675 0.00015658 0.000482623 0.000192661 0.000174515 0.000144056 3.25272e-05 3.0309e-05 5.74632e-06 3.68408e-05 0.000162213 6.45599e-05 0.000111289
0.69557 0.019641 0.0346506 0.149257 0.0283136 0.00628032 0.0288851 0.00374341 0.00791239 0.0072426 0.00598318 0.00291383 0.00124557 0.00147386 0.000269067 0.000151803 0.000520521 0.00101101 0.00288145 0.000421098 0.000157795 0.000228845 0.000456276 0.00024094 4.21885e-05 0.000228772
0.726343 0.00704801 0.088315 0.0278945 0.0245885 0.00287168 0.0546592 0.01732 0.00614166 0.0024978 0.00677244 0.0176735 0.00537038 0.000631495 0.0047736 0.00105163 7.26531e-05 0.000450503 0.0002446 0.000239626 0.00077627 0.000766288 0.00025292 0.000277591 0.000349966 4.22975e-05 0.00104552 0.000120732 0.000345427 0.000255583 3.72487e-05 5.15503e-05 3.35592e-05 7.70279e-05
0.675658 0.128079 0.0490362 0.0211509 0.0187811 0.0596731 0.00657784 0.00788051 0.000738791 0.00214698 0.00910084 0.010226 0.00298792 0.00138395 0.0015814 0.00142803 0.000279487 4.30534e-05 0.00137686 0.00017158 0.000225391 0.000219244 0.000335388 8.55528e-05 6.73142e-05 3.94267e-05 0.000173963 4.70547e-05
0.648902 0.163231 0.0452539 0.0648753 0.0144757 0.00533109 0.0161569 0.00685929 0.00626843 0.00752368 0.0040089 0.00461333 0.0058668 0.000812224 0.00124302 1.37716e-05 0.000787435 0.00035951 0.000334332 0.000180788 8.8769e-05 0.000388587 0.000290113 0.000760176 9.60882e-05 0.00069228 0.000112084 0.000190254 0.000112544 3.53328e-05 3.405e-05 3.43573e-06 3.59632e-05
0.68927 0.1624 0.0438186 0.00879572 0.0282229 0.0129603 0.00627204 0.0164394 0.00858759 0.00534439 0.00433507 0.00355109 0.00360642 0.00200141 0.000173349 0.00113006 0.00023981 0.000188274 0.00069263 0.000716967 0.000536582 0.000165085 4.3219e-05 9.57544e-06 0.000251179 8.22393e-05 1.36389e-05 2.70873e-05 1.02237e-05
0.731273 0.0517144 0.116399 0.0360234 0.00842488 0.00472731 0.00670716 0.00755256 0.00101374 0.00600114 0.0114648 0.00223359 0.0106939 0.00329964 0.000112178 0.000273536 0.000895926 0.000381205 3.16953e-05 2.90248e-05 0.000379845 4.91659e-05 2.65854e-05 0.000102539
0.73862 0.0135561 0.0793991 0.0477749 0.00576136 0.0410094 0.000937963 0.0068434 0.0109565 0.00387698 0.0156156 0.0035815 0.0106661 0.00233841 0.00527857 0.0022509 0.000840527 0.000851718 0.00576812 0.000377985 0.0010713 0.000785419 0.000124517 3.91113e-05 0.000150628 0.000244989 1.67632e-05 7.11988e-05 0.000476912 0.000180803 3.11027e-05 0.000209277 1.43994e-05 3.36666e-05
0.71726 0.0963474 0.0396136 0.0181892 0.0128165 0.0170516 0.0415121 0.0202969 0.00642714 0.00928242 0.00464051 0.00748423 0.00265694 0.00162969 0.000230123 0.00148327 0.000430629 5.18132e-05 9.1731e-05 0.00088033 0.000232605 1.5184e-05 2.97681e-05 0.000228964
0.727916 0.127651 0.00449923 0.018513 0.0379089 0.0174653 0.0238147 0.015132 0.00344213 0.00649789 0.00227961 0.000982655 0.00786693 0.000485133 4.64405e-05 0.00194104 0.000908369 1.05836e-05 0.000954199 0.00056023 0.000390361 5.63307e-05 0.000105805 0.000118824 5.49934e-05 8.82458e-05 5.36301e-05 0.000125204
0.722527 0.111997 0.0409189 0.00156922 0.0317509 0.0311785 0.0286241 0.00496347 0.00474019 0.00255672 0.00657052 0.000658044 0.00699165 0.000584855 0.00236373 0.000143584 0.000318995 0.000770884 0.000208317 1.35098e-05 0.000143356 1.39103e-05 3.18001e-05 2.59222e-06 7.02442e-05 5.68185e-05 0.000103964 4.69653e-05 1.14755e-05 1.52175e-05 2.44493e-06 7.51573e-06 7.97469e-06 9.36168e-06 1.51422e-05
0.67667 0.177499 0.00748283 0.00981854 0.0641901 0.00931901 0.0054503 0.0151647 0.0117434 0.00154568 0.00871295 0.00586834 0.000840289 0.00310271 0.000942104 0.00103553 0.00015477 9.49278e-05 0.000109047 8.56743e-05 2.51671e-05 6.54949e-06 3.01724e-05 6.70476e-05 1.62329e-05 3.26824e-06 5.61821e-06 5.83266e-06
0.741657 0.134504 0.00285525 0.0218888 0.00354816 0.0306262 0.0139034 0.0327298 0.00177449 0.00185207 0.00927646 0.00116014 0.000476713 0.000339529 0.00126835 0.000197865 0.000785474 0.000187459 0.000138344 4.63326e-05 0.000157828 1.98464e-05 1.69868e-05 0.000130239 6.49997e-07 2.8765e-07 9.4332e-06 5.10363e-05 0.000286231 2.56639e-05 1.33806e-05 2.03489e-05 8.49308e-06
0.723557 0.00267286 0.108693 0.0640625 0.027795 0.00590829 0.0270667 0.00506876 0.0117884 0.00727941 0.00437006 0.00495601 0.00177412 0.000171987 0.000250048 0.000365805 0.000626457 0.000440409 0.000451974 6.32597e-05 0.00128612 0.000100461 0.000325455 0.00031684 0.000143781
0.744983 0.00533726 0.140849 0.00657598 0.037577 0.00153809 0.00350151 0.0193321 0.00925489 0.00996813 0.00479924 0.00300711 0.000423606 0.00266097 0.00188062 0.00234504 0.000779729 0.000212642 0.00178261 0.00025457 0.000456422 0.000363695 0.000124845 0.000125497 1.47314e-05 0.00026572 0.000732672 9.18135e-06 0.00025374 7.37846e-05 2.83167e-05 9.73625e-05 9.75877e-05 5.48652e-05 2.92087e-05 1.27609e-05 2.75857e-05 4.91737e-05 3.54982e-06 5.15994e-06 5.8743e-05
0.700054 0.0113409 0.140907 0.0310937 0.00844652 0.00386901 0.0557464 0.0194216 0.00255377 0.0034701 0.00274806 0.0102869 0.00469647 0.000538541 0.000180733 0.000873228 0.000650423 0.00043472 0.000684631 0.000838435 9.60763e-05 0.000224247 7.34911e-05 0.000247729 3.27885e-05 0.000117028 4.26347e-05 0.000139935
0.662577 0.113031 0.0675856 0.0286841 0.0265957 0.0341644 0.0125332 0.00947702 0.0218377 0.0061567 0.00295309 0.000624529 0.00682782 0.00150743 0.00249942 0.000211844 0.000775841 0.000395166 0.000721281 0.000256282 4.82354e-05 7.11309e-05 2.53273e-05 4.53492e-05 0.000111818 1.04775e-05 9.43393e-05 1.61792e-05 5.69624e-05 7.28257e-06 1.59802e-05 2.42759e-06 3.02522e-05 2.31497e-05
0.73326 0.00751754 0.141221 0.00978057 0.0386975 0.0156022 0.0218321 0.00309214 0.00160236 0.00160189 0.00597463 0.00591328 0.0090207 0.000491308 0.00108018 0.000196185 0.000699465 0.000416381 0.000599229 0.00010153 0.000772035 0.00014294 9.44526e-05 8.92944e-05 3.67718e-05 5.63523e-05
0.780053 0.00862094 0.0106155 0.0077789 0.0833671 0.0217455 0.00284339 0.0147646 0.0182088 0.00177169 0.0105242 0.00242609 0.0287361 0.00110943 0.000260273 0.0003094 1.04902e-05 0.000814673 0.000464722 0.00114098 6.78843e-05 0.000401948 0.00295553 0.000581564 0.000128063 3.04172e-05 8.25245e-05
0.711939 0.0372925 0.132894 0.0098494 0.0300978 0.00508513 0.0245769 0.0025776 0.00470311 0.0112292 0.00195144 0.0113147 0.00839352 0.000601982 0.000701306 0.00202355 0.00150333 3.05611e-06 1.39974e-05 0.00177399 0.000451575 0.000311748
0.776827 0.0906764 0.0305686 0.00538021 0.00472571 0.0144561 0.0345437 0.00525702 0.00590066 0.00354552 0.00290865 0.00605549 0.00934652 0.00224101 0.00138631 0.00129344 0.000986224 8.44513e-05 0.000625521 0.000879395 9.32211e-05 0.00022576 0.000923078 3.04159e-05 0.000110622 2.48564e-05 0.000183794 0.000123274 0.00013677
0.0212804 0.72454 0.138374 0.0660476 0.00415125 0.00244922 0.00419672 0.00737566 0.00340124 0.011831 0.00406438 0.004379 0.00249927 0.0013762 0.00125831 1.21148e-05 7.80146e-05 0.000817113 3.51532e-05 0.000110847 0.000819707 0.000291828 0.000181408 0.000104664 2.55278e-05 3.96713e-05 5.16582e-05
0.717501 0.137325 0.00717859 0.0434843 0.00408983 0.0344136 0.0189532 0.00475425 0.00683374 0.00595925 0.00169316 0.00472938 0.00517746 0.00356163 0.0019277 0.00057433 4.57581e-05 8.45502e-05 0.000472439 0.000321912 0.0001242 5.22398e-05 8.00796e-05 4.11138e-05 0.000169021 2.92546e-05 9.2373e-05 0.000139936 7.60784e-06 2.18639e-05 1.54515e-05 4.27107e-05 1.6101e-05
0.0160229 0.697745 0.0932555 0.0517041 0.0133883 0.00488083 0.0268096 0.0132194 0.0165352 0.024636 0.00705697 0.0121639 0.0153769 0.00172923 0.000825428 0.00114043 0.000938013 0.000455037 2.41431e-05 0.000336871 0.000879086 0.000170199 3.05557e-05 9.02536e-05 0.000146641 1.79468e-05 1.05882e-05 1.49764e-05
0.69295 0.138121 0.0382763 0.00985377 0.0419463 0.0179796 0.0123557 0.01586 0.0171276 0.00325712 0.00301076 0.00155415 0.00057374 0.00352537 0.00101321 0.000700623 0.000376798 0.000380449 0.000554372 0.000144366 5.19514e-05 5.74983e-07 8.09157e-05 0.000108733
0.763376 0.115365 0.0103924 0.0086843 0.0184522 0.00998373 0.0106526 0.00920534 0.0242127 0.0080841 0.00819536 0.00666178 0.00356592 0.000339131 0.000160231 0.000216325 0.00107938 0.000115528 0.000159792 1.31997e-06 0.000227151 6.53881e-05 4.11334e-05 0.000198498 4.86411e-05 0.000285857 1.9455e-05 4.44229e-05
0.664022 0.0212966 0.0455944 0.165593 0.0391806 0.00150974 0.00520951 0.00378571 0.00764547 0.00619828 0.012418 0.0116891 0.00355729 0.00268255 0.00273052 0.00028337 0.00120671 0.000517195 0.00049844 0.00161912 0.000129467 0.000718658 0.000829651 0.000793434
0.702819 0.118017 0.0239869 0.0233333 0.00678303 0.0288032 0.055479 0.0127548 0.00531605 0.0124618 0.00410531 0.00304081 0.000856218 0.00038947 9.61969e-05 5.60162e-05 0.000564932 9.14387e-05 0.000145636 0.000185422 0.000224161 1.8888e-06 7.60097e-05 8.44509e-05 8.24884e-05 0.000105356 6.72966e-05
0.680342 0.150117 0.0568733 0.0218217 0.0306963 0.00866477 0.00576876 0.00735804 0.00589496 0.00473827 0.00766677 0.00294047 0.00681186 0.0061534 0.00154746 0.000790018 2.5099e-05 0.000254074 0.000434725 0.000162651 0.000296244 0.000240125 8.55925e-07 6.78553e-05 1.89005e-05 5.14084e-05 6.57351e-05 1.0166e-05 4.95594e-05
0.717374 0.0157503 0.142644 0.00763548 0.00996603 0.0426199 0.0191903 0.0142858 0.0041383 0.00638367 0.00347695 0.011601 0.00256932 0.000794278 0.000339034 0.000641281 5.62444e-05 0.000235679 8.88183e-06 4.27039e-05 1.10304e-05 0.000149586 5.1086e-05 1.88802e-05 5.52482e-06 8.27437e-07 5.02552e-06
0.769051 0.14315 0.0254199 0.00537773 0.00476585 0.00319091 0.00495899 0.0217454 0.00270215 0.00537698 0.00431778 0.00167449 0.0024523 0.00215385 0.00102813 0.000758686 0.000380416 0.000128787 7.18628e-05 0.000335091 0.00048643
0.70631 0.143241 0.0333801 0.035805 0.00727134 0.0159128 0.028502 0.00423561 0.00685509 0.00524697 0.00417463 0.0010779 0.00198439 0.00173123 0.00134588 0.00169981 0.000159125 0.000152935 0.000137864 0.00028768 0.000122148
0.664451 0.134774 0.02518 0.0413669 0.0190866 0.0522527 0.00222492 0.0102256 0.0079479 0.027716 0.00571965 0.00499611 0.00144573 0.000918714 0.000781049 9.03989e-05 0.000494303
0.705633 0.00410253 0.00898671 0.013078 0.150807 0.0281667 0.00241524 0.0248703 0.019317 0.0153653 0.0105505 0.0033753 0.000815529 0.00917057 0.000871696 0.00119979 0.000381299 2.94278e-05 0.000124167 0.000140169 0.000433031 4.01154e-05 2.85726e-05 4.18962e-05 2.25756e-05
0.714389 0.14415 0.00978087 0.026165 0.00613996 0.00922201 0.0103617 0.00555806 0.0386257 0.0191433 0.00347836 0.003549 0.00516161 0.00171008 0.000214588 0.000902769
0.685039 0.13052 0.0420767 0.0338855 0.0350048 0.0225176 0.00999168 0.00371888 0.0130821 0.0072459 0.00950181 0.00173296 0.00170688 0.00309603 0.000330356 2.38535e-06 8.63423e-05 0.000111282
0.696277 0.144761 0.0477738 0.0202548 0.0428218 0.00574925 0.00856093 0.0081941 0.00219951 0.0109062 0.00419322 0.000888256 0.00266472 0.00246594 0.000234822 8.37173e-05 7.12991e-05 0.000462148 0.00048788 1.54797e-05 0.000105528 0.000333996
0.0354521 0.722968 0.0122812 0.0991618 0.0163241 0.00434112 0.0218708 0.00649124 0.0144738 0.00338588 0.0364178 0.0117973 0.000853993 0.00156967 0.0051641 0.00188618 0.00049978 0.00130872 0.00106212 5.94883e-06 0.000844875 0.000283864 0.000501044 0.000311323 0.000127363 7.91997e-05 0.000318409
0.709359 0.0268662 0.151245 0.0216225 0.00739741 0.00932995 0.00784465 0.0252215 0.00524689 0.0126893 0.0153096 7.96031e-05 0.00224009 0.000233656 0.00073287 0.00179064 0.00102942 0.000375343 0.000396656 8.66071e-06 0.000103413 4.45374e-05 7.48479e-05 8.86414e-06 9.12528e-05 0.000168157 0.000174326 0.000161761 4.49514e-05 5.06308e-06 6.90968e-06 2.76684e-05 1.33041e-05 4.08967e-06 4.58993e-06 1.30089e-05
0.772893 0.0457908 0.113229 0.00548842 0.0171876 0.00346744 0.00736941 0.00144069 0.00329844 0.0082221 0.00781326 0.0017906 0.000456364 0.00321761 0.00162491 7.46427e-05 0.00204054 0.00057393 0.00169039 0.000259987 6.1038e-05 0.000255988 0.000164251 0.000941164 0.000310332 0.000100852 4.73289e-05 1.63205e-05 9.19614e-06 3.07474e-05 1.02585e-06 3.08895e-05 2.55944e-06 4.14066e-05 7.41881e-06
0.704599 0.0435721 0.111732 0.0412716 0.0395846 0.00899078 0.00673112 0.0141559 0.0055635 0.00742986 0.000709462 0.00314853 0.00375705 0.000183533 0.00200713 0.00240996 0.00035756 0.000492518 0.000424248 5.53308e-05 0.000324383 0.000187981 0.000297091 0.000210156 0.0010043 5.72733e-05 0.000410166 1.42122e-05
0.661708 0.182897 0.0309122 0.00951345 0.00310715 0.00919255 0.00358904 0.00590756 0.0508536 0.0152739 0.0017816 0.003466 0.0173286 0.000829562 0.00148213 0.000229115 0.000524548 0.000125994 6.6714e-05 0.000139247 0.00013871 0.000225672 4.07242e-05 5.83848e-07 0.000265762 3.51467e-05 0.000103061 5.94575e-08 1.27032e-06 3.43912e-05 9.30302e-05 4.67411e-06 1.47583e-05 1.00974e-05 7.51528e-06 4.10833e-05 7.34503e-06 5.6921e-06 3.18837e-05
0.672263 0.139561 0.0264233 0.0249704 0.0536569 0.0328566 0.0155282 0.00644223 0.00179659 0.0042292 0.0078661 0.00614728 0.000381257 0.00126791 0.000715157 5.0778e-05 0.00168741 0.002395 0.000249347 0.000597966 8.05803e-05 4.74276e-05 0.000218086 0.000237666 2.58969e-05 5.12408e-05
0.694278 0.125851 0.0680383 0.0113237 0.0169889 0.0323822 0.00502993 0.0042332 0.00894697 0.0155767 0.00294226 0.00087977 0.00642631 0.000635812 0.000104033 0.00159207 0.000412001 0.00148642 0.000442134 0.000345864 0.000347062 0.000861536 9.0618e-05 0.000434268 0.000165254
0.737456 0.109508 0.0428043 0.00544777 0.0497976 0.0219788 0.0115396 0.00457023 0.00640944 0.000332289 0.00161479 0.0021491 0.000471863 0.00313837 0.000105454 0.00020807 0.00077527 0.00019857 0.000569812 0.000216157 6.50122e-05 0.000136599 7.20015e-05 5.85228e-05 3.89347e-06 4.54689e-05 6.29753e-05 2.43453e-05 2.35869e-05 3.51939e-05 1.5375e-05 6.11996e-05 4.58402e-05
0.736014 0.103777 0.0201105 0.00868824 0.0465001 0.0251977 0.0106905 0.00885731 0.00296553 0.0100136 0.00880755 0.00603555 0.0052759 6.23317e-06 6.73464e-05 0.000321877 0.0018539 0.000359388 4.80598e-06 0.00172292 0.000792549 7.96914e-05 0.00038166 0.000293602 0.000177914 6.68853e-05 6.71025e-05 0.000126886 6.10627e-06 0.000164228 0.000128954 6.25298e-06 7.22561e-05 8.06468e-05 8.98855e-05 0.000101457 5.71624e-06 9.22697e-06 4.93823e-06 9.216e-06 3.74361e-06 7.33254e-06 1.95916e-06 1.22648e-05 7.76854e-06 2.61867e-06 3.34684e-06 6.11954e-06 3.84673e-06 9.38401e-07 4.69369e-06
0.71023 0.125672 0.0365978 0.00575458 0.0138861 0.0163333 0.00543292 0.0377767 0.00521929 0.0217088 0.00384609 0.0078946 0.0032282 0.000296286 0.000735794 0.000896637 0.000874629 0.00111317 0.00128744 0.000261983 0.000184398 9.57966e-05 0.000137612 9.62238e-05 4.21228e-05 6.8258e-07 8.70729e-06 5.69672e-05
0.683725 0.150359 0.0269631 0.0159566 0.0292044 0.0326157 0.00382527 0.0219337 0.015467 0.00463281 0.00436203 0.00175765 0.00323064 0.00149329 0.0025309 0.000121596 0.000485745 0.000630862 0.000254938 3.20657e-05 5.09508e-05 8.68431e-05 9.31897e-06 1.73045e-05 6.77502e-05 2.2676e-05 4.13669e-05 6.49888e-06 7.58882e-07 2.65231e-05 1.05475e-05 1.35087e-06 1.18577e-05
0.715558 0.140777 0.0198317 0.023302 0.00304577 0.00877905 0.0426411 0.00895589 0.0100408 0.00574342 0.000351381 0.0120119 0.00113814 0.00127034 0.00354351 0.00098815 0.000717271 0.000158699 0.000576632 6.62251e-05 0.000239708 0.000106537
0.682115 0.0432748 0.00897577 0.0098887 0.0731016 0.136355 0.00692147 0.0231091 0.00470507 0.00103601 0.000769364 0.00189567 0.00344225 0.00219176 0.000582335 0.00049229 1.19598e-05 0.000135026 0.000160882 0.000246097 0.000209194 2.81213e-05 0.000209626 1.55793e-05 8.07299e-05 2.18543e-06 1.95316e-06 1.73574e-05 1.04113e-05 3.70179e-07 3.68904e-06 5.25284e-06
0.737055 0.0125553 0.00453065 0.0786626 0.012052 0.0208104 0.0772631 0.00465629 0.00499926 0.00612202 0.0229963 0.00440115 0.0035434 0.000703995 0.00122654 0.000528433 0.0018141 0.00118613 0.000626691 0.0028537 0.000187176 8.91817e-05 0.000126138
0.104126 0.76861 0.0195425 0.0320623 0.0145828 0.00411634 0.0107017 0.000860552 0.0224899 0.00820268 0.00703042 0.00204351 0.000632681 0.000724839 0.00107667 0.000179455 9.77081e-05 0.00177872 0.00043235 0.000191482 4.70262e-05 1.11227e-05 0.000265418 2.04985e-05 2.04119e-05 2.26682e-05 6.20504e-05 1.54093e-05 2.93613e-06 3.13027e-05 4.01158e-06 1.19615e-06 3.86721e-07 5.85101e-08 3.3567e-07 2.14241e-06 1.87205e-06 1.82327e-06 1.37183e-06 1.6457e-06
0.726979 0.00867593 0.0188172 0.0076173 0.123806 0.0461732 0.0121615 0.00567995 0.0134992 0.0110833 0.00729242 0.00360956 0.00671203 0.000125185 0.00185988 0.000839428 0.000398753 0.000421824 0.000254201 0.000560678 0.000164434 0.00096738 0.000769677 0.000232192 0.000296079 2.5301e-05 4.01355e-05 0.000334853 0.000269024 1.88696e-05 7.76071e-05 0.000151931
0.0448166 0.715767 0.103386 0.034974 0.0175176 0.00570989 0.0169648 0.00842797 0.0072906 0.00243943 0.00689961 0.0107097 0.00409074 0.00311763 0.00127026 0.00278971 0.00915016 0.00126601 0.000549765 0.000995195 0.00023051 0.000555987 0.000135586 7.00273e-05 0.00035717 5.54133e-05 4.02727e-06 6.86954e-05 9.43405e-05 8.95041e-05
0.131833 0.739873 0.0346777 0.026249 0.00254122 0.00167736 0.00449348 0.00308988 0.00299604 0.00374707 0.0248198 0.00838046 0.00420322 0.000992401 0.00302495 0.00221768 0.000887847 0.000276501 0.000972434 0.00130083 0.000326323 0.000320116 0.000328827 7.78487e-06 0.00011409 3.55701e-05 9.03478e-05 1.12662e-05 1.10645e-05 0.00020518 8.55322e-05 4.14153e-05 6.25871e-05 5.57835e-05 1.6631e-05
0.706731 0.145495 0.0586022 0.0290137 0.00240418 0.00149575 0.0158444 0.00761934 0.0114155 0.00774981 0.00408261 0.000949768 0.00107867 0.000168127 0.00147268 0.000324241 0.00162065 0.000894814 0.000733338 0.000107327 6.1089e-05 1.48324e-05 0.000239682 0.000137642 0.000363402 0.000197593 0.000938534
0.754352 0.00333424 0.0218375 0.097417 0.0148787 0.0466788 0.0173415 0.0267556 0.00479771 0.00284121 0.00116699 0.00174243 0.00431866 0.000171315 0.000265074 0.00121008 0.000367411 0.000159447 0.000125346 2.20839e-05 4.4646e-05 3.22103e-05 1.06961e-06 1.12004e-05 7.20989e-05
0.711894 0.103069 0.0402418 0.0477494 0.00599038 0.00562752 0.00840338 0.0082861 0.0198644 0.00566615 0.00490618 0.0137312 0.0106381 0.00157172 0.00782987 0.00116548 0.002223 0.000628416 0.00024127 2.01279e-05 2.72646e-05 0.000135515 1.40392e-05 1.12918e-05 2.55931e-06 1.93365e-05 1.09058e-05 5.79865e-06 4.14201e-06 7.72096e-08 5.04316e-06 1.37532e-06 1.48305e-07 1.19702e-06 5.90158e-07 3.91268e-06
0.682888 0.153826 0.0260479 0.00729123 0.0118327 0.0422612 0.0139445 0.0390863 0.00286232 0.00444774 0.00488404 0.00184091 0.00207256 0.00219523 0.00122763 0.000211082 0.00029587 0.000590366 0.00104239 0.000118845 0.00018423 8.08035e-05 1.96314e-05 8.69591e-06 1.9912e-05 3.68616e-05 8.63428e-05 0.00023388 5.0107e-05 0.000125961 9.89424e-05 2.59344e-06 9.93361e-06 2.02986e-06 1.83649e-05 1.61933e-06 3.14459e-05
0.761233 0.00809222 0.0986268 0.0115457 0.0218642 0.0296676 0.00507043 0.00648125 0.0120365 0.00372983 0.00855366 0.0191039 0.00542454 0.0014947 0.000427484 0.00130829 0.000808611 0.00281152 5.01899e-06 0.000165177
0.771572 0.0533975 0.00367544 0.0111497 0.0130126 0.0499368 0.00770443 0.0290985 0.00638359 0.00799261 0.021593 0.00924157 0.0108426 0.00098329 9.58499e-05 0.000174235 0.00107676 0.00121124 0.000200023 7.13842e-05 0.000159212
0.604711 0.0803247 0.14488 0.026354 0.0630744 0.00900748 0.0107338 0.0202592 0.0108686 0.00628639 0.00775907 0.0112025 0.000672215 0.00111732 0.000218829 0.000381375 0.00134218 0.000303225 1.48711e-05 0.000213933 9.07103e-05 5.21205e-05 3.60164e-06 3.97248e-06
0.723342 0.0363251 0.115842 0.00397381 0.04184 0.00186721 0.0294731 0.0167915 0.0178198 0.00548364 0.00171242 0.000804341 0.00194254 0.000764216 0.00027504 0.000192917 0.000167591 0.000569112 0.000116377 0.000374964 7.21406e-06 5.60123e-05 5.60026e-05 2.44351e-05 3.36418e-05 2.64609e-05 4.88391e-06 3.78862e-05
0.679582 0.0355606 0.132678 0.00741064 0.0226041 0.0215345 0.0169673 0.0076756 0.0407189 0.00247138 0.00792984 0.0188391 0.0018607 0.00210948 0.00114757 0.000392807 6.66361e-06 0.000238621 4.57394e-06 4.29965e-06 5.31269e-05 6.84804e-05 3.33265e-05 1.46806e-05
0.755759 0.0957261 0.00177124 0.0293891 0.0214347 0.0366898 0.00564943 0.0102232 0.00892034 0.0104765 0.00222833 0.00447975 0.00499827 0.00110885 0.00233465 0.00235182 0.00151558 0.00216334 0.000510534 4.3415e-05 0.000342317 0.000557065 0.000175838 0.000203529 0.000140932 0.000121022 2.97104e-05 0.000221806 1.35628e-05 0.000115626 0.000144692 1.94053e-05 3.2405e-05 7.72757e-05
0.74434 0.114365 0.0280129 0.0368227 0.00587601 0.0183204 0.00668462 0.0226566 0.00649352 0.000712782 0.000558382 0.00404682 0.00815499 0.000460388 1.58153e-05 0.000278709 0.000883999 6.60189e-05 0.000102042 0.000242917 0.000112584 3.91408e-05 0.000274889 0.000167853 2.50002e-06 1.79218e-06 4.46764e-05 3.12966e-05 3.55242e-05 8.24923e-06 1.15648e-05 6.67508e-05
0.706224 0.124763 0.0175128 0.0245668 0.00926249 0.0133598 0.0348472 0.0500142 0.00139628 0.00360565 0.00309209 0.00107419 0.00205598 0.00180793 0.000926921 0.000448511 8.55726e-05 0.00124167 0.000993445 2.25372e-05 0.00121272 8.53554e-05 0.000738109 0.000105994 7.55036e-05 0.000212833 8.9464e-05 5.00975e-06 3.84809e-05 8.39148e-05 1.82295e-06 5.76467e-06 7.17875e-06 6.33054e-06 3.05225e-06 1.05814e-05
0.758873 0.0434912 0.108736 0.0150301 0.0121736 0.00758133 0.00354517 0.00914147 0.0177004 0.0148013 0.00327921 0.00116809 0.000271213 0.000890441 0.000629367 0.000452453 0.000273021 0.00029785 0.000761689 0.000161614 0.000399601 0.000139231 7.59064e-06 1.24175e-05 4.57213e-05 3.9158e-05 2.29149e-05 6.14156e-06 6.84806e-06 2.08042e-06 6.41621e-07 1.04555e-05 1.94238e-06 1.71218e-06 2.21579e-06 1.29547e-05
0.677402 0.132522 0.0526602 0.00473811 0.0103003 0.0233383 0.0421861 0.00420174 0.018293 0.0133966 0.00847383 0.00503452 0.00310309 0.000100621 0.000110898 6.10318e-05 6.60647e-05 0.00081562 0.000107312 0.00202996 0.000109119 9.13965e-05 6.15617e-05 0.00032043
0.708388 0.110176 0.0541287 0.0489188 0.00265698 0.00676257 0.0197794 0.00443026 0.00980787 0.0126081 0.00350608 0.00638062 0.00662977 0.000602902 0.000775999 0.00205815 0.00100508 0.000734437 1.65813e-05 9.7424e-05
0.745085 0.123547 0.0275536 0.0170229 0.0144214 0.00728341 0.0308441 0.00300908 0.0039426 0.00558363 0.00605194 0.00202972 0.00883002 0.00185384 3.81816e-07 0.000332275 0.000560233 0.000389379 0.000174105 0.000613445 0.000137517 4.39816e-05 7.34549e-05 0.000279769 1.33224e-05 0.000238396 5.30355e-06 1.59522e-06 4.60802e-06 8.53446e-06 6.2457e-06 2.57562e-05
0.722021 0.136022 0.00439713 0.0330151 0.00447936 0.022676 0.00588424 0.00196528 0.017909 0.00987243 0.014368 0.0149094 0.00323635 0.00535709 0.00226562 7.84397e-05 0.000342083 0.000265628 0.000119312 0.000168802 0.000174235 0.000153445 2.50629e-05 4.14294e-05 0.000137303 5.03283e-05 1.83192e-06 1.85858e-05 2.06145e-07 1.2273e-05 7.61763e-06 5.55215e-07 2.97386e-06 1.24746e-07 4.68448e-06
0.75327 0.109174 0.0295926 0.0290023 0.0383179 0.00404671 0.00297036 0.00886479 0.00568815 0.00910345 0.00312854 0.00170939 0.000967579 0.000456598 0.000286936 0.000684064 0.00103093 0.000331588 0.000247923 0.000157237 0.000400186
0.00749188 0.67856 0.0173217 0.123602 0.0745346 0.0120863 0.0166605 0.0218052 0.00263582 0.025849 0.00417142 0.00103043 0.00205159 0.00409794 0.000824573 0.00351051 0.000302929 0.000223447 0.000912441 0.00172173 4.79468e-05 1.20033e-05 4.12904e-05 4.67471e-05 7.2059e-05 2.97737e-05 1.95476e-05 3.56196e-05 3.06161e-05 4.8513e-05 2.78649e-05 3.84335e-05 6.1056e-05 4.29465e-05 2.66004e-05
0.683258 0.124646 0.056686 0.0483548 0.00399782 0.00053407 0.0233513 0.0111808 0.0252978 0.00971996 0.00212521 0.00221782 0.00376309 0.000729022 0.0009819 0.000830535 0.000244871 0.000811005 6.06155e-05 0.000274509 0.00057647 1.34107e-05 1.48655e-05 1.78701e-05 3.24631e-05 4.68743e-05 1.46047e-05 5.7447e-05 8.08539e-05 1.80902e-06 5.55713e-06 1.22361e-05 6.52783e-08 5.77624e-07 1.4223e-05 7.13776e-06 1.32429e-05
0.705751 0.133771 0.0136437 0.049959 0.00893841 0.0184825 0.00404418 0.00465601 0.0227189 0.0105749 0.00917013 0.00325949 0.00347132 0.00100934 0.00174357 0.0012321 0.000509808 0.000368307 0.00335175 0.000208151 3.1301e-05 1.28976e-06 5.83832e-05 0.000393388 1.96467e-05 0.000352888 0.000342977 9.97781e-05 0.000347723 0.000209599 5.61516e-06 0.000404912 0.000123064 0.000344316
0.711274 0.0154517 0.120107 0.0315084 0.0245003 0.0267026 0.0286881 0.00225626 0.0086377 0.00684959 0.00362029 0.00299331 0.00372106 0.000846425 0.00140709 7.4211e-05 0.00177143 0.00102708 0.00093644 0.000361834 0.000804156 0.000966556 0.0011489 0.000641737 9.87707e-05 0.000647963 0.000657478 0.000360535 0.000861376 0.000146971 0.000432587 5.71704e-05 8.92879e-05 7.4579e-05 3.86439e-05
0.683909 0.128599 0.0223686 0.0442949 0.04829 0.0254501 0.0158309 0.00244929 0.00567654 0.00547877 0.00144911 0.0136015 0.00201052 3.70322e-05 0.000203498 2.27996e-05 0.000219038
0.723561 0.126831 0.0112539 0.0165207 0.0366989 0.0450606 0.0135459 0.00755248 0.00370948 0.00275307 0.00501996 0.00231242 0.000332555 8.36623e-05 0.000375113 0.0014082 0.000423718 0.000404706 0.000504439 0.000395017 0.000344831 1.5437e-05 9.63079e-06 0.000329059 0.000108807 4.42978e-06 2.39562e-05 9.27159e-05 4.47777e-05 8.5288e-06 6.62855e-05 1.11897e-05 9.10942e-06 2.27737e-05
0.693246 0.124343 0.0142806 0.0250204 0.00739517 0.0191745 0.0192187 0.00597846 0.0482809 0.00989012 0.0178746 0.00708007 0.000257709 0.00223439 0.000454523 0.000220639 0.000187331 0.000361991 0.000924616 0.00118148 0.000165096 0.00120513 0.00057434 1.99116e-05 0.000152923 5.06634e-05 4.01244e-05 7.04096e-06 9.64512e-05 1.57024e-05 2.84444e-05
0.709521 0.0396264 0.0283585 0.114845 0.0268019 0.0176311 0.00561952 0.00618658 0.00337531 0.00377163 0.0296649 0.00333196 0.00701554 0.000572649 9.11894e-05 7.34699e-05 0.000604431 0.00049513 0.000720173 0.000329021 0.000625687 0.000302708 5.09424e-05 6.33182e-05 0.000122499
0.724823 0.100425 0.0635373 0.00882223 0.012491 0.0168119 0.0057068 0.00373186 0.00912385 0.0134485 0.0184273 0.00051053 0.0107668 0.0032095 0.000411608 0.000249891 0.00174881 0.00290914 0.000198855 0.000129531 0.000206059 0.00110332 0.000428469 9.9418e-05 0.000484152 5.15484e-05 2.6685e-05
0.691229 0.120499 0.044394 0.013941 0.0299825 0.0193108 0.0370975 0.0139331 0.0121407 0.0048307 0.00716994 0.000573016 0.00114156 0.000219176 0.000183273 0.000141086 0.00078013 0.00032082 0.000170685 0.000259563 0.000698717 3.46347e-05 8.91203e-05 0.000399483 6.70909e-05 0.000231857
0.739539 0.0438516 0.111454 0.00937172 0.0021515 0.00934918 0.00314578 0.0293541 0.0189425 0.00747337 0.0115707 0.00493686 0.00488406 0.00122789 0.000291428 0.00023471 0.000182602 6.40156e-05 0.000282597 0.000526514 0.000261401 0.000267372 1.86146e-05 0.000108733 1.39684e-06 3.92226e-05 5.12155e-05 5.91091e-05 3.06425e-05 1.79774e-05 3.98109e-05 8.53289e-06 1.17253e-05 0.000198542
0.693854 0.104351 0.0629695 0.02644 0.00271993 0.0256615 0.0195984 0.0312195 0.00427182 0.00349311 0.011695 0.00629349 0.00204058 0.00119293 0.000604984 0.000503382 0.00188981 0.00027783 2.84711e-05 0.000382626 0.000100433 5.90863e-05
0.763067 0.0448758 0.0704803 0.0421486 0.00219445 0.00502269 0.0108576 0.00747729 0.00689177 0.00945047 0.0027488 0.0068075 0.0216948 0.000961758 0.000312192 0.00111418 0.00101081 0.000634149 0.000196747 0.00100958 4.73472e-05 0.00011917 0.000214738 0.000205337 3.95223e-05 7.82532e-05 0.00012774 2.48955e-05 4.46908e-05 4.8423e-05 1.09724e-06 7.08254e-06
0.714851 0.0165964 0.00466992 0.0116134 0.0182103 0.130215 0.00735532 0.0260138 0.0426489 0.00319734 0.00529624 0.00672144 0.00581205 0.00237138 0.000413821 0.00212006 0.000679811 0.000106065 0.000517992 3.24993e-05 0.00010108 1.54455e-05 6.00962e-05 7.4192e-05 2.30809e-05 4.39699e-05 9.76739e-06 2.59713e-05 6.62386e-05
0.715545 0.0392598 0.093042 0.0768924 0.0190946 0.000737845 0.00927491 0.0105191 0.00273811 0.0126142 0.00127886 0.00506107 0.00592658 0.00135814 0.00197361 0.000621888 0.00197863 0.000374941 0.000565287 0.000184016 0.000131721 0.000239187 9.17164e-05 5.64275e-05 1.71722e-05 0.000112267 2.46744e-06 0.000107871 2.68565e-05 3.05361e-05 2.26693e-06 1.39849e-05 1.39575e-05 6.55375e-06 5.96821e-06 3.46935e-05
0.747244 0.0826327 0.00666861 0.00524446 0.0198781 0.0574461 0.0115372 0.0199025 0.00746272 0.00342067 0.0143628 0.00736597 0.00893417 0.00138066 0.000154729 0.000567593 0.000296233 0.000524572 0.000506502 0.000393369 0.00148404 0.00204584 1.00364e-05 2.00406e-05 4.93119e-05 3.2895e-05 7.92197e-05 0.000118227
0.78236 0.0943505 0.0322777 0.0139828 0.00754145 0.0247045 0.0170979 0.00353504 0.00308458 0.00176514 0.00911263 0.00535848 0.00242211 0.000114992 0.000588552 0.000176385 2.5667e-05 0.00122627 3.46754e-05
0.74343 0.0170029 0.113238 0.0436907 0.0254791 0.00325858 0.00605955 0.00637914 0.00774325 0.0172581 0.00592275 0.00155128 0.0035866 0.000398619 0.000372735 0.000171843 0.00048944 0.00059338 0.00132288 0.000114328 0.000278966 0.000510612 0.000265893 0.000106717 0.000244846 8.36836e-05 0.000249618 1.98019e-05 1.12676e-05 2.82917e-05 1.66141e-05 2.49508e-05 2.60781e-05 9.98679e-06 1.39952e-05 3.9337e-06 4.03705e-07 7.10158e-06 2.32447e-06 3.72343e-06 1.18428e-05 4.07084e-06 1.65303e-06 1.35605e-06 1.22257e-06
0.753843 0.157077 0.0203531 0.019458 0.0208908 0.00324565 0.00148229 0.00134501 0.00304193 0.0027773 0.00277387 0.00367655 0.00381436 0.000145917 0.00316315 2.66358e-05 0.00120905 4.07626e-05 0.000276927 0.000560993 0.000261665 0.000116318 0.000215014 0.000106631 4.86785e-05
0.698869 0.160613 0.013538 0.0153491 0.0446615 0.0135018 0.00373502 0.0007157 0.00907857 0.0242604 0.00188687 0.00398214 0.000970964 0.00156828 0.000302776 0.000230393 2.38637e-05 0.000691786 0.00201422 0.000725553 0.000467064 0.00113998 0.000448932 0.000158205 0.000156248 0.000231725 5.11132e-06 0.000174962 0.000157981 7.00491e-05 7.16477e-05
0.685658 0.0502509 0.150393 0.00711226 0.0395344 0.00142951 0.00198156 0.0268821 0.00378349 0.00762625 0.00435205 0.0143626 0.00375538 0.000177872 7.80002e-05 0.000243699 0.0005153 0.000382638 0.000372968 0.00051174 1.83263e-05 3.46666e-05 0.000210169 7.67184e-06 7.22046e-05 0.00010018 6.28617e-05 1.04242e-05 3.32603e-05
0.744645 0.0285914 0.0800963 0.0309428 0.0118857 0.0199728 0.0103033 0.00741258 0.00461012 0.0411089 0.00834248 0.00305274 0.00264358 0.00223229 0.000379498 5.41088e-05 0.001448 0.000814166 0.000659046 0.000514252 7.13283e-05 9.62493e-05 1.91037e-05 9.38058e-06 6.46325e-05
0.660886 0.191276 0.0527498 0.0120261 0.0220525 0.0097439 0.00428012 0.00581897 0.0109876 0.00362304 0.00442759 0.00468015 0.00144002 0.00239121 0.00206565 0.000486607 0.00312697 0.00251834 0.000346633 0.00162368 0.000476238 0.000148855 0.00146443 0.00013969 0.000105443 0.000115471 0.000111289 0.000109292 5.35483e-06 0.000221873 0.000369764 8.07601e-06 5.3025e-05 2.68273e-06 2.79331e-05 4.63064e-05 7.53754e-06
0.737608 0.128219 0.0567958 0.0093714 0.00641103 0.0111662 0.0102015 0.0196852 0.00875596 0.00188974 0.00268732 0.00214558 0.00311444 8.8814e-05 0.000272043 0.000970667 0.000270667 5.32905e-05 3.51768e-05 2.61756e-05 8.37629e-05 3.08175e-05 3.6572e-05 2.5057e-06 4.05776e-05
0.730696 0.140768 0.0501532 0.0140858 0.00452628 0.0241418 0.00868447 0.00507917 0.00979055 0.00438888 0.000932828 0.00417088 0.00155205 3.80926e-05 1.952e-05 1.24768e-05 0.000416053 0.000298808 1.37275e-05 0.000111334 5.4099e-05
0.704261 0.104642 0.0538389 0.00504754 0.0055972 0.0068261 0.0351095 0.0378554 0.000808374 0.0165265 0.00203494 0.0151488 0.00576321 0.00159577 0.000284889 0.000364384 0.00265392 6.522e-05 0.000624678 5.09119e-05 0.000514557 6.02807e-06 3.58403e-05 2.12809e-05 6.75987e-05 3.06213e-06 1.1442e-05 0.000128336
0.699643 0.10114 0.0635758 0.027383 0.00798598 0.0219794 0.00660141 0.00838183 0.0156139 0.00619985 0.0113676 0.00684207 0.0103733 0.00175443 0.000681277 0.000281693 0.00246675 0.000328661 0.00104219 0.000791217 0.00243851 6.97072e-05 0.00057376 0.000170144 0.000319314 0.000208832 0.0004024 0.000187154 0.000419734 5.44799e-05 3.18442e-05 9.18911e-05 5.1723e-05 4.58651e-05 0.000282501 2.17294e-05 2.37678e-05 4.34698e-05
0.742579 0.038059 0.0997185 0.040358 0.00635578 0.0128752 0.00505566 0.0313248 0.005854 0.00200918 0.000818849 0.00457523 0.00329474 0.00046427 0.00197287 0.000111665 0.00055555 0.000474835 0.000530465 0.000453323 0.000634194 8.37783e-05 0.000888222 0.000206962 5.2067e-05 6.22396e-05 5.9414e-05 7.46052e-05 0.000147063 0.00023889
0.725802 0.133133 0.00744739 0.0251872 0.012054 0.0266208 0.00457488 0.00847997 0.0270181 0.0104926 0.00419651 0.00432232 0.00288446 0.00165552 0.000607335 2.26224e-05 0.000502256 0.00124945 0.000355277 0.000767263 0.000259892 0.000648473 0.0008571 2.02512e-05 4.2611e-05 5.4745e-06 3.47414e-05 6.4776e-05 0.000116692 6.53995e-05 8.25887e-06 0.000100834 0.000194735 6.87784e-05 4.90251e-06 8.81945e-06 1.4096e-05 2.96869e-06
0.0111552 0.714238 0.0336402 0.0871622 0.0825767 0.0149288 0.00598903 0.0125041 0.00556126 0.0164314 0.00357912 0.0061523 0.000968432 0.000169692 0.00116156 9.89867e-05 0.000128179 0.000217872 0.000527237 0.00052416 0.000394548 0.000561273 4.57349e-05 9.56421e-05 7.88215e-05 0.000205975 9.1987e-05 0.000211413 0.000161633 0.000128979
0.74172 0.0427548 0.101376 0.0078393 0.00365141 0.00379664 0.0509261 0.0148442 0.00870364 0.00957926 0.00602827 0.00428126 0.000678067 0.000683848 0.000145462 0.000398781 0.000159995 0.000427895 0.000157956 0.000730748 0.000510804 0.000273398 0.00014289
0.761328 0.00794162 0.0959427 0.0153985 0.0444797 0.0128706 0.0069471 0.0178868 0.00728658 0.0112371 0.00509377 0.00242827 0.00156446 0.00219418 0.00307474 0.000295924 0.000519718 0.00204705 0.000749741 2.70315e-05 0.000570918
0.724401 0.113863 0.00417763 0.0118173 0.0321161 0.0453203 0.00492624 0.00741523 0.0111799 0.00707243 0.0161968 0.0046736 0.00380198 0.00292459 0.00130313 0.000829203 0.0013779 0.00326505 0.000863378 0.000855351 0.000118092 0.000440349 1.78758e-05 5.9213e-05 0.000372201 0.00022536 0.000112147 9.38289e-05 1.75419e-05 3.8292e-06 2.10277e-05 2.29598e-05 4.59496e-05
0.692652 0.158961 0.0426915 0.0216334 0.0278475 0.0225993 0.00352396 0.00508143 0.00455793 0.00394879 0.00224104 0.00819012 0.00172031 0.000175558 0.000371004 0.000122619 0.000207298 0.00114784 0.000270451 0.000265157 8.99562e-05 8.2638e-05 0.000335937 0.000336168 0.000279134 0.000255819 8.36312e-05 0.000258424
0.716383 0.126138 0.029342 0.0229059 0.0473103 0.00254082 0.0125121 0.00541082 0.00300027 0.000835898 0.00497939 0.0122718 0.00613161 0.000269469 0.00119604 0.00177965 0.000790999 0.000521574 0.00181582 0.000773116 0.000364363 0.00103091 0.000484807 0.000360846 0.000146675 5.49816e-05 0.000186373 0.000161406 6.5447e-05 7.81473e-05 5.01935e-07 3.01928e-05 1.14125e-05 2.4177e-05 4.03705e-06 6.07105e-05 4.47049e-06 6.51969e-06 5.08691e-06 3.25019e-06
0.715788 0.0579124 0.120926 0.0270256 0.0110052 0.0138007 0.0105811 0.0264584 0.0038586 0.00463948 0.00188263 0.00287339 0.000715982 0.000328599 5.42905e-05 0.000713908 9.09054e-05 9.18367e-05 0.000710701 0.000331777
0.770274 0.0425304 0.00694649 0.00606071 0.103788 0.00744888 0.00594507 0.0139681 0.00261522 0.0203468 0.00792479 0.00403337 0.00219748 0.00165851 8.52697e-05 0.000288261 0.000147121 0.000404288 0.00112222 0.000261772 4.66405e-05 0.000176164 0.00017731 0.000630763 1.13781e-05 0.000277221 5.37321e-05 0.000105074 0.000159041 2.26338e-05 1.93862e-05 0.000139356
0.745675 0.0380582 0.0933374 0.00625904 0.0343792 0.0259139 0.00500109 0.0137217 0.00343779 0.00283178 0.0123102 0.00478282 0.00615314 0.00234253 0.00152158 0.00135993 0.000273104 0.000708538 5.53631e-05 0.000180319 0.000171077 0.000405749 0.000120215 0.000586633 1.01991e-05 4.82017e-05 0.000178679 1.05643e-05 6.51881e-06 5.70971e-06 1.27473e-05 3.09057e-06 6.40943e-06 4.49992e-06 1.01032e-05 3.13664e-05 8.70488e-06 9.44631e-06 1.1203e-05 7.32627e-06 5.52392e-06 5.24313e-06 8.10929e-07 5.04915e-07 2.3158e-05
0.802353 0.0967923 0.00633295 0.0208645 0.0301484 0.00800036 0.00599714 0.00122119 0.00430238 0.00951631 0.00742974 0.00139359 0.0019025 0.00174083 0.000171051 0.000110085 0.000272906 0.000187348 0.000638359 4.20394e-05 7.54563e-05 0.000206461 8.46901e-06 3.92144e-05 4.00925e-06 1.57652e-05 5.80939e-06 0.000147542
0.688001 0.0195876 0.0255558 0.127983 0.0127202 0.015595 0.0121173 0.00361722 0.0225579 0.00962802 0.036867 0.00948044 0.00765257 0.000523628 7.56816e-05 0.00327496 0.000799179 0.00116701 0.000740823 0.000315761 0.000709656 0.000166979 9.67906e-05 6.17266e-05 0.000116067 7.74912e-05 7.78371e-05 3.76089e-05 9.31276e-05 6.15983e-05 0.000128694 1.29915e-05 3.082e-06 6.67167e-05
0.728328 0.108063 0.0397271 0.0187154 0.0264209 0.00731334 0.0263186 0.00722625 0.00701327 0.00336948 0.00236412 0.00311491 0.00389715 0.00306396 0.00238382 0.00430972 0.000516545 0.00101262 8.57103e-05 0.00317722 0.000210459 0.00014212 5.21392e-05 0.000160995 0.000340806 0.000753389 1.11704e-05 7.20686e-05 0.000870278 6.08997e-05 7.03775e-05 0.000311801 0.0001641 1.0263e-05 0.000104852 9.88869e-06 7.43112e-05 1.35921e-05 2.75242e-06 4.52325e-05 4.9539e-05 6.01519e-06 4.65161e-06 1.56214e-05 1.1549e-06 1.45527e-06 9.49909e-06
0.692656 0.130415 0.00733321 0.0375876 0.0202479 0.0368632 0.00709841 0.0454047 0.00246222 0.00126933 0.00953553 0.00271051 0.00204362 0.000517568 0.000190579 0.00148115 0.000282053 0.000474175 0.000405244 0.000399105 6.24942e-05 3.19593e-05 0.000188511 9.09696e-05
0.722125 0.137186 0.0094004 0.0291228 0.0362873 0.030089 0.00923297 0.00432116 0.0122626 0.00093456 0.00259776 0.00146343 0.00295709 0.000223401 0.000235494 0.000333277 0.000155043 6.37758e-05 0.000302431 0.000307946 6.70879e-06 0.000221917
0.68907 0.141174 0.0574885 0.021651 0.00831321 0.00519749 0.0297061 0.00938719 0.00297226 0.00464139 0.011728 0.00375686 0.00653535 0.000822591 0.00250253 0.00137736 0.00191917 0.000830937 0.000117591 6.68379e-06 9.91575e-05 9.16683e-05 0.000265809 4.62269e-05 9.29392e-06 1.68872e-05 3.74091e-05 4.77369e-05 1.48753e-05 7.39743e-05 3.76109e-05 3.4998e-05
0.682238 0.131273 0.0419213 0.0500948 0.0303244 0.00344103 0.0276195 0.00648118 0.00708534 0.00358847 0.00349341 0.00267631 0.00126249 0.000439377 0.00395836 0.000116 0.000533056 0.000960327 9.28772e-05 5.616e-05 0.000256657 0.00018063 0.000480682 0.000695912 0.000159512
0.779871 0.080819 0.00809782 0.0407911 0.0335258 0.0113092 0.00276363 0.0116418 0.0170881 0.00153238 0.00272706 0.00321631 0.00244249 0.000541632 5.19719e-05 1.86115e-05 9.74978e-05 0.000436896 0.000392036 0.000530999 0.000318479 0.000521808 0.000278207 0.000244043 6.49559e-06 0.00036866 0.000101915 4.61457e-05 2.90454e-05 9.41711e-06 4.91211e-05
0.695475 0.116998 0.014007 0.0465842 0.047287 0.0148128 0.0329117 0.010654 0.00784384 0.00460574 0.00106949 0.00648486 0.000639833 7.39677e-05 2.35632e-05 0.000171417 6.30009e-05 9.45111e-05 1.25113e-05 1.5496e-05 0.000118937 2.89377e-05 1.01125e-06 1.03588e-06 1.78368e-06
0.730063 0.0320025 0.00881029 0.120319 0.0331928 0.00317325 0.0050849 0.0255645 0.0152397 0.00271456 0.00437697 0.00969066 0.00163511 3.91158e-05 0.000656051 0.00267504 0.000239872 0.00103472 0.000405158 0.00035164 0.000552545 3.84096e-05 3.03747e-05 0.000187651 0.000672558 6.77532e-05 0.000822631 1.15479e-05 6.89606e-06 6.45597e-05 0.000162983 1.74896e-05 9.15036e-06 4.03281e-05 1.38607e-05
0.738394 0.12359 0.054384 0.0274039 0.00465465 0.0108953 0.00844609 0.00529515 0.00628753 0.00479234 0.00476942 0.00528968 0.00126528 0.00124633 9.58069e-05 0.00168675 0.000417022 0.000124397 0.00029935 7.30339e-05 2.03437e-05 0.000184459 9.12408e-05 4.38652e-05 4.46809e-05 5.05218e-05 1.41406e-05 8.05543e-05 5.92408e-06 4.85073e-06 1.67885e-05
0.796985 0.0742531 0.0301616 0.00926729 0.0227601 0.00357398 0.0037893 0.0141184 0.00630893 0.0068416 0.0187644 0.0059654 0.00102129 0.00224639 0.000468094 0.000699179 0.000222224 0.000599316 0.000524626 0.00019023 0.000150316 2.83758e-05 0.000246846 0.000212436 0.000201614 5.254e-05 2.87192e-05 6.99965e-05 5.56465e-05 1.89119e-05 8.72817e-06 5.83799e-05 1.29965e-06 3.4305e-05 2.19507e-06 9.26747e-06
0.751657 0.102602 0.000755473 0.0394525 0.0152575 0.0152764 0.0146647 0.00802601 0.00836469 0.000963573 0.00416638 0.00730738 0.014707 0.00283666 0.00351165 0.00102221 0.00105943 0.00262118 7.89526e-05 0.00172357 0.00139157 0.00071821 0.000851756 0.000148848 4.67659e-05 4.01594e-05 9.33424e-06 8.25487e-05 0.000123081 6.68783e-05 8.40254e-05 2.32024e-05 5.18862e-06 9.10544e-05 0.000149629 2.2912e-05 8.17687e-08 3.15641e-06 1.43888e-06 3.88916e-05 4.88601e-06 1.13293e-05
0.77581 0.0999386 0.0350961 0.0179923 0.0419397 0.00718012 0.00378759 0.00137695 0.00673705 0.00353179 0.000776835 0.00294785 0.000525969 0.000180015 0.000264389 8.70556e-05 0.000165849 0.000593083 0.000658003 0.000137525
0.65604 0.0349204 0.130027 0.0145517 0.0538756 0.00306307 0.0235813 0.0366209 0.0117619 0.0156849 0.00402775 0.00274675 0.00429138 0.000126994 0.00100934 0.000981931 0.000919302 0.00174039 0.000862126 0.000406383 0.000997629 9.73455e-05 0.00052176 0.000294239 0.000102485 2.67997e-05 1.58111e-05 5.83532e-05 4.504e-05 0.000154182 1.33273e-05 0.00013548 7.71647e-05 7.57523e-05 2.04421e-05 5.01764e-05 1.5081e-05 1.49221e-05
0.696086 0.0837501 0.0535573 0.0163867 0.0089777 0.0280539 0.0146499 0.0103978 0.0460891 0.0116373 0.00973491 0.00171512 0.00205701 0.00315718 0.00285865 0.00272489 0.000923552 0.000170174 0.00201504 0.00044829 0.000646039 0.000436992 0.00031678 0.000109671 0.000439425 0.000122254 0.000873462 0.00107387 0.000199286
0.736684 0.140335 0.0409209 0.013747 0.00540159 0.00310632 0.0189624 0.00789823 0.0074578 0.00823878 0.00508886 0.00354083 0.00528034 0.000924794 0.000705696 0.000250582 0.000199195 0.000422905 0.000250885 1.00105e-05 3.77338e-05 6.29748e-05 7.61697e-05 0.000163859 9.85474e-06 5.47217e-05 6.44102e-05 2.81935e-06 5.11464e-06 1.49396e-05 1.3707e-05 2.02209e-05 2.35054e-05 1.52659e-05
0.72997 0.0319825 0.0376291 0.128513 0.0363089 0.00492119 0.00242189 0.00376431 0.00363441 0.00163412 0.00306674 0.000649752 0.0052823 0.00108013 0.00117142 0.00388009 0.000694344 0.00022299 0.000450648 0.000576136 0.00034282 0.000274609 0.000545963 9.23333e-05 2.78416e-05 7.30757e-05 0.000173698 0.000258974 6.21844e-06 5.8343e-05 0.000187696
0.6765 0.0628036 0.00232606 0.0292648 0.0112497 0.130862 0.0100068 0.00401506 0.0277116 0.00987874 0.00401764 0.00604364 0.00576762 0.00123491 0.00408214 0.00149046 0.00475614 0.00235188 0.00213693 0.000483592 0.000118214 0.000128155 0.000954213 0.000141305 0.000139346 0.000525632 1.01234e-05 0.000389128 9.55078e-05 6.81498e-05 6.51989e-05 9.65814e-05 3.5131e-05 3.685e-05 1.44579e-05 1.54709e-05 9.00385e-06 5.31223e-05 2.79875e-06 4.24787e-05 3.10362e-06 1.60229e-05 2.00857e-05 8.55669e-06 2.22514e-05
0.105701 0.749503 0.028822 0.00567655 0.00912692 0.0410112 0.0158791 0.015513 0.00297433 0.00418487 0.0111192 0.0014719 0.00179168 0.00202131 0.00181674 0.00210285 2.77682e-05 0.000121364 7.19136e-05 0.000161324 0.000118527 4.75776e-05 7.78741e-05 0.000141067 0.00010513 7.22465e-05 7.15161e-06 3.19258e-05 1.65025e-05 0.000106104
0.746471 0.00885606 0.0156414 0.0327365 0.120735 0.00684524 0.0122128 0.00664812 0.0198397 0.00443895 0.00999798 0.00534173 0.00314992 0.00161393 0.0007746 1.42993e-05 0.00260351 0.000453493 0.000291437 0.00036414 0.000499405 5.49053e-05 5.34052e-05 0.000121091
0.712913 0.116713 0.0083724 0.0211086 0.0445572 0.0341453 0.0120148 0.00223422 0.025567 0.00169882 0.00207493 0.00651163 0.00222694 0.00460757 5.51186e-05 0.00182106 0.00112997 9.80005e-05 7.72299e-05 0.000235639 0.000632742 0.000191277 2.83092e-05 5.06485e-05 0.000356184 2.81067e-05 0.000111546 0.000211546 0.000117972
0.730198 0.131667 0.00323881 0.0368944 0.0253612 0.0133676 0.0132368 0.0161795 0.00572924 0.0016543 0.00965446 0.0048276 0.0043441 0.00044964 0.00023676 0.000599886 0.000643511 0.000585804 4.52181e-05 0.000612233 0.000114414 2.89083e-05 3.89941e-05 0.000154427
0.00362772 0.75077 0.0272527 0.104005 0.0382812 0.0147828 0.00274514 0.00870824 0.0243442 0.00430485 0.00510343 0.00448337 0.00411407 0.000293594 0.000631957 0.00344706 1.90998e-05 0.00195476 0.0004058 0.000120371 0.000116647 3.54766e-05 9.88143e-06 0.000249691 1.72242e-05 4.24597e-05 2.62859e-05 6.70311e-06 6.02264e-05 1.0765e-05
0.709076 0.106716 0.0404433 0.00801101 0.0564437 0.00146181 0.00574704 0.030583 0.00418519 0.00678877 0.00502047 0.007771 0.00914746 0.0029273 0.00148865 0.00223029 0.00033905 3.76455e-05 0.0010252 1.85119e-05 9.46129e-05 5.23549e-07 9.93112e-05 3.51734e-05 2.05734e-05 2.21983e-05 3.68737e-05 2.39048e-05 2.21821e-05 1.35695e-05 2.73906e-06 2.22292e-05 1.70718e-05 5.39905e-06 2.85125e-05 2.86063e-05 4.34014e-06 8.83747e-06 3.21706e-05 1.51761e-06 3.42531e-06 2.0422e-06 1.16931e-06 6.7606e-06
0.764167 0.133463 0.013453 0.0144326 0.0134003 0.0312716 0.00220339 0.0021743 0.00941206 0.00262713 0.00341656 0.00129011 0.00401667 0.000912023 0.000292393 8.35454e-05 0.000390278 0.00147525 3.74918e-06 0.00104378 0.000159168 4.81374e-05
0.72044 0.0943894 0.036583 0.0477585 0.040072 0.0190666 0.0041416 0.00777556 0.00484475 0.00493742 0.00849334 0.00331732 0.00335719 0.00206606 0.000136494 0.000428529 0.000294009 0.000823113 6.55932e-05 0.000388372 7.8102e-06 0.000111731 0.000238261 2.49277e-05 9.1014e-05 1.03401e-05
0.689569 0.0426372 0.0402101 0.116491 0.00805492 0.0124712 0.0171475 0.0105189 0.0143304 0.00770284 0.0095002 0.00774166 0.00390963 0.00185645 0.00672674 0.00485451 0.000600706 0.000270432 0.000246352 0.000950744 0.000956443 0.00143757 0.000100652 0.000184547 0.000321247 3.79089e-05 0.000266397 1.66585e-05 8.30165e-05 4.38149e-05 0.000137709
0.689182 0.135562 0.0323441 0.0479302 0.0131295 0.00652597 0.0227913 0.00717205 0.0100311 0.00853012 0.00497647 0.00374929 0.00801559 0.000794652 0.00462925 0.00106926 0.00160051 0.000455047 0.000293756 0.000290545 0.000184407 0.000224835 1.67113e-05 3.28405e-05 8.12438e-05 1.7565e-07 0.00011029 9.74756e-05
0.00675064 0.757747 0.112715 0.0065006 0.0226334 0.0183913 0.023759 0.00616307 0.010354 0.0182992 0.00439258 0.00106949 0.00688448 4.01316e-05 0.00238213 0.000307072 0.000205509 0.00018537 3.87108e-05 0.000386773 0.000161209 0.000119779 1.87848e-05 5.29686e-05 0.000198008 1.67781e-05 3.5995e-06 2.47021e-05 1.52916e-05 3.91017e-05 2.70777e-05 3.01353e-06 1.61214e-05 9.46533e-06 1.84295e-05 1.25483e-06 2.75513e-05 7.44858e-06 1.11909e-05 4.18296e-06 6.53505e-08 2.7924e-06 1.53054e-06
0.740061 0.0146176 0.0104495 0.0534074 0.106631 0.00550033 0.00669032 0.0347589 0.00876131 0.00272025 0.00723496 0.00176815 0.004078 9.15564e-05 0.000551456 0.000854387 0.000140214 0.000381663 3.87173e-05 9.15783e-05 6.46948e-05 0.000479783 2.77404e-05 1.96612e-05 0.000106615 0.000199217
0.728762 0.12927 0.00703092 0.0177308 0.0407198 0.0140809 0.0120099 0.00579455 0.00592406 0.0093454 0.000830076 0.00667271 0.00907557 0.000808117 3.86184e-05 0.00130315 0.00155805 0.00665003 0.000428132 0.00106252 0.000525024 3.69975e-05 1.86938e-05 1.45439e-05 5.71717e-05 2.15824e-05 6.73857e-06 5.95597e-05 5.48935e-05 5.49659e-05
0.0433289 0.689 0.109059 0.0196816 0.0163036 0.0556393 0.0148771 0.00558426 0.0202918 0.00463132 0.0035539 0.0087751 0.00376451 0.000951441 5.69596e-05 0.00126426 0.000742887 0.000248076 0.000214404 0.000347816 0.000632682 0.000303221 1.35138e-05 2.19293e-05 4.44931e-05 8.90556e-05 0.000150688 0.000132083
0.716037 0.0507903 0.164857 0.0125389 0.0137019 0.0118797 0.0194181 0.00285243 0.00200426 0.00175973 0.00108263 0.0010575 0.0013957 0.00010194 0.000105852 5.78976e-06 0.000182311 9.04731e-05 1.88748e-05 3.06484e-05
0.686642 0.137869 0.0113675 0.0358511 0.0164842 0.00898273 0.00591565 0.0145244 0.0366255 0.0237399 0.00189914 0.00319296 0.00834031 0.000979655 0.000273087 0.000809952 0.000528782 0.00100336 0.000271921 0.000103148 0.00217909 0.000311318 0.000163941 0.000457498 4.70502e-05 7.65761e-05 0.00017579 0.000203773 0.000139186 9.46241e-05 1.53e-05 0.000182795 1.27249e-05 0.000216144 9.96345e-05 9.00221e-06 6.58704e-05 1.57822e-05
0.70335 0.135456 0.0157034 0.00124792 0.0164567 0.0584019 0.0205026 0.0049027 0.0040612 0.00477632 0.0151312 0.00858145 0.00243055 0.00105746 0.000827643 0.00107345 0.000709797 9.54823e-05 0.00150728 1.09402e-05 0.000440845 0.000200559 0.000884196 0.000421801 1.45348e-05 0.000690782 6.03431e-05 0.000339186 2.06277e-05 0.000287466 4.98992e-06 8.70316e-05 7.58809e-05 3.05738e-05 2.5997e-05 5.51709e-06 7.726e-05
0.692039 0.135087 0.0143401 0.0662157 0.0166928 0.0042916 0.0188407 0.0140559 0.00350218 0.0150118 0.0019724 0.00776909 0.00475102 0.000143559 0.0006146 0.000483673 0.00133223 0.00105803 0.000694587 0.000165399 7.66053e-06 0.000184771 0.000118013 8.4138e-05 0.000224558 4.42357e-05 5.90133e-05 0.0001775
0.746541 0.0973117 0.0404328 0.00495155 0.0322338 0.0291862 0.00712342 0.00321325 0.0115663 0.00187256 0.0044871 0.00406333 0.0105787 0.00301716 0.000306321 0.000126788 6.6282e-05 9.97e-05 0.000365604 0.00196741 6.25484e-05 0.000116356 0.000115162 8.33001e-05
0.0173314 0.122124 0.731303 0.00660755 0.023296 0.0153686 0.0391527 0.00770536 0.00257757 0.0052055 0.00594409 0.0142708 0.00444941 0.000581825 0.000689127 0.000256765 0.000384961 0.00124273 0.000205633 0.000144753 0.000125933 0.000506295 3.36094e-05 7.49469e-05 2.03071e-05 0.000104351 0.000117219 1.10263e-05 7.87993e-05
0.772579 0.106008 0.0103957 0.0206413 0.0357828 0.0142451 0.00206821 0.00212519 0.000930406 0.0105171 0.0162232 0.00245507 0.00156574 0.00093545 0.00102393 0.000451549 0.000317514 0.000366338 0.000102189 0.000391577 0.000388731 6.68886e-05 2.23112e-05 4.39013e-05 5.99993e-05 6.88498e-05
0.676397 0.0584778 0.030772 0.118931 0.00596319 0.0396852 0.009848 0.0275664 0.00152199 0.00602993 0.013952 0.00181536 0.00151138 0.00179588 0.000236159 0.000370934 0.00239275 0.000405094 0.000560385 0.000540637 0.000505881 0.000235958 0.000139683 0.000190317 4.95551e-05 5.02193e-06 2.29779e-06 4.41542e-05 6.02589e-06 2.11976e-05 3.49234e-06 8.02609e-06 3.59668e-06 3.2672e-06 1.6299e-06 1.78452e-06 1.47932e-06 1.5211e-06 1.91539e-08 1.30684e-06
0.748342 0.117979 0.0221553 0.0176919 0.0433546 0.00483459 0.00283077 0.0178031 0.00345477 0.00376303 0.00625665 0.00515509 0.00170287 0.00109585 0.000621679 0.000554731 0.000520359 0.000692398 8.9071e-05 0.000157619 6.77559e-05 0.000292018 8.97188e-06 6.45612e-05 0.000114974 8.06861e-05 6.36211e-05 5.2966e-05
0.734434 0.0362667 0.105155 0.00625899 0.0417978 0.0110073 0.0101222 0.0113911 0.00937521 0.0160428 0.00778323 0.00382448 0.00137224 3.27156e-05 0.00129764 0.000272317 0.000592566 0.00117333 0.000403344 0.000148315 0.000277348 8.31673e-08 0.000118823 0.000131503 0.000145058 0.000157518 9.67397e-06 1.39735e-05 3.88148e-05 4.57627e-05 1.79669e-05 3.06003e-05 0.000101416
0.713438 0.00772453 0.0306354 0.118499 0.0472636 0.00729182 0.00580969 0.00915246 0.010385 0.00585807 0.0153013 0.0141946 0.00266392 0.001521 0.00555871 0.00102252 0.000121343 0.000480591 0.000105735 0.00163839 0.000161512 0.000283456 9.33676e-05 0.000256434 6.26639e-05 1.44916e-06 0.000207198
0.720688 0.155567 0.0300946 0.0111893 0.0131426 0.0379925 0.00448898 0.00551404 0.00676846 0.00158193 0.00401124 0.00337663 0.00133086 9.74735e-05 0.000284187 0.000341456 9.26384e-05 0.000423416 0.000196673 0.000313297 0.000247846 0.000613028 0.00031928 4.60142e-05 0.000164622 0.000496739 3.01928e-05 0.000234118 0.000137316 9.45655e-06 4.22838e-05 8.80031e-07 2.26048e-05 1.44401e-06 5.76105e-05 3.51146e-05 4.09124e-06 4.91335e-06 3.86998e-06 8.68314e-06
0.718067 0.120832 0.00317996 0.0513857 0.0032724 0.0246864 0.0209691 0.014667 0.00559549 0.007964 0.00686332 0.00693715 0.00608689 0.00116982 0.00244033 0.00107795 0.000948731 0.00146233 5.70162e-05 0.001201 0.000314359 0.000143795 0.000100029
0.717297 0.0239575 0.021212 0.110903 0.0446903 0.0135741 0.00897223 0.0149602 0.00546737 0.0175759 0.00487521 0.00968418 0.00169533 4.30713e-05 0.00180013 0.0015621 0.000310466 0.000272518 0.000361479 0.000160856 4.39672e-05 0.000226026 0.000170055 9.04887e-06 3.63178e-05
0.704535 0.118293 0.0369457 0.0455464 0.0325955 0.00229088 0.0163382 0.0234574 0.000216543 0.00374431 0.00174264 0.00616 0.00224083 0.00172283 8.17536e-05 0.000192031 0.00137338 5.58436e-05 0.000716541 0.000368914 0.000389205 0.000102171 0.000392643 0.000110811 8.33476e-05 0.000116602 1.22849e-05 4.10943e-05 4.13863e-05
0.702152 0.0173671 0.143479 0.0435809 0.0135935 0.0152924 0.00231237 0.0116842 0.0302017 0.00184936 0.00677162 0.00505369 0.000859929 0.000201671 0.00246151 0.00037573 0.00050421 1.73018e-05 0.000688722 0.000446885 7.66532e-05 5.65694e-05 0.000307575 8.90562e-06 7.1574e-05 6.9638e-05 3.10614e-05 0.000121542 2.70045e-05 2.6773e-07 0.000142043
0.136187 0.699764 0.00421908 0.0501114 0.0189956 0.00401004 0.0409012 0.0114887 0.00504799 0.00508726 0.0130967 0.00507696 0.0022643 0.000383483 0.000288573 0.00120682 0.00016815 0.000528832 0.000106273 0.000222334 0.000154938 5.98366e-05 9.94663e-05 5.06878e-05 4.50896e-05 0.000101755 5.06763e-06 7.37406e-05 7.62121e-05 2.14943e-06 8.4139e-06
0.00999237 0.6618 0.144679 0.0878919 0.0184081 0.017257 0.00566661 0.0250808 0.00455082 0.00863478 0.00157765 0.00474844 0.00259418 0.00195646 0.000916741 0.00030166 0.000529132 0.00146704 0.000817172 0.000432946 3.37945e-05 0.000422646
0.755813 0.0784423 0.030153 0.00447565 0.023824 0.0306555 0.0308088 0.0195069 0.00877799 0.00320123 0.0054779 0.00479387 0.00240102 2.29491e-06 4.76972e-07 0.00012274 1.66156e-05 3.48307e-05 0.000350575 9.53537e-05
0.636338 0.00496289 0.192639 0.0122275 0.00316657 0.0370841 0.0108431 0.0026714 0.00742038 0.0276522 0.0175771 0.00683963 0.00550489 0.00835072 0.00438808 0.00450392 0.0113897 0.00121106 0.00198464 0.000366025 0.00121011 8.47096e-06 0.000132273 0.000655435 0.000134904 0.000115256 2.69099e-05 0.000124596 2.93927e-06 9.36973e-05 4.29872e-05 5.15441e-05 2.79373e-05 9.16037e-06 4.68671e-05
0.674142 0.146574 0.0181128 0.0555126 0.013522 0.012313 0.0141512 0.00478914 0.0112605 0.0180849 0.00352542 0.0151875 0.00668535 0.000507714 0.000372079 0.00120677 1.50361e-06 0.00154189 0.00125894 0.00015229 3.54105e-05 0.000137348 0.000123311 0.000413883 0.000124366 5.31748e-06 7.28724e-05 7.45309e-05 4.63146e-05
0.66564 0.118409 0.0814797 0.00745183 0.00415285 0.0151479 0.00244306 0.0122296 0.0109097 0.0439788 0.0101327 0.00627285 0.0135182 0.00089762 0.00244402 0.000281999 0.00181683 0.000740635 0.000477966 0.0002077 0.000413094 0.000287446 9.70205e-05
0.776215 0.117192 0.0302394 0.0175255 0.00974998 0.00484256 0.00932587 0.00305822 0.00730153 0.00754552 0.00624879 0.00582174 0.000734064 5.59728e-05 0.000501039 0.000339599 0.000187529 0.000211456 0.00174309 4.27123e-05 3.39559e-05 0.000549668 0.00011119 1.39646e-05 1.62426e-05 2.6257e-05 0.000167777 5.83559e-06 4.90725e-05 4.59877e-05 4.04482e-05 1.34444e-05 1.66555e-06 1.07499e-05
0.667318 0.142702 0.0597367 0.012017 0.0150674 0.00116656 0.0317127 0.0460119 0.00502438 0.0039465 0.00514866 0.00427907 0.00118777 0.00117506 0.000612161 2.2959e-05 0.000785989 0.000205442 0.000190824 0.000579908 0.000280572 3.84503e-06 7.58298e-05 2.06046e-05 0.000214423 7.98905e-05 9.54332e-05 3.19588e-05 5.42325e-05 3.72861e-05 0.000107461 2.79437e-05 1.17635e-06 6.1267e-06
0.00364952 0.725589 0.0433352 0.11005 0.0131915 0.0406703 0.0186135 0.0100574 0.00303877 0.00772541 0.0103762 0.00208966 0.00339651 0.00309281 0.000251781 0.000772291 0.000343629 7.52032e-05 0.00146281 0.000123177 0.000668169 0.000367145 3.2001e-05 9.64119e-05 1.52333e-05 5.49087e-05 0.000126979 0.000425231 8.55355e-05 2.71744e-05 7.4408e-05 5.00054e-05 7.08417e-06
0.778736 0.108689 0.0201916 0.000854679 0.0163895 0.0182722 0.0195818 0.00132356 0.0131882 0.00689724 0.00586616 0.00149535 0.0055842 0.00026414 0.00156484 0.00022655 4.359e-05 0.000118206 3.28738e-05 0.000145946 6.86348e-06 1.56413e-05 3.80628e-05 0.000211364 0.000133794 5.81759e-05 1.20032e-05 6.45994e-06 3.1314e-06 1.63107e-05 1.13284e-05 5.0699e-06
0.74216 0.0303214 0.122783 0.0170058 0.00665124 0.00796274 0.030597 0.00519491 0.00454278 0.012271 0.00456884 0.0037358 0.00418839 0.000604527 0.00032667 0.00160269 0.000500053 0.00177131 8.86624e-05 0.000348467 0.00061838 6.81841e-05 0.000318055 1.47188e-05 0.000611658 0.000318446 0.000125374 0.000151901 4.52386e-05 1.15952e-05 1.85737e-05 6.46556e-05 3.88435e-05 2.31372e-06 5.73576e-05 0.0001398 1.78084e-05 8.73888e-07 3.44415e-05
0.739159 0.145506 0.0256844 0.0235663 0.00295655 0.00693842 0.00321584 0.0171923 0.00868201 0.00678408 0.010872 0.0016261 0.00275706 0.000487569 8.6439e-05 0.00102769 0.000810954 0.00040024 0.000131225 0.000102977 0.000416183 3.27421e-05 4.17221e-05 0.000295901 0.000171929 3.58456e-05 0.000181689 3.47683e-05 8.42691e-06 9.44889e-06 1.78222e-05 0.000236653 0.000115481 0.000110336 5.21587e-05 6.02059e-05
0.727877 0.0343565 0.115789 0.0146362 0.0175129 0.0438913 0.00449982 0.00213614 0.0153076 0.00409289 0.00141694 0.0060172 0.00148983 0.00249744 0.00344744 0.00131633 0.00133227 0.00067237 0.000309433 0.000286503 0.000209263 3.0874e-05 7.37784e-05 0.000274082 4.60948e-05 0.000211166 5.47611e-06 9.18766e-05 3.67386e-05
0.705218 0.113348 0.00765459 0.0156002 0.0161984 0.0199968 0.00673802 0.0044594 0.0118053 0.0128559 0.0191281 0.0151108 0.0387076 0.00416795 0.00148708 0.000262161 0.00130977 0.000720046 0.00096324 0.00218372 0.000906852 0.000318237 0.000346776 0.000312625
0.815298 0.0139629 0.0622123 0.0107658 0.00120852 0.0148907 0.0446379 0.0221879 0.00208244 0.00186731 0.00222312 0.00379411 0.000234355 0.000578991 0.00130295 0.000547657 0.000808304 0.000363127 0.000518687 0.000102041 2.24075e-06 7.24563e-06 5.90584e-05 3.49085e-05 0.000119473 0.000109768 1.65181e-05
0.703928 0.018216 0.0557797 0.0125 0.127218 0.041904 0.0183929 0.00489096 0.00122 0.00653015 0.00284831 0.00139708 0.000804097 5.91813e-05 0.00266996 0.000360566 1.26087e-05 0.000615647 0.000148384 4.61038e-05 3.85312e-05 4.50389e-05 7.51408e-06 3.76208e-05 8.92032e-05 1.39402e-05 5.81101e-05 2.50291e-05 5.25959e-06 1.7369e-06 2.29086e-05 1.20758e-05 1.52459e-05 6.88061e-07 1.61257e-05 3.87617e-05 1.28241e-05
0.735878 0.133718 0.0467563 0.0169652 0.00950606 0.00638758 0.0133966 0.00291631 0.00995657 0.00520658 0.0017759 0.00444941 0.00473764 0.000344833 0.000652277 0.00187634 0.00195274 0.000369161 7.81382e-06 0.000133087 0.000252809 0.000944108 0.000153831 6.67598e-05 0.000935238 7.54225e-05 9.56116e-05 0.000295427 9.27929e-06 7.88205e-06 4.36594e-05 1.57823e-05 3.22463e-05 3.18948e-05
0.785837 0.111781 0.0523362 0.00931862 0.00324299 0.000843373 0.0100674 0.00240169 0.0117966 0.00408902 0.000965193 0.00194539 0.00136972 0.00128198 0.000454565 0.0002051 0.000682622 0.000655366 0.000393202 3.82344e-05 6.08712e-06 6.14999e-05
0.725292 0.0186851 0.0425034 0.0913622 0.013831 0.024041 0.0109284 0.0317551 0.00395493 0.0112161 0.00579527 0.00346458 0.00238075 0.00169843 0.000236056 0.00264079 0.00319176 0.0014686 0.00184841 4.5163e-05 6.3938e-05 0.00049868 0.000157409 4.99804e-05 0.000525462 5.18976e-05 8.22199e-05 0.000500851 0.000409672 0.000316089 2.20956e-05 0.000137935 8.29416e-05 0.000156199 0.000125422 4.77164e-05 4.21234e-05 1.09499e-05 7.47181e-05 1.91784e-05 7.70523e-05 8.73025e-05
0.724614 0.132776 0.0327041 0.036852 0.0136525 0.0264467 0.00260968 0.00309809 0.00832023 0.00414219 0.002291 0.00401449 0.00447442 0.00266358 0.000727382 9.29688e-05 0.000311723
0.793603 0.0948687 0.0142572 0.0328088 0.0124448 0.00179897 0.0257976 0.00667403 0.000781405 0.00383928 0.000315784 0.00343291 0.00326203 1.16438e-05 0.000810503 0.00116048 0.00102013 0.00133007 0.000793352 5.47042e-05 4.63507e-05 7.15128e-05 9.15425e-05 0.00052154 5.71908e-05 3.51103e-05 1.33024e-05 1.71365e-05 8.51606e-06 1.154e-05 7.9261e-06 2.4662e-05 1.25894e-06 7.79057e-06 1.10832e-05 2.01373e-06 2.79783e-06 1.6663e-08 3.14506e-07 8.58377e-07
0.676464 0.118201 0.0104621 0.0520049 0.0560296 0.0182775 0.0386207 0.00541189 0.00411256 0.00621619 0.00339832 0.00328258 0.00171668 0.000375318 0.00102787 7.64107e-05 0.000631794 0.000785751 0.000584358 0.000480078 0.00105085 0.000220144 3.75532e-05 5.02362e-08 1.65153e-05 4.11585e-05 3.22284e-05 3.06955e-05 0.000196657
0.121099 0.735152 0.0460097 0.0159687 0.00448139 0.0105682 0.00163262 0.0344175 0.00662602 0.00239554 0.00225375 0.00445909 0.00102442 0.002731 0.00025061 0.000446663 0.00304273 0.00205516 0.00235319 0.000647603 0.000754593 0.000772927 0.000105643 7.77111e-06 0.000263757
0.715529 0.0547802 0.122036 0.00907027 0.0343856 0.00339019 0.0292667 0.00477308 0.0134155 0.000958282 0.00405498 0.000256085 0.00260954 0.00251401 0.000652368 0.000553072 5.06922e-05 0.00087043 0.000372828 5.10525e-05 0.00016705 2.86706e-05 7.691e-06 3.74156e-06 1.29931e-06 9.34921e-06 7.17597e-05
0.695749 0.073591 0.12561 0.000906226 0.013937 0.00974529 0.00432189 0.00296436 0.01517 0.0170055 0.0054984 0.0118262 0.00256825 0.0024469 0.00393832 0.00569758 0.00118346 0.00288818 0.000582394 0.000888346 0.000792543 9.21042e-05 0.000399581 0.000872236 0.000130107 3.13385e-05 7.54857e-05 0.00010484 0.00020685 0.000205879 0.000172356 4.32938e-05 0.00010516 9.31465e-07 1.22456e-05 8.04156e-05
0.712823 0.12824 0.00440217 0.00817347 0.0477629 0.0308867 0.0160365 0.0101483 0.0025756 0.0223337 0.0062859 0.000656483 0.000774186 0.00203452 0.00100978 0.00146589 0.000102417 0.00054583 0.00115156 0.00127901 4.9391e-05 0.000691659 8.26296e-05 1.99944e-05 0.00025145 5.90722e-05 2.26072e-05
0.700691 0.0090054 0.0286919 0.0733928 0.0767161 0.00482584 0.0038971 0.0179664 0.00697441 0.0198747 0.025483 0.00911701 0.0184045 0.000738677 0.000463069 0.00216738 7.23224e-05 0.000649661 0.000356169 1.58228e-05 5.74499e-05 7.93244e-05 8.16831e-06 2.26757e-05 0.000130959 0.000108195 3.86214e-05
0.727209 0.121377 0.0140551 0.0429302 0.00391985 0.0106423 0.0236049 0.00593972 0.0119323 0.0120753 0.010423 0.00959861 0.000928125 0.000366293 0.00112624 1.1628e-06 0.00130174 0.000377304 0.000813997 0.00022433 0.000234406 0.000152902 0.000182433 0.00011623 0.00011567 7.18081e-05
0.726086 0.0958942 0.00686101 0.0209575 0.0018823 0.0325559 0.0148768 0.0130096 0.0292829 0.0115188 0.0270183 0.000376041 0.00870858 0.00846717 0.000148279 0.000634085 0.000496414 0.000688938 7.58353e-05 3.69525e-05 0.000226598 0.000117037
0.735346 0.119862 0.00747049 0.0297855 0.0114223 0.0163234 0.0323191 0.00532961 0.00802213 0.0143322 0.00250538 0.00462391 0.0018645 0.000578642 0.000273152 0.00188015 0.00308332 0.000241628 0.00102051 0.000704538 0.000501211 0.00048147 0.000101247 0.000434902 8.12327e-05 0.000523155 0.000183395 0.000162883 5.19082e-05 0.000342395 0.000104109 8.90451e-06 2.3207e-06
0.777782 0.0186766 0.127545 0.00688155 0.0364001 0.000624129 0.00857427 0.00370217 0.00613828 0.00441962 0.00134721 0.00355711 0.000799485 0.000666058 0.0014012 9.72057e-05 3.77021e-05 0.000285319 0.000612001 0.000107086 5.53684e-05 5.32547e-05 5.53582e-05 0.000106114 4.41262e-06 6.24414e-06 2.16319e-05 1.37555e-06 3.29681e-06 1.05334e-05 2.85656e-06 8.57803e-06 1.31501e-06 2.45782e-06 2.17744e-06
0.769014 0.00565281 0.000686837 0.0345965 0.0808075 0.0243384 0.0251239 0.028554 0.00775905 0.00312046 0.00586213 0.0028478 0.00957734 0.000322329 0.000377466 7.1448e-05 0.000459037 8.19976e-06 8.22443e-05 5.75187e-05 0.000450968 1.35965e-05 5.3679e-06 6.95182e-05 2.77161e-05 3.96923e-05 1.2777e-05 2.01683e-05
0.723888 0.0474596 0.0940592 0.00854678 0.00692812 0.0249576 0.00851971 0.0167352 0.0240707 0.00274014 0.0181869 0.0116721 0.007002 0.000727506 0.000393006 0.000321662 0.00059565 0.00227432 0.000100067 9.91205e-05 0.000243344 0.000212056
0.754473 0.123668 0.00348614 0.0524751 0.00667996 0.00464769 0.0147124 0.0125272 0.0137196 0.00454016 0.0008412 0.00428995 0.00266619 0.000234441 1.2123e-05 4.17502e-05 0.000150037 7.82539e-05 7.59894e-06 0.000157581 9.23908e-05 2.08983e-05 6.33531e-05 5.06642e-06 0.000129906 0.000188554
0.702343 0.0106204 0.0691305 0.0824301 0.0437048 0.012412 0.0034233 0.00431399 0.00929764 0.0206167 0.0110426 0.0127798 0.00578905 0.00620855 0.00203269 0.000479516 0.000949558 0.000246194 0.000721837 0.000129687
0.679782 0.141438 0.00784981 0.0275204 0.0188307 0.00559533 0.0041094 0.0415546 0.00349429 0.0379466 0.00598736 0.00169147 0.00829699 0.00513223 0.000541228 0.00167707 0.000246058 0.000229493 0.000964704 0.00109173 0.000161675 6.03077e-05 0.000529646 0.00279337 0.000158206 0.000222865 4.20917e-05 0.00116358 0.000200984 1.69239e-05 0.000185238 0.000366147
0.700117 0.151229 0.00446569 0.0101507 0.0434502 0.0106311 0.0308946 0.0201748 0.00249372 0.00336186 0.00504684 0.0111251 0.000845354 0.000567051 0.00053777 0.000481928 0.0011785 0.000965357 0.000365601 0.000725517 0.000298779 0.000152841 0.000367859 8.21351e-05 0.000149473
0.776856 0.0984196 0.00911048 0.0138213 0.0185791 0.0266952 0.00638948 0.00149611 0.0138827 0.00865092 0.00650543 0.0105934 0.00132702 0.00019085 0.00215935 0.000533871 0.000730457 3.35931e-05 0.000629511 0.00188184 0.000518651 0.000208919 2.69546e-05 0.000324984 0.000178275 2.77513e-05 1.85042e-05 4.22269e-05 8.02022e-07 1.00619e-05 3.66888e-05 5.32359e-05 5.79454e-06 3.11503e-06 7.6432e-06 3.88588e-06 1.86334e-05 5.09288e-07 3.45414e-07 5.7967e-06
0.71254 0.00954682 0.0430056 0.141308 0.0232172 0.0247104 0.00783648 0.00899089 0.00218452 0.0100601 0.00604754 0.0063319 0.000697803 0.000718826 0.00016627 0.000609514 0.000629951 0.000185379 0.000434777 0.000271509 8.00148e-05 2.63365e-05 0.000153637
0.704073 0.0166348 0.0533325 0.135423 0.0209078 0.00869179 0.0106022 0.00747723 0.0181283 0.00578424 0.007942 0.00383847 0.00196079 0.000370904 0.000665066 0.000505817 0.000984294 0.000388295 0.0007476 0.000538979 0.000272366 3.74394e-05 1.97759e-05 0.000217346
0.705215 0.123066 0.0276896 0.0689141 0.0154902 0.00450665 0.0038687 0.0185009 0.0072677 0.0063658 0.00207023 0.00944191 0.00201424 0.00260166 0.000884136 0.000132257 5.63322e-05 0.000242718 0.000113429 5.98814e-05 5.88637e-05 3.26993e-05 0.000318214 8.38421e-05 0.000488545 6.96172e-05 0.00013354 2.2517e-05 3.08698e-05 4.66236e-05 1.97192e-05 1.29468e-05 7.33206e-05
0.738783 0.0391827 0.112589 0.0225948 0.026818 0.0238377 0.00736822 0.0078442 0.00566616 0.00432338 0.00407467 0.00411773 0.000819333 2.0828e-05 0.000796573 0.000230396 9.75767e-07 0.000397678 0.000376766 3.74579e-05 2.94236e-05
0.749729 0.10399 0.0204899 0.0097965 0.0482104 0.00554505 0.0198994 0.0131463 0.00575149 0.00444375 0.0025826 0.00522923 0.00332081 0.00268878 0.000310309 0.000303737 0.00148217 0.000241375 0.000378652 0.000817158 0.000489657 0.000517829 0.000111661 0.000129156 0.000189826
0.725925 0.0125623 0.0942469 0.0387677 0.00676302 0.00736714 0.0431765 0.00526623 0.021954 0.0172703 0.0111238 0.00248438 0.00110655 0.00143621 0.00209049 0.00199962 0.000620089 0.000388996 0.00145548 0.00105491 6.99147e-06 0.00128969 0.000392363 4.8223e-05 0.000403857 4.65177e-05 0.000169318 8.16088e-05 2.77974e-05
0.724395 0.00664616 0.0377799 0.00595467 0.113433 0.0145973 0.0102771 0.046079 0.00489031 0.00359632 0.000769763 0.00841135 0.00640583 0.0013273 0.00132133 0.0017769 7.80199e-05 0.00636904 4.78671e-05 0.000136695 0.000790067 0.000392592 8.45818e-05 0.000659948 0.000321315 0.00103246 0.000198392 0.000406463 0.000353568 0.000475934 0.000125696 0.000116503 7.8653e-05 0.000242867 0.000140834 0.00013302 3.37584e-05 1.49573e-05 2.98836e-05 6.68576e-06 1.44375e-05 9.24664e-07 1.5064e-05
0.714219 0.115289 0.0162366 0.00734038 0.0402229 0.0328043 0.0236726 0.0128216 0.00193211 0.00983934 0.00686344 0.00735384 0.00400297 0.000694074 0.00231823 0.000401236 0.0011067 0.00101874 0.000217076 0.000182406 0.000108684 0.000342506 9.19009e-05 0.000182463 0.000273364 3.63855e-05 0.000232522 4.91896e-05 6.56693e-06 1.72607e-05 1.74365e-05 1.0611e-05 5.29944e-05
0.694303 0.0294471 0.121733 0.0140719 0.0425889 0.021086 0.0279566 0.0151042 0.00569916 0.00342346 0.00500536 0.00562279 0.00468939 0.00350005 0.000148162 7.24207e-05 0.00101153 0.000497655 0.00170058 0.000953352 7.76083e-05 0.00067205
0.731696 0.048305 0.0238167 0.117309 0.0190229 0.0129207 0.00783276 0.00134478 0.00407222 0.0145507 0.00193671 0.0119772 0.00153455 0.000151471 0.000437983 0.0011509 0.000688976 0.000270865 0.000141496 6.45092e-05 1.08986e-05 0.000120526 9.17534e-05 4.5229e-05 6.41747e-05 0.000120269 9.34783e-07 6.2026e-05 7.71883e-05
0.776762 0.110932 0.00537192 0.00166686 0.00475867 0.0228903 0.0201893 0.0144043 0.0166988 0.00697116 0.00881584 0.00225622 0.00421564 0.00132156 0.000680702 0.000340174 0.000212745 0.000650469 0.000168508 0.000229283 0.000115472 2.58166e-05 0.000169468
0.721316 0.0304274 0.0106328 0.0322604 0.0115878 0.0196853 0.11882 0.0104216 0.010805 0.00444891 0.0151115 0.00468583 0.00509563 0.000893247 7.71719e-05 0.000197334 0.000535246 0.00125239 0.000677465 0.000385352 7.69998e-05 8.74247e-05
0.723678 0.00380624 0.145191 0.0283486 0.0165151 0.00302242 0.0103978 0.0308895 0.00380669 0.00110636 0.00437807 0.00749894 0.0107934 8.9419e-06 0.000842104 0.0037026 0.00286153 0.00183007 8.3297e-05 0.000187222 5.06298e-05 0.000490147 5.11257e-05 9.64345e-05 9.16188e-05 1.94518e-05 1.90236e-05 1.36242e-05 8.83639e-05
0.0287012 0.119899 0.736568 0.0326256 0.0370565 0.00982189 0.000792841 0.00696593 0.0100099 0.0088263 0.00202168 0.00154283 0.00294793 3.87273e-05 0.000277986 0.000462838 0.000109921 0.000162518 0.000268727 0.000315981 0.000244408 0.000124104 8.0481e-05
0.7233 0.0521828 0.104654 0.0329205 0.00519407 0.00220441 0.00313935 0.00786765 0.017343 0.0134278 0.0117928 0.000813827 0.0134096 0.00263387 0.000787143 0.00187212 0.00077531 0.000296553 0.00130423 0.00201377 0.000234713 9.228e-05 0.000460682 6.8663e-05 0.000237847 0.000265774 4.98444e-05 3.89336e-05 3.75293e-05 6.98096e-05 7.9222e-05 8.03963e-05 5.63335e-06 1.53092e-05 0.000181525 1.39471e-05 2.07794e-05
0.667148 0.132917 0.0177634 0.0255928 0.0442436 0.0264397 0.0162411 0.0108686 0.00486959 0.0275928 0.00140938 0.00834991 0.00218505 0.000895308 0.00214723 2.99385e-05 0.00395984 0.00372985 0.00106738 0.000443399 0.000266359 0.000287033 5.76166e-05 0.000203915 0.000227901 0.000369759 0.00038915 4.33899e-05 0.000112742 2.20633e-05 4.24321e-05 1.06888e-05 2.36406e-05 2.73942e-05
0.738109 0.0959049 0.0320057 0.0341794 0.0227053 0.00529183 0.0191991 0.00885534 0.00421142 0.00189052 0.00967781 0.00319855 0.0109752 0.00831738 0.00135128 0.001682 5.70134e-05 0.000631527 0.000240391 0.000189469 5.69512e-05 0.00011973 0.000190909 0.000277168 0.000167375 0.000247962
0.742387 0.114748 0.033516 0.00165322 0.0349602 0.0185965 0.0181538 0.0134872 0.00148289 0.00644954 0.002462 0.00603807 0.00433763 0.000322038 0.000540897 0.000187948 0.000154265 0.00014848 1.03662e-05 0.000164066 4.30524e-05
0.705691 0.0213725 0.126661 0.0175367 0.0167146 0.0275675 0.00627117 0.016388 0.0416426 0.00495394 0.00510065 0.00305372 0.00184117 0.00258771 0.000485479 0.000146725 0.00103013 9.42738e-05 5.30174e-05 0.00014092 0.00032846 0.000182982 7.58214e-06 2.8378e-05
0.686986 0.0406545 0.0170538 0.1352 0.0634078 0.00753043 0.00974375 0.00223871 0.00843586 0.00838588 0.00596322 0.00329426 0.00180552 0.00344093 0.000954038 0.0012276 0.00115294 0.000113172 0.000351522 0.000122923 0.000486047 0.0010265
0.729326 0.140975 0.0351286 0.00948691 0.0177653 0.025392 0.00194627 0.0149384 0.00247199 0.00541662 0.00716549 0.00471655 0.00288956 0.000266729 0.00137588 4.11907e-05 3.225e-05 1.92112e-05 6.08093e-06 0.000101436 2.00747e-05 7.96164e-05 7.98592e-05 4.62314e-06
0.765476 0.0969334 0.0163114 0.0348249 0.0099272 0.00462229 0.012362 0.028922 0.00380055 0.00702953 0.00822216 0.00507332 0.000975435 0.00213483 0.000820831 0.00051253 0.000289611 0.000316548 0.000159732 0.000490571 0.000203126 3.5009e-05 4.20179e-05 1.88843e-05 8.84745e-05 0.00021151
0.0480558 0.744348 0.00512926 0.138335 0.00795451 0.00281936 0.00893835 0.00503858 0.00487922 0.00686619 0.0193493 0.00374653 0.00265682 0.000113154 0.000161329 0.000167904 0.000232548 9.75153e-05 0.000113812 1.49702e-05 0.000101132 8.82226e-05 0.00019936 2.5581e-05 2.89225e-06 0.000326288 3.11099e-05 0.000104545 4.02036e-05 1.47378e-05
0.68591 0.15551 0.0597989 0.0103574 0.00614948 0.0167561 0.00256872 0.0191811 0.0124864 0.00757964 0.00184842 0.0034418 0.00359239 0.00569244 0.000706718 0.000657077 0.000643821 0.00148188 0.00194554 0.00122146 0.000535006 3.66545e-05 0.00105252 1.95019e-05 7.67159e-06 8.91941e-05 0.000158315 0.000120721 4.0398e-05 0.000205763 7.20442e-05 2.40518e-05
0.753359 0.0099626 0.101824 0.0252408 0.00218136 0.0131405 0.0426193 0.00846611 0.0151458 0.0073299 0.00747267 0.00257875 0.0045104 0.0014932 3.47744e-05 0.00068712 0.000728119 0.0005316 0.000710096 0.000285596 0.000379939 0.000175784 0.000321295 0.000382451 1.79981e-05 4.78747e-05 2.61863e-05 4.0868e-05 9.12701e-05 8.69621e-06 5.38434e-05 6.87525e-05 1.70679e-05 2.17889e-06 4.83946e-07 1.78197e-06 1.48784e-05 2.27729e-05
0.67718 0.13438 0.0556647 0.020821 0.0100293 0.0209863 0.00134957 0.0255459 0.00717599 0.0206172 0.00673862 0.00570558 0.0104207 0.000277417 0.00072133 0.00104136 0.000630555 9.61266e-05 7.85958e-06 0.000116188 0.000139531 7.61307e-07 3.74504e-05 0.000146707 3.96094e-05
0.734933 0.0928004 0.0133954 0.0420339 0.00162614 0.0448832 0.0145236 0.0126753 0.00834103 0.00273575 0.0120725 0.00777474 0.00228747 0.00106851 0.00245696 0.000171922 0.000645424 0.000184521 0.000661517 0.00178083 0.000147644 0.000684939 0.000505617 0.00075597 4.44898e-05 6.43551e-05 0.000237063 6.5315e-05 0.000122298 1.12302e-05 9.6462e-05 8.22161e-05 2.77764e-05 1.709e-05
0.707191 0.061211 0.0937255 0.0269446 0.00962831 0.0514858 0.00113771 0.00772907 0.00209728 0.0167814 0.00160498 0.00351576 0.00558263 4.31311e-05 0.00242834 0.00164611 0.00181773 0.000549353 0.000112588 0.000843291 0.000762511 0.00164739 0.00020537 0.000278053 0.000146291 0.000213285 2.55725e-05 0.000124801 0.000209488 0.000130394 3.05902e-07 8.80402e-06 8.62611e-05 4.21773e-05
0.724595 0.0665094 0.105011 0.00485752 0.0230047 0.000142966 0.0222777 0.00370393 0.00499029 0.0169526 0.00896124 0.00684153 0.00811941 0.000387 0.00164618 5.93004e-07 2.20314e-05 0.000410018 2.10602e-05 0.000385129 0.000194572 2.07412e-05 0.000493207 5.3474e-05 5.34864e-05 3.0845e-05 1.78258e-05 0.000202925
0.726387 0.0735909 0.104859 0.00319838 0.00783588 0.021714 0.010296 0.00640549 0.00112987 0.0155249 0.0167503 0.00676307 0.00262458 0.00113558 0.000413539 0.000596934 0.00019675 0.000298079 6.16982e-06 3.66338e-05 4.38185e-05 1.4581e-05 2.97481e-05
0.745831 0.0290684 0.13493 0.0224567 0.0140368 0.00866301 0.00873034 0.0105541 0.00757702 0.00550144 0.00297927 0.00189564 0.00427187 0.000733143 0.000430693 0.000181611 2.55358e-05 0.000999582 0.000232723 5.94906e-05 0.000211684 0.000142333 5.44856e-05
0.717262 0.0208306 0.12986 0.0593057 0.0243329 0.0128236 0.00298307 0.00274775 0.00141498 0.0180573 0.00308874 0.0012448 0.00161611 0.000463421 5.02544e-05 0.000439762 0.00102259 0.000371227 0.000578762 0.000271457 0.000251342 5.59616e-05 4.63779e-05 0.000142548 0.00031555 4.11606e-05 0.000172407
0.753152 0.112941 0.0129132 0.0324403 0.00810174 0.0136465 0.017122 0.0302484 0.00686581 0.00244791 0.00253512 0.000534567 0.000349566 0.00205311 0.000212759 0.00174494 0.000108905 0.00119431 7.89931e-05 0.000435985 0.000161201 5.57749e-05 0.000259084 1.39558e-05 6.12897e-05 0.000140838 1.10575e-05 3.63396e-05 4.30291e-05
0.747567 0.100648 0.0403409 0.0106944 0.00959639 0.0214235 0.0155407 0.0050849 0.00853319 0.00987811 0.011914 0.00253071 0.00544166 0.00273726 0.000585831 0.000190003 0.00133371 0.00258163 0.000413119 0.00103144 0.000672192 0.000114015 0.000561318 0.000223175 2.31964e-05 5.61753e-05 9.00315e-05 1.76474e-05 1.53632e-05 3.08614e-05 9.26827e-06 2.70375e-05 2.07787e-05 2.00695e-05 1.81342e-05
0.746658 0.103412 0.0448064 0.00319332 0.0224279 0.00497819 0.0282917 0.00761575 0.00953448 0.00983439 0.0092865 0.00711243 0.000885541 0.000240318 7.02307e-05 0.000218441 1.99205e-05 0.000458718 5.65584e-05 2.19221e-06 0.000172587 0.000125122 2.48257e-06 1.04193e-05 0.000222712 3.2728e-06 7.95184e-05
0.739135 0.0150029 0.109107 0.0159886 0.0471298 0.0345898 0.00242126 0.00103921 0.00309338 0.01053 0.00267807 0.0120305 0.00169278 0.00064941 0.00120736 0.00021912 0.00128919 0.000351649 0.000392305 0.000617598 9.36861e-05 0.000595557
0.775429 0.091083 0.0403517 0.0443011 0.00334056 0.000313918 0.00641924 0.00148104 0.00710443 0.00893003 0.00835729 0.00290656 0.00137143 0.00193661 0.00132286 0.0011481 0.00106604 0.000417143 0.000364536 0.000528654 0.000874182 8.42659e-05 0.000233592 3.12629e-05 1.15292e-05 1.50929e-05 2.56266e-05 7.12798e-05 2.64608e-05 0.000193302 1.92003e-05 0.000131859 3.48756e-05 2.40549e-05 1.30049e-06 3.66706e-05 1.1583e-06
0.7061 0.0309932 0.0141279 0.135255 0.0323353 0.0231572 0.00910753 0.00567293 0.0121222 0.00973593 0.00246288 0.0116159 0.00125054 0.000613449 0.00090725 0.000662394 0.00164323 0.000261963 0.000132645 3.9238e-05 0.000190796 0.000572003 0.000216995 0.00040222 0.000282383
0.75861 0.0408892 0.103784 0.0138985 0.00993893 0.0137207 0.00287063 0.00401944 0.0193687 0.00531372 0.00504867 0.00822258 0.00765282 2.08406e-05 0.000294029 0.00132593 0.000526569 0.000825672 1.6075e-05 9.23612e-05 0.00178725 0.00122095 0.000264025 4.43004e-05
0.717687 0.119162 0.00787235 0.0352937 0.0321267 0.0189917 0.011319 0.00900693 0.00412251 0.0103758 0.00864954 2.55911e-05 0.00416202 0.00207161 0.00814133 0.00199033 0.00155757 0.0026447 0.00316484 0.000578506 0.000436773 0.000112859 4.29241e-05 0.000237974 3.09594e-06 2.26276e-05 3.88143e-05 1.34872e-05 4.30831e-06 5.01729e-05 1.71816e-05 1.40729e-05 1.27578e-05 1.07292e-05 2.8172e-06 2.53177e-05
0.705842 0.126829 0.0290292 0.0233324 0.0273966 0.00496999 0.00590837 0.00190662 0.0311437 0.00647357 0.0124159 0.00286239 0.00349597 0.00012003 0.00335492 0.00151579 0.00216252 0.00106041 0.00347472 0.000125819 0.000299236 0.00447167 0.000307238 0.000501016 4.89719e-05 0.000250515 0.000355073 3.08117e-05 0.000132839 5.50524e-06 1.63134e-05 1.50061e-05 1.60685e-05 2.93453e-05 2.67734e-05
0.707291 0.169144 0.0501581 0.00530077 0.000869845 0.0149067 0.000976498 0.00745614 0.00665904 0.0243054 0.00408383 0.0053333 0.000688967 0.000470332 0.000106041 0.000931286 0.000164821 8.49399e-07 0.000382939 0.000298099 0.000194214 4.83373e-05 2.91113e-05 7.20152e-06 5.19255e-05 2.05148e-05 2.73599e-06 3.87571e-05
0.71857 0.131717 0.00979285 0.0291464 0.0145119 0.0146632 0.0284376 0.0121061 0.00180755 0.0203574 0.00462112 0.00273709 0.00134647 0.00225211 0.000288475 0.000359289 0.000933189 0.000146602 0.000497566 0.00316764 0.000608986 0.000625187 0.000462862 5.37144e-05 6.29425e-05 0.000229793 0.000262417 1.51012e-05 2.32206e-05 5.91037e-05
0.689423 0.0415953 0.168004 0.0234584 0.0155104 0.0083552 0.00655733 0.00445312 0.0157771 0.00766532 0.000622545 0.00431883 0.00797228 0.000656757 0.00114878 7.25591e-05 0.00140579 0.00101445 0.000194243 0.000933427 0.000233957 3.69395e-05 0.000244213 1.65765e-05 1.13433e-05 4.62862e-05 8.14593e-05 7.68563e-05
0.674525 0.12109 0.0272186 0.0428858 0.0775772 0.00945409 0.00860012 0.00605075 0.00858681 0.00951843 0.00529523 0.00253826 0.0010604 0.00144216 0.00223791 0.000242234 0.000595872 0.000379843 3.87598e-05 2.47302e-05 0.000135223 0.000400757
0.67766 0.0163792 0.0297207 0.116777 0.0513477 0.00635751 0.0535102 0.00579212 0.00720851 0.0103498 0.00460762 0.0118354 0.00185173 0.000724688 0.00216826 0.00132254 0.000411596 0.000921059 4.94728e-05 0.000227797 7.60048e-05 0.000328568 0.000157604 1.25003e-06 1.03988e-05 3.78232e-06 1.15097e-06 2.66618e-05 8.33603e-05
0.71196 0.00448712 0.00155181 0.00502844 0.0250401 0.158294 0.012858 0.0266333 0.00753558 0.0170865 0.00389256 0.00974988 0.0064708 0.00463227 2.33237e-05 0.000659905 0.000292281 9.1345e-05 7.47498e-05 0.00120399 0.000880967 0.000231796 3.96763e-05 0.000357809 0.000196137 0.000217113 0.000148893 0.000152983
0.700607 0.117276 0.0477343 0.0249905 0.0268292 0.00144092 0.0117959 0.0149422 0.0252197 0.00672122 0.00496815 0.00536802 0.00524302 0.00473336 2.6784e-05 0.000627913 0.000445262 0.000142469 0.000400904 2.70347e-05 0.000206086 2.43599e-05 6.11481e-05 2.76354e-05 3.5666e-05 1.52123e-05 3.58692e-05 1.96299e-05 7.8973e-06 1.25234e-05 5.44569e-07 2.27789e-06 3.60113e-06 4.30107e-07 1.10655e-06 3.0068e-07 1.11092e-06 3.25001e-07 1.1489e-06 5.54089e-08 4.65195e-07 7.34575e-07 3.69656e-07
0.0195752 0.00729092 0.765861 0.105853 0.010423 0.0246311 0.0356365 0.00689804 0.0017361 0.00409989 0.00396257 0.0041645 0.00537805 0.000587117 0.000538648 0.00154118 0.000456913 2.53954e-06 0.000512067 5.55534e-05 5.09672e-05 8.00451e-05 0.00028922 0.000125345
0.738331 0.129677 0.00625858 0.0184851 0.041737 0.0186602 0.000449662 0.00759337 0.00542706 0.00711217 0.00963262 0.00656406 0.00617815 0.000505598 0.000486639 2.19165e-05 0.000148472 0.00022685 5.20631e-05 0.000329648 0.000174074 0.000159452 0.000248588 2.05607e-05 8.21549e-05 0.000555988 0.000146176 4.75903e-05 5.79281e-05 7.74006e-05 9.43668e-05 5.85741e-05 2.85414e-05 8.995e-05 0.000134792 5.31169e-06 1.62254e-05 7.94489e-06 3.12574e-05 1.97602e-05 9.80126e-06 1.80117e-05 1.6722e-07 3.02833e-05
0.705023 0.00567935 0.149729 0.0422439 0.0190732 0.0133262 0.0185998 0.0134488 0.00552797 0.00490058 0.00692283 0.00302728 0.00200084 0.000620047 0.000745375 0.002925 0.000672063 0.000276491 0.00158976 0.00190055 0.000130651 0.00012508 0.000464838 0.000188678 0.000580121 1.12681e-05 4.9069e-05 3.24961e-06 3.28668e-05 5.40702e-05 4.77805e-05 2.85865e-05 2.65759e-06 2.26033e-06 2.5059e-06 1.07337e-05 1.01123e-05 3.88879e-06 6.9853e-06 5.98005e-06
0.725685 0.0423556 0.127587 0.0243088 0.0179399 0.00346312 0.00561183 0.0103387 0.014886 0.00142517 0.0143006 0.00134971 0.00534746 0.0015731 0.000948166 0.000457121 0.00127866 0.000405534 9.92845e-05 4.23697e-05 0.000146315 0.00024318 2.97061e-06 1.45108e-05 2.54164e-05 4.76109e-05 2.32896e-05 1.36069e-05 2.13682e-05 3.87958e-06 3.24797e-05 1.43161e-06 1.68943e-06 8.61198e-07 5.25518e-06 2.52738e-07 1.62738e-06 2.5931e-06 4.0245e-06
0.00725764 0.703228 0.0223272 0.1284 0.0708392 0.0293986 0.00553838 0.00171302 0.00715764 0.0103426 0.004432 0.00444727 0.000690761 0.00203679 4.21075e-05 0.000314677 0.000388526 0.000100123 0.000336741 0.000140388 0.000144251 0.000312888 6.53267e-05 4.76217e-05 0.000129762 4.98787e-05 2.57518e-05 4.01612e-05
0.763729 0.00555634 0.116726 0.0471046 0.0315895 0.00737149 0.01205 0.001743 0.000899505 0.00639931 0.00420549 0.00115278 0.000882197 0.000183437
0.731707 0.117224 0.00266369 0.0388373 0.00395252 0.00382026 0.0233889 0.00839133 0.0231016 0.0218643 0.00136594 0.00159117 0.0113369 0.000822345 0.000980795 0.00198684 0.00227924 0.00139111 0.000302957 0.000131433 0.00146183 0.000335757 2.83968e-06 0.00013871 0.000194169 0.000241766 2.06572e-05 2.72098e-05 0.000100209 3.28423e-05 8.55364e-05 9.59773e-05 1.58891e-05 3.00415e-05
0.704921 0.121156 0.0261174 0.0229581 0.00055743 0.0119121 0.0496329 0.0087206 0.0148254 0.0140848 0.0014934 0.00517667 0.0019975 0.005767 0.000448627 0.00142535 0.0046687 0.000837966 0.000596632 0.00132281 0.000428117 0.000342887 3.46182e-05 0.000168762 2.50703e-05 2.88627e-05 3.44568e-05 0.00012504 0.000100338 4.14829e-05 6.52495e-06
0.744555 0.0976717 0.0251497 0.014688 0.0252453 0.0127613 0.05096 0.00951461 0.00532917 0.000483544 0.00374536 0.00369493 0.00278077 0.00102876 0.000183616 0.00106564 0.000127238 0.000248931 8.88568e-06 3.912e-05 0.0002097 0.000294315 3.32465e-05 7.13452e-06 1.15795e-05 4.3248e-05 5.53515e-06 3.28418e-05 4.19262e-06 5.48496e-06 1.08742e-05 1.14382e-05 7.19482e-06 2.94661e-06 4.59085e-06 7.73145e-06 4.96192e-06 3.54847e-06 3.87015e-06 6.37351e-06
0.734066 0.038306 0.10673 0.02351 0.0112193 0.0142872 0.0148086 0.0285606 0.000631233 0.00197796 0.00323915 0.00505006 0.00989539 0.00300756 0.000349172 0.000236712 0.000158617 0.00135797 0.00112038 0.000109438 0.000233993 0.000222531 3.43853e-06 0.000185108 0.000428229 5.56025e-05 1.81921e-05 4.08601e-06 1.33393e-05 3.1385e-05 7.08543e-06 4.22714e-05 2.47243e-05 2.89033e-05 4.96373e-06 2.71267e-06 1.26999e-05 1.00642e-05 2.19048e-05 2.83533e-06 8.45575e-06 2.55589e-06 9.16046e-07 5.18637e-06
0.70537 0.107956 0.0399615 0.0401547 0.0126318 0.0197266 0.015724 0.0141846 0.0036755 0.00962882 0.00170035 0.00185157 0.00637657 0.00206469 0.000934342 0.00301112 0.00123414 0.00451248 0.000524491 0.00384811 0.00128524 0.000798935 0.001168 0.000274291 7.11073e-05 0.000215104 0.000217038 0.000150409 6.87166e-06 0.000343648 5.88393e-05 8.39329e-05 3.82519e-06 1.29781e-05 2.02826e-05 3.73781e-05 5.56105e-05 6.21256e-06 1.42317e-05 8.40999e-06 2.68018e-05
0.737854 0.0196274 0.118082 0.0374989 0.0107342 0.0102091 0.0234104 0.00432425 0.0123751 0.00535999 0.0041695 0.00552734 0.00434752 0.00117535 0.00169848 9.78486e-05 0.000195691 0.000128552 0.000303801 0.00082063 0.000493072 2.44027e-05 0.000290305 0.00064157 1.54695e-05 0.00024795 6.00442e-05 2.45856e-05 6.87862e-05 4.62472e-05 5.07692e-05 2.11798e-05 2.03264e-05 2.28234e-05
0.705198 0.129402 0.00901771 0.058974 0.0217847 0.0134851 0.00518528 0.00861959 0.0205009 0.000183697 0.000496629 0.0132564 0.00814299 0.00336462 0.000773476 0.000118659 0.000558008 0.000195919 1.22312e-05 1.10767e-05 0.000103883 0.000310373 0.000108211 1.54862e-05 4.13669e-05 2.98514e-05 4.37773e-05
0.699092 0.110694 0.0743672 0.0168473 0.00744606 0.00667227 0.0210332 0.010436 0.0104709 0.0233347 0.000422612 0.00630221 0.00616005 0.000309903 0.00033421 0.0034289 7.05753e-05 0.000485271 0.000266014 0.00018333 0.000307213 0.000174716 5.13003e-06 0.000344253 0.000375101 0.000152124
0.67244 0.15725 0.0586193 0.0260929 0.00971541 0.0205563 0.0177777 0.00711053 0.008234 0.00861509 0.00470161 0.00190107 0.00147058 0.00113434 0.000113997 0.00159361 0.00176662 5.83847e-06 0.000384836 8.8264e-05 0.000137549 2.58322e-05 7.6183e-05 7.41624e-05 6.27182e-05
0.694988 0.158956 0.0225937 0.0369992 0.0119928 0.0211834 0.0118626 0.0184889 0.00563225 0.00301356 0.00236664 0.00207348 0.00673524 0.0007571 7.88597e-05 0.000405181 0.000602331 0.000231988 0.000549597 0.000235646
0.693976 0.00189626 0.0271701 0.0253714 0.0980887 0.0357914 0.0583564 0.0123582 0.00600945 0.00842921 0.00674228 0.00489778 0.0116701 0.00157233 0.0005898 0.00119365 0.000361412 0.000217623 0.00171675 0.0018768 0.000503931 0.000113935 0.000253721 1.91361e-05 0.000392602
0.589655 0.264453 0.0145751 0.0129502 0.0363892 0.00901374 0.0344027 0.00550741 0.00398982 0.00437322 0.0089284 0.00326567 0.00860661 0.000222133 4.883e-05 0.000207953 0.00145644 0.000515648 0.000328965 0.000261011 0.000172399 5.59094e-05 0.000271022 8.74246e-05 5.59938e-05
0.743298 0.027736 0.109457 0.0533652 0.0149634 0.0145098 0.000667965 0.0141307 0.00510198 0.00699914 0.00129994 0.00396004 0.00220614 6.80759e-05 0.000204568 0.000380626 3.47232e-05 6.58472e-06 0.000294842 0.000159522 0.000195943 6.75247e-05 0.000144995 2.58573e-05 0.000179173 0.000104261 1.62983e-05 0.000277209
0.646427 0.193898 0.0330466 0.0176519 0.0451847 0.013486 0.00893046 0.00601944 0.00697479 0.0140496 0.00389733 0.00280195 0.00109413 0.000860386 0.00147298 0.000101115 8.23738e-05 0.000926209 0.000139023 0.000241805 0.00141741 0.000195116 3.98327e-05 5.0505e-05 0.000247051 7.55409e-05 1.92547e-06 0.000117953 9.36547e-05 3.42955e-05 9.10689e-05 4.08718e-05 7.08816e-06 1.6418e-05 4.37406e-05 5.74296e-05 4.42143e-05 6.28483e-05 6.10754e-06 3.57711e-06 4.4508e-05
0.656573 0.162634 0.0387424 0.0398432 0.0194423 0.00448301 0.0104909 0.0028931 0.00625739 0.0166015 0.0106057 0.0120046 0.00274757 0.000119741 0.000451183 0.00116632 0.00194288 0.00837479 0.00221761 0.000642604 0.000256041 0.000338421 0.000402494 7.4612e-05 0.000440938
0.714086 0.128701 0.0222722 0.0225538 0.0149795 0.0533549 0.0146863 0.00384323 0.0053689 0.00512235 0.00592013 0.0015733 0.00123287 0.00227181 9.63212e-05 0.00211156 0.000362606 0.000149378 0.000161465 0.00065094 8.71328e-05 4.35578e-05 8.02255e-05 1.83979e-05 3.31094e-05 7.57077e-05 4.48765e-06 2.62079e-05 5.30747e-05
0.71838 0.108049 0.0521219 0.0332492 0.0105511 0.00453559 0.0236159 0.00204432 0.0162539 0.00349353 0.00686269 0.00392681 0.00722891 0.00147785 0.00213621 0.00119589 0.00022394 0.000729342 0.000836608 0.000843089 0.000170274 0.000134985 0.000143422 0.000262843 1.48412e-06 0.000190843 9.85817e-05 0.000469633 0.000134037 0.000288496 8.1197e-05 8.98073e-05 8.06633e-05
0.738328 0.108471 0.0379324 0.0242122 0.00769747 0.00798218 0.0250348 0.00242673 0.0124493 0.00510632 0.00360371 0.0166727 0.00561754 0.000264038 0.000184379 0.000165454 0.000612093 0.000250254 0.000469081 0.000894226 9.98454e-05 0.000283241 1.92282e-05 0.000358377 0.000289209 0.000115911 0.000186888
0.713974 0.117216 0.00946721 0.0230312 0.00979386 0.0510678 0.00276438 0.00802728 0.0391776 0.0104499 0.00217359 0.00512333 0.00284947 0.000186725 0.00128636 0.0018388 0.000491652 0.000180473 0.000226695 6.93939e-05 2.22444e-05 0.00024181 0.000112382
0.654009 0.0415742 0.0427414 0.17864 0.0115819 0.0254916 0.00804598 0.00583336 0.00873097 0.0062135 0.000542902 0.00937499 0.00327912 9.26645e-05 0.000268887 0.00043722 9.50499e-05 0.000197904 4.00997e-05 0.000386966 9.98654e-06 0.000824094 0.00018137 0.00054647 0.000184119 0.00030495 5.27524e-05 8.58781e-05 3.91627e-06 2.39406e-05 7.04218e-06 4.51934e-05
0.748051 0.0287645 0.116382 0.0179694 0.0204312 0.0213162 0.0142335 0.00812178 0.00635422 0.00308468 0.00560743 0.00185746 0.00558243 0.000889315 0.000211802 0.000103715 0.000427172 4.02228e-05 1.02976e-05 0.000182919 7.34906e-05 0.000137978 2.79408e-05 3.82166e-05
0.751756 0.109497 0.025798 0.00449373 0.021972 0.0372043 0.00668322 0.0140908 0.00633548 0.00628423 0.00647892 0.00485131 0.00123022 0.000356337 9.84855e-05 0.000344875 0.000143554 0.000306165 0.000467012 0.00042877 0.000477777 3.50088e-06 0.000177519 0.00013604
0.689891 0.106415 0.0314018 0.0182373 0.0464393 0.0276603 0.0316168 0.0173168 0.0119654 0.00364959 0.000392233 0.00271597 0.000654531 0.00180301 0.00084634 0.00056648 0.00206919 0.000724137 0.00116149 0.000895741 0.00123529 0.000156945 0.000279408 4.08847e-05 0.000528755 0.000225679 0.000243845 0.000167419 0.000138275 0.000218589 6.26177e-05 9.63135e-05 5.28613e-05
0.715253 0.119398 0.00547658 0.0102496 0.0333012 0.050641 0.0308381 0.00627879 0.00070981 0.00263509 0.00608535 0.00418293 0.00380353 0.00271242 0.00221817 0.000176355 0.000960805 0.00140132 2.29391e-05 0.000239907 0.000797481 0.000302203 0.000285476 0.00110046 0.000414934 0.000196962 7.75156e-05 5.25458e-06 3.4737e-05 5.79524e-05 5.78049e-05 1.50717e-05 3.47329e-05 2.54245e-06
0.692414 0.0409655 0.0518482 0.118791 0.0149648 0.00744273 0.006681 0.00839686 0.00634903 0.0276193 0.00338031 0.00423774 0.00205259 0.00371903 0.00274271 0.00010232 0.00172447 0.00285185 0.000443083 0.000755402 0.000724009 0.000420763 0.000184529 0.000499021 3.10806e-05 9.4107e-05 0.00018222 0.000115288 3.06667e-07 1.56881e-05 6.35957e-06 7.71675e-05 4.10731e-05 6.01589e-05
0.667748 0.183984 0.0123283 0.00756917 0.0324201 0.032951 0.00122329 0.0189224 0.00881997 0.00460496 0.00221295 0.014357 0.00194579 0.00122994 0.00172212 0.00301765 1.29205e-05 0.00116692 0.000831393 0.000221602 3.84648e-05 5.40293e-05 0.000176413 3.90305e-07 0.000340841 0.000746493 6.18542e-05 0.00012563 0.000130197 0.000551214 6.17239e-05 7.567e-05 1.50377e-05 3.01641e-05 1.03057e-05 6.7531e-05 6.5055e-05 4.02864e-05
0.707838 0.104125 0.0569462 0.0356855 0.00349834 0.0385438 0.0118055 0.00706339 0.0029622 0.00285288 0.00962107 0.00879469 0.00424389 1.72628e-05 0.00185997 0.00150082 0.000979338 0.000917796 0.00035633 2.27564e-05 1.93237e-06 0.000106887 8.12531e-05 2.45661e-05 1.26122e-05 1.0536e-05 1.47903e-05 4.4519e-06 9.32765e-06 3.8876e-05
0.689108 0.0159821 0.166539 0.0252108 0.0468396 0.00738604 0.0136097 0.00130014 0.00914358 0.00337382 0.00585364 0.00421054 0.00670747 0.00231935 7.48671e-05 0.000573324 0.000204664 1.1868e-05 0.000467195 0.000323983 2.85684e-05 0.000153715 2.5102e-05 0.00028069 9.756e-05 5.71996e-05 3.60553e-05 3.78329e-06 8.29358e-06 1.09246e-05 1.11643e-06 1.45535e-06 9.34399e-06 1.02976e-05 4.28929e-06 1.22374e-05
0.699748 0.101143 0.0181841 0.066613 0.00848724 0.0238341 0.016078 0.0123022 0.0211288 0.00327159 0.0105039 0.000737765 0.013858 0.000403495 0.000847225 0.000971087 3.99053e-05 4.93076e-05 0.00055668 3.58003e-05 9.34201e-06 0.000706528 0.000192654 3.52089e-05 0.00010449
0.741448 0.107814 0.0487522 0.00835929 0.0424331 0.0199315 0.00116284 0.00604822 0.00410342 0.000571586 0.00307354 0.00542076 0.00417491 0.00536588 0.000351531 0.000270095 0.000244997 0.000121343 2.10514e-05 6.79007e-05 8.53693e-05
0.714373 0.0117358 0.112385 0.00281392 0.057978 0.0158328 0.0166259 0.00127531 0.00640154 0.00840165 0.0302709 0.00819362 0.00303114 0.000142019 0.00280397 0.000971655 0.00377768 9.60512e-05 0.000147446 8.95259e-06 0.000123871 0.000323232 0.000282827 0.000333907 0.000216761 0.000112084 0.000184314 0.000550355 7.05798e-05 1.30237e-05 1.44545e-05 6.07357e-05 0.000168646 2.93661e-06 2.04836e-05 4.4956e-05 7.72129e-06 1.24788e-05 4.75306e-05 7.89634e-06 9.43685e-06 8.68812e-06 7.50799e-06 4.70756e-05 2.78636e-05 3.28084e-06 1.30023e-05 2.07083e-06 7.73082e-06 1.87974e-06 3.21217e-07 7.93331e-07 2.98193e-07 1.04277e-06 1.10962e-06 1.37608e-06
0.743704 0.0234496 0.114092 0.00802468 0.0375717 0.0164291 0.0019435 0.0206131 0.00470059 0.000465709 0.00335283 0.0108134 0.00122152 0.00223663 0.00167827 0.00502719 0.000673483 0.000425026 3.6163e-05 0.000621973 0.00014974 0.000273617 0.000338693 0.000131392 0.000361526 0.000499355 0.000512346 0.000184005 0.00017339 2.05291e-05 4.41876e-05 1.01358e-06 4.72154e-06 2.09505e-05 5.02729e-05
0.679324 0.180703 0.0637957 0.00374532 0.00163511 0.00324128 0.0106163 0.00191531 0.00880768 0.00855687 0.00458601 0.0166598 0.00562187 0.00238554 0.00021811 0.000908252 0.00261997 0.00260316 0.000368271 0.000163948 0.000101281 0.000610738 1.80507e-05 0.000157551 0.00014244 0.000168081 2.25641e-06 1.55245e-05 0.000122721
0.720662 0.112495 0.068777 0.0221957 0.00978729 0.00541449 0.004079 0.00193196 0.0202695 0.00228685 0.00552804 0.00636227 0.00628762 0.000434034 0.00625316 0.00209831 0.000427464 0.000570117 0.00133282 0.00032245 0.000640357 0.000965784 0.000132211 0.000119435 6.55829e-05 5.32421e-06 2.88476e-05 0.000116767
0.752407 0.114082 0.0436612 0.0112854 0.0198604 0.00823769 0.00714797 0.0123925 0.00362208 0.00744627 0.00490725 0.011209 0.000946281 0.00106491 0.000480494 0.000484611 4.641e-06 0.000130638 0.000168129 2.57015e-05 3.50512e-05 3.44424e-05 3.17248e-05
0.701997 0.013951 0.119572 0.00941549 0.0600295 0.00472172 0.020799 0.0161447 0.00616975 0.0238756 0.00764573 0.00224045 0.00386522 0.000968594 0.00228287 0.00117304 0.000927425 0.00050564 0.000285053 0.000221412 0.00036238 0.000721467 2.65657e-05 6.13595e-05 0.000260094 0.000842885 0.000749296 2.10956e-05 0.000130739 1.53805e-05
0.784102 0.077274 0.0256125 0.0120577 0.0366734 0.0142249 0.00722873 0.00639097 0.0243092 0.00324456 0.00400812 0.000716005 0.000554321 0.000640909 9.62322e-05 0.000888023 9.0084e-05 0.000649394 0.000247543 0.000230525 0.000136598 5.73371e-05 2.87587e-05 8.99843e-05 5.47812e-07 4.89845e-05 2.29383e-05 0.000190521 2.74453e-05 8.70197e-05
0.753911 0.0382872 0.102397 0.0413237 0.00526396 0.0239143 0.00563632 0.00496548 0.002313 0.00449837 0.00257547 0.00299272 0.00534061 0.00144262 0.0031592 0.000563275 0.000212725 8.63912e-05 7.47119e-05 9.54454e-06 0.000126455 0.000227673 3.85937e-05 0.000388254 0.000109449 2.83381e-06 6.40416e-06 1.85104e-05 2.20388e-05 3.50555e-05 5.85728e-06 8.90231e-06 3.94689e-07 1.93828e-05 1.39877e-05
0.728466 0.0503296 0.0442125 0.0148395 0.0827987 0.00452642 0.00409085 0.0269306 0.00649674 0.019273 0.00301746 0.00112235 0.00556914 0.00122225 0.000269778 0.00193694 0.00244518 0.00038566 0.000269426 0.000304684 5.96315e-05 0.000140743 0.000245648 0.00059691
0.758552 0.117324 0.0105904 0.0447101 0.0138576 0.0215387 0.00693238 0.00938003 0.00304995 0.000531786 0.00181029 0.00243054 0.00462253 0.00144454 0.000168412 0.000421492 0.000265129 0.000364836 0.000126734 0.00017759 0.000380342 0.000340896 1.19269e-05 0.000316326 7.05046e-05 2.15463e-05 0.000145824 3.56467e-05 1.63092e-05 4.73927e-05 1.39396e-05 2.78839e-05 3.33457e-05 6.3088e-05 6.24646e-05
0.140579 0.721583 0.0557305 0.0138543 0.00436142 0.0153819 0.012054 0.00871454 0.0059473 0.00280756 0.00133203 0.0061604 0.00665461 0.000991983 0.000708962 0.00180636 0.000684324 0.000128719
0.681634 0.123271 0.0277902 0.0481246 0.0270154 0.00850049 0.00653944 0.0325511 0.00782808 0.0181723 0.00346974 0.00547489 0.00160186 0.00305396 0.00093188 0.00145424 9.649e-05 7.49857e-06 0.00111856 2.47098e-05 4.44505e-05 0.000125535 0.000106215 0.000144635 5.99195e-05 0.00013817 5.0408e-05 0.000165517 0.000357342
0.765218 0.118301 0.00295737 0.00241279 0.00484658 0.0194541 0.0314979 0.0115338 0.0183428 0.00486422 0.00535123 0.00457607 0.00443521 0.00157143 0.002697 2.81796e-05 0.000419862 0.00073221 6.96795e-05 0.000112604 2.76675e-05 3.69274e-05 2.32332e-05 0.000250133 4.20523e-05 4.39608e-06 9.98529e-06 2.64788e-05 7.19219e-05 1.80069e-05 1.37249e-05
0.70073 0.127202 0.0509661 0.0130939 0.0359999 0.0320336 0.00260712 0.00382496 0.00720119 0.00934063 0.00461598 0.00547669 0.00131412 0.000457708 0.00156825 8.67164e-05 1.50966e-05 0.000234302 0.000430776 5.7375e-06 9.23986e-05 0.00171869 1.3369e-05 0.000294513 0.00013134 1.64416e-05 6.1786e-05 7.89242e-05 0.000108232 6.92351e-05 9.29378e-05 1.66809e-05 7.57502e-07 1.56641e-07 1.21354e-05 4.60341e-05 2.31412e-06 3.9191e-06 7.39782e-06 1.13964e-05 1.90155e-06 5.03753e-06 1.2487e-06 2.91531e-07 2.39574e-06 1.94928e-06 1.03483e-08 6.35399e-07 4.64394e-07 1.51105e-06 2.20976e-07 8.07686e-08 1.65302e-07
0.729681 0.01612 0.0898352 0.0538244 0.0207888 0.00985277 0.0138615 0.026335 0.0153885 0.005378 0.00228637 0.0022028 0.00478401 0.00145485 2.20729e-05 0.00119425 6.91207e-06 0.00138668 0.00283959 0.00061911 0.000840799 0.000418211 7.20754e-05 0.000105398 0.000104375 9.41307e-05 6.02892e-05 0.000111563 2.94936e-05 6.1976e-05 0.000146849 5.40146e-06 1.19211e-05 8.98856e-06 2.55148e-05 1.56902e-05 4.03091e-06 9.24709e-07 5.08301e-06
0.666797 0.0583618 0.131115 0.0105893 0.0135289 0.0383101 0.0075758 0.00955336 0.0240998 0.00337884 0.00748024 0.0201312 0.00351817 0.00160549 0.000426716 0.0012702 3.06244e-05 0.000506087 0.00034749 0.000734544 0.00020511 6.79829e-05 0.000103675 7.75076e-05
0.721869 0.0520992 0.00574014 0.0973874 0.00535401 0.0125457 0.0256207 0.0313937 0.0226822 0.00481759 0.00956893 0.00605783 0.00323887 7.41486e-07 0.000529555 0.000248966 0.000289566 5.69169e-06 6.27622e-05 6.28241e-05
0.689541 0.00730891 0.152817 0.0159993 0.0346628 0.0285443 0.0202412 0.0165237 0.00598497 0.0119433 0.00116516 0.00797001 0.00327047 0.000529633 0.00157392 0.00073795 0.000183562 2.72912e-05 0.000148295 2.79715e-05 0.000339217 0.000288915
0.725273 0.0109647 0.0402685 0.0035616 0.100796 0.036399 0.0132432 0.00265293 0.0110496 0.00931415 0.0223518 0.00697911 0.00830757 0.00018284 0.00142794 0.00166539 0.00180004 0.00184823 0.000514819 0.000240837 0.00021708 0.00011709 1.04999e-05 0.000153839 0.000181759 0.000165907 0.000166333 2.99793e-06 4.79142e-06 7.55383e-06 5.18266e-06 2.06708e-06 7.77051e-06 1.66875e-05
0.738942 0.129581 0.00541132 0.00835495 0.0394955 0.00827518 0.00882007 0.00233 0.0368662 9.55789e-05 0.00310258 0.00357148 0.00285245 0.00423438 0.00176696 0.000216558 0.00310364 0.000552725 0.000332691 0.000286676 0.000624964 5.94237e-05 0.000178005 3.68182e-06 0.000429426 3.45521e-06 0.00010294 1.8641e-05 0.000163317 2.41864e-05 2.83291e-06 4.39626e-05 1.01824e-05 2.26918e-05 2.22536e-05 5.63219e-06 3.17672e-06 2.84715e-06 7.26885e-05
0.673119 0.166295 0.0197117 0.0517966 0.00409805 0.0255086 0.0119865 0.00922745 0.0132748 0.0155935 0.00218191 0.00092172 0.00210248 0.000128694 9.73502e-07 0.00111608 0.00127571 0.000416417 0.000346999 0.000674497 0.000148345
0.714333 0.0668753 0.129573 0.01272 0.019025 0.00968536 0.00931736 0.00584258 0.00711615 0.00633208 0.0032662 0.00601311 0.00274647 0.000616342 0.000726424 0.00181637 0.000262886 5.04047e-05 4.48898e-05 0.00116559 0.000157716 0.000583038 0.000829357 0.000147242 0.00021615 0.000132415 4.30977e-05 2.20295e-05 0.000126622 8.68393e-06 4.41077e-05 4.71274e-06 2.38529e-05 4.94157e-06 2.27169e-05 2.91935e-06 2.27725e-05 1.14989e-05 3.92592e-06 6.76043e-06 4.73526e-06 8.97708e-06 8.7636e-07 1.70094e-05
0.751182 0.0999693 0.00775368 0.0287455 0.0510583 0.00507167 0.0201346 0.00925185 0.00429384 0.00190377 0.00864018 0.00297498 0.00591233 0.00178146 0.000320674 1.63819e-05 1.93353e-06 0.000251197 0.000532883 3.5269e-05 2.50263e-05 1.21672e-05
0.721073 0.0564445 0.111648 0.021277 0.0160566 0.00604645 0.0271033 0.00572172 0.00583387 0.00206619 0.00273134 0.00680881 0.0041264 0.00176231 0.00246874 0.00303074 0.000195216 0.000909468 0.000354141 0.000485986 0.00124023 0.000128332 0.000608183 0.000211868 0.000253974 0.000185197 8.21378e-05 0.000332124 3.58098e-05 6.6253e-05 0.000253702 7.29055e-05 2.36309e-05
0.729388 0.0119142 0.126356 0.02796 0.0291038 0.00741666 0.0371447 0.00402397 0.00312275 0.0105626 0.00218916 0.000922587 0.00194812 0.000416489 0.000410247 0.00344628 0.00238024 0.000457142 2.77063e-05 0.000571111 8.7222e-05 4.05641e-05 2.64711e-05 1.96666e-05 1.86395e-05
0.723321 0.00409261 0.0408338 0.0407003 0.045426 0.0176973 0.0811746 0.017729 0.00186814 0.00415104 0.00577906 0.00911681 0.00265809 0.000919292 0.000191474 0.000699331 0.000225196 0.000322568 0.000388758 1.45165e-05 0.000540502 0.000364113 0.000254807 8.94597e-05 0.000140909 0.000818293
0.743986 0.0081946 0.127302 0.0354977 0.0257968 0.0185018 0.00384572 0.00829657 0.0097112 0.00242591 0.000598862 0.0105469 0.000548049 0.00210863 0.00138251 0.000233084 9.27139e-05 8.60628e-05 0.000327431 0.000127019 0.000156641 1.48129e-05 4.53471e-05 7.72949e-05 3.21423e-05 1.40175e-06 1.0786e-05 2.29701e-05
0.728796 0.039675 0.0261364 0.00357145 0.120449 0.0167404 0.0310046 0.00380367 0.0178183 0.000763057 0.000992258 0.00297114 0.000872709 0.00307687 9.33941e-05 0.000414656 0.000500306 0.000473229 0.000208573 4.88638e-05 0.00022313 6.91508e-05 0.000285845 0.000533178 4.99185e-05 1.39021e-05 4.41141e-05 1.22319e-05 9.3141e-05 4.20772e-05 8.93239e-06 4.54289e-05 2.54686e-05 3.58199e-05 6.12943e-05 9.32926e-08 1.75069e-05 3.60351e-07 1.09859e-06 4.61891e-06 3.40755e-06 1.12027e-05 7.87909e-07 4.29609e-06
0.00629256 0.757675 0.0911699 0.0162072 0.0236518 0.0334909 0.00735617 0.0150448 0.000868632 0.0121299 0.00480395 0.0106153 0.00569672 0.00177345 0.00352952 0.000260893 0.000307412 0.00324723 9.34826e-05 0.00157678 0.000733846 0.00138603 0.001279 7.3115e-05 8.50562e-05 0.000178607
0.761961 0.0897611 0.0389348 0.0121835 0.0197021 0.00664965 0.00752016 0.0214408 0.0239095 0.0063512 0.00233973 0.00061608 0.00307512 0.00219114 0.000199789 4.18622e-05 0.00105114 1.0148e-05 4.36179e-05 0.000277405 0.000636075 7.38734e-05 0.000101301 0.000175017 0.000243043 2.85449e-05 0.00019187 4.88812e-05 6.12678e-05 8.12955e-06 2.20356e-05 1.04458e-05 3.59391e-06 8.34225e-05
0.771038 0.110149 0.0143301 0.00796348 0.0295409 0.0127019 0.0154608 0.0123369 0.00208492 0.00139758 0.00563443 0.00467238 0.000725193 0.00230216 0.000785874 0.00151271 0.00399743 0.000640289 0.000390566 5.24663e-05 0.000146132 0.000684085 0.000440136 0.00012456 0.000240848 0.000256424 3.27262e-05 2.26056e-05 2.71911e-06 9.73643e-05 3.59639e-05 4.09304e-05 2.72336e-05 4.10781e-05
0.729668 0.0215119 0.12755 0.00321229 0.010584 0.0522445 0.0128744 0.0124257 0.0149715 0.00250011 0.00440064 0.00280846 0.0017247 0.00041763 0.000978731 4.24752e-05 6.05863e-05 5.07719e-05 9.71859e-05 0.000468717 0.000314104 0.000572186 4.14839e-06 0.000198059 1.36e-05 1.80955e-05 1.15816e-05 6.33189e-05 2.48628e-05 3.76588e-05
0.756781 0.0129807 0.117599 0.0159224 0.00944578 0.0256772 0.0171554 0.00740911 0.00565027 0.0126263 0.00701379 0.00323692 0.00129218 0.00170655 0.00126154 0.000833905 0.000730757 0.000754379 0.000159914 0.0009416 3.16114e-05 0.000137453 0.000332278 3.54832e-05 3.42701e-05 4.24414e-05 2.08284e-05 8.03412e-06 7.45984e-05 8.87247e-06 1.77308e-05 2.71608e-05
0.699482 0.111761 0.00764308 0.00775851 0.0477086 0.0403652 0.0232249 0.00511338 0.00176101 0.0200323 0.00883939 0.00546615 0.0131076 0.000701698 0.000139047 0.00139722 0.00099799 0.00268965 5.22965e-05 0.000150468 6.3182e-05 0.000291161 0.00050322 0.00010573 0.00014992 8.54698e-05 0.000116182
0.78983 0.00659879 0.00386179 0.125884 0.0204476 0.00330739 0.00626412 0.0139366 0.0139324 0.0102428 0.00131629 0.00162098 0.000870791 0.000346342 1.46336e-05 0.000917265 0.000112014 0.000142212 0.000130733 4.56137e-05 3.80147e-05 2.23349e-05 9.03273e-06 2.10503e-05
0.788375 0.0556395 0.0894972 0.00820239 0.00493589 0.0172803 0.00443804 0.00511667 0.0115143 0.00236616 0.00211551 0.00146119 0.00498797 0.00135247 0.00100587 2.79305e-05 0.000288367 9.1585e-05 9.87932e-05 3.15674e-05 9.3574e-07 0.000194363 0.000430616 1.37645e-05 0.000148186 0.000104588 1.36185e-05 1.66733e-05 1.11683e-05 2.72852e-05
0.698012 0.0565287 0.115341 0.0199167 0.0284398 0.0154952 0.0325518 0.0158845 0.000679171 0.00901398 0.000946252 0.00359746 0.000920213 0.000420384 0.000934714 0.000400879 0.000171954 1.2908e-05 0.000157365 0.000151519 0.000162551 6.71412e-05
0.714816 0.0990929 0.0607411 0.0464437 0.00490436 0.0286466 0.00109943 0.00893982 0.00937661 0.0123076 0.00770669 0.00274139 0.000451237 0.000749898 0.000432196 0.00052963 0.000254783 3.37517e-05 0.000412925 1.5127e-05 3.27955e-05 0.000118107 2.52792e-05 1.57876e-05
0.651924 0.152914 0.0147215 0.0471282 0.00719591 0.007352 0.0464018 0.00811472 0.0220947 0.0158767 0.0140638 0.00115542 0.000865874 0.00387017 0.000382884 0.00243609 0.000234595 0.00106939 0.000370158 4.67219e-05 0.000134575 0.000172564 0.000101607 0.000224978 1.74315e-05 0.000281283 2.11554e-05 0.000433125 3.92829e-05 6.92126e-06 4.65188e-05 0.000124641 1.41857e-05 8.84316e-07 8.07288e-06 1.32116e-05 4.59984e-05
0.740144 0.00456466 0.103413 0.00818329 0.00844385 0.0277122 0.0321553 0.0159571 0.0262063 0.0137125 0.00740403 0.00622461 0.00312741 0.000636006 0.000127068 0.000293485 4.12169e-05 0.000374991 0.000204575 0.000449221 0.00012736 1.45865e-05 2.9323e-05 9.75391e-05 2.39132e-07 0.000111046
0.726071 0.00367077 0.114308 0.00499917 0.0315455 0.031339 0.00890854 0.0230825 0.0235057 0.00948147 0.00389363 0.00410197 0.00400081 0.00385705 0.000509819 0.000594316 0.000161299 0.000536886 0.000284676 0.000284642 0.00122021 0.00110439 0.000336975 0.00039194 3.85902e-05 0.000152575 0.000569805 5.53176e-05 0.00035928 0.000401894
0.740805 0.0106907 0.0190942 0.105303 0.0462329 0.0109331 0.00769908 0.0167791 0.00771809 0.0139117 0.012373 0.00402229 0.00290572 0.000576956 8.62567e-06 8.9146e-05 5.10552e-05 0.000106924 0.000348217 0.000160099
0.0768232 0.724044 0.111164 0.00313773 0.028061 0.0110961 0.00465632 0.00197463 0.00272122 0.0203166 0.00250953 0.00499899 0.00109879 0.000512331 0.00210056 0.000369469 0.000721793 0.000615379 0.00130045 0.000843372 0.00010374 1.35057e-06 5.32953e-05 0.0002559 7.76052e-07 7.23855e-07 3.61515e-05 9.47209e-05 0.000141601 1.51527e-05 1.11792e-05 0.000108975
0.0126748 0.760533 0.0946258 0.00843098 0.00883872 0.00849219 0.0414791 0.0125763 0.0134383 0.0125606 0.0102483 0.00523388 0.000788023 0.000722151 0.00299124 0.00186855 0.000925086 0.000429277 0.000112009 1.36321e-05 0.000154495 3.65207e-05 0.000477663 0.000124506 0.000470774 0.000868305 0.00012538 2.63734e-05 8.70299e-05 3.10867e-05 7.01806e-05 0.000102128 5.21967e-05 6.38764e-05 4.02131e-05 5.10729e-05
0.736252 0.0977249 0.0104463 0.0372721 0.00858539 0.00520437 0.0230749 0.0237957 0.0140146 0.0139174 0.0131591 0.0012427 0.00654674 0.0020762 0.000792803 0.0006067 0.000732672 0.000388184 0.00142367 0.00044202 0.000101511 0.000202702 0.000409387 0.000541881 0.000120584 0.000522074 8.03216e-05 2.19447e-05 0.00014866 1.92518e-05 1.23761e-05 1.69112e-05 2.4612e-05 2.30281e-06 1.7324e-05 4.71616e-06 6.89116e-06
0.690825 0.0132452 0.0224927 0.0795062 0.103669 0.002129 0.0273821 0.00846156 0.0168571 0.0174096 0.00813671 0.00338632 0.00467001 3.80787e-05 0.000628366 1.40912e-05 0.000188191 0.000229078 6.17624e-05 1.35744e-05 0.000215255 6.21305e-05 9.70373e-05
0.76692 0.0399544 0.00900897 0.0062902 0.0255669 0.0770844 0.0352971 0.0101398 0.0045274 0.00283024 0.00845567 0.00267165 0.00589878 0.00029585 0.000394177 0.000878801 2.50317e-05 0.00107372 0.000263967 1.57288e-06 6.44894e-05 0.000136406 0.000512163 0.000842817 8.01225e-05 7.0032e-05 0.000101513 0.00038962
0.666697 0.154143 0.0247827 0.0169734 0.0622563 0.00493586 0.00375815 0.00228273 0.0211446 0.0127211 0.010404 0.00280528 0.00402355 0.00462322 0.00447588 4.38387e-05 0.000516022 0.00196534 0.000201832 0.000170989 0.000232555
0.729909 0.130325 0.0325227 0.0134589 0.0270276 0.0152094 0.015896 0.0112094 0.00567712 0.00177974 0.00148711 0.00421908 0.00267728 0.00449756 0.000311138 0.00060903 0.00142075 0.000718838 4.29566e-05 5.86931e-05 0.000117364 0.000125578 4.45698e-05 1.56669e-05 0.000261595 8.59828e-05 1.72414e-05 0.000110744 6.46869e-05 5.9541e-05 1.50544e-05 1.18363e-06 3.30801e-06
0.013303 0.731516 0.0298525 0.107114 0.00360115 0.00285773 0.0464429 0.021868 0.016428 0.00745715 0.00744798 0.00684854 0.00339428 0.000425513 0.000395462 0.000413948 4.10321e-05 0.000153783 6.3886e-06 9.77671e-05 5.80893e-05
0.746497 0.0180828 0.0248862 0.0726337 0.0210961 0.0183505 0.0468598 0.00519735 0.0262805 0.00186323 0.0039284 0.00228038 0.00477567 0.00132295 0.000766362 0.00103552 0.00151758 3.14633e-05 0.00045248 0.000221301 7.44501e-05 0.000807846 1.79387e-05 0.000150885 0.000378859 0.000210103 4.41017e-05 2.87799e-05 6.8431e-05 4.48762e-05 1.99363e-05 1.12915e-05 1.40473e-05
0.782126 0.0887038 0.0208064 0.0452351 0.0180063 0.00543774 0.0024081 0.00367315 0.0058066 0.00384948 0.0121967 0.00249311 0.00027587 0.00405464 0.00294544 0.000187156 0.000576655 5.45064e-06 0.000143048 8.27428e-05 0.000336491 5.83929e-05 4.22877e-05 3.50657e-05 9.1062e-05 0.000132341 1.1793e-05 2.01801e-05 4.63652e-05 2.5106e-05 8.35352e-05 7.48753e-06 1.25634e-05 9.37613e-06 1.94091e-05
0.688552 0.177359 0.0174522 0.0377489 0.00402711 0.0240319 0.00932358 0.00509279 0.000591721 0.0132517 0.0036858 0.00342457 0.0100936 0.000303841 0.00121241 0.000585517 0.000649873 0.000800538 0.000656319 0.000198851 1.8073e-05 0.000200582 0.000169392 9.14131e-05 8.29939e-05 7.42955e-07 4.44558e-05 1.98269e-05 6.86934e-05 9.04069e-05
0.769806 0.094245 0.0290773 0.00773697 0.00987643 0.00748191 0.00732531 0.0196758 0.0223881 0.0120921 0.0111202 0.00206228 0.00173662 0.003953 0.000138751
0.712545 0.0283685 0.130673 0.0229042 0.0165045 0.0100955 0.0203332 0.00456023 0.00448981 0.0182439 0.00563081 0.00765556 0.0119748 0.00371159 0.00114442 8.65852e-05 9.3009e-05 2.79686e-06 5.93103e-05 7.74947e-05 0.000188265 6.03845e-05 0.00014991 0.000181258 4.64966e-06 5.41906e-05 2.7226e-05 0.000100872 1.67047e-05
0.704051 0.0202018 0.0198597 0.0373203 0.125333 0.00809015 0.0240817 0.00889017 0.026826 0.0066747 0.00603606 0.00217005 0.0067407 0.000612311 0.000598222 4.27268e-05 0.000398448 0.000461192 0.0002461 0.000757033 3.09797e-05 0.000115846 0.000203169 0.000113317
0.726616 0.126153 0.0248117 0.00735434 0.00309146 0.0485461 0.00262001 0.00789758 0.00816878 0.0103677 0.0141168 0.0121122 0.00266947 0.00285529 0.000473525 0.000171379 0.000533733 3.65764e-05 4.67218e-06 9.00796e-05 4.99617e-05 5.91864e-06 0.000157527 0.000338115 5.66175e-05 0.000185504 4.53104e-05 0.000267256
0.737679 0.083114 0.0300179 0.0268998 0.0505957 0.0241129 0.00648199 0.0024317 0.00943676 0.0101208 0.00605089 0.00257108 0.00232232 0.000621345 0.00315124 0.000243918 0.00151431 0.000415254 0.000520475 0.000327151 0.000135607 0.000170322 0.000221077 0.000269992 1.85274e-06 0.000187527 2.2444e-05 1.11176e-05 3.38732e-05 2.10416e-05 4.11502e-05 0.000102612 8.52677e-05 1.31383e-05 8.10731e-06 1.41009e-05
0.748503 0.00802761 0.103003 0.0111954 0.0162458 0.0299806 0.00679088 0.00705726 0.0184611 0.0170484 0.0184802 0.00470869 0.000607402 0.00256927 2.96988e-05 0.00047393 0.000395078 0.00393075 0.000768987 0.000140274 0.000586517 0.000109214 0.000171569 0.000207852 8.27606e-05 8.84501e-05 2.85088e-05 3.03025e-06 4.51589e-05
0.739893 0.0105798 0.0358012 0.135788 0.0227197 0.0129688 0.00845888 0.00107366 0.00299877 0.00850267 0.0150296 0.00160308 0.00191658 0.000526353 0.000665861 2.51079e-05 0.000799601 0.000382982 4.29565e-05 6.95111e-06 7.24308e-05 5.09346e-05 1.03082e-05 3.92529e-05 1.92084e-05
0.718215 0.0160834 0.119892 0.0397104 0.00923825 0.0190817 0.00789238 0.0137287 0.00702878 0.00653694 0.0292281 0.00271809 0.0049401 0.00143218 0.00074811 0.000204435 0.000224066 0.00014041 7.83852e-05 6.49634e-05 0.000759687 0.00073376 0.00012844 0.000622546 0.000106554 0.000118252 2.81869e-05 9.40545e-07 2.34498e-05 9.57488e-07 1.76677e-05 9.71211e-06 6.55176e-05 6.6222e-06 1.42158e-05 2.7487e-05 1.48915e-05 5.59033e-06 5.22012e-05
0.762739 0.0964286 0.0426616 0.0210076 0.0149374 0.00410939 0.0085797 0.00834244 0.00613575 0.0179784 0.00645347 0.00238273 0.00194026 0.000160675 0.00299993 0.00183382 1.92171e-05 5.24683e-05 0.000499846 0.000132431 2.6918e-05 8.79041e-06 0.000233489 7.36683e-05 6.82272e-05 4.14471e-05 7.08756e-05
0.705547 0.154974 0.0063294 0.0397876 0.0262702 0.00416428 0.0118709 0.00145797 0.00663125 0.00258109 0.00824476 0.0134093 0.0126015 0.00161901 0.000191708 0.00217655 0.0002171 0.000691985 0.000100435 0.000382616 3.22033e-05 0.000261102 5.29518e-05 8.52324e-05 9.18122e-05
0.71606 0.109528 0.0472054 0.0366569 0.00645763 0.00972019 0.00955561 0.0072046 0.0108186 0.0299059 0.00196498 0.000881373 0.00620517 0.00120474 0.002822 0.00062224 0.00123014 0.000896024 0.000167019 0.000136883 0.000284521
0.703165 0.012009 0.00612198 0.15259 0.0379999 0.00265671 0.00343578 0.0301301 0.00253982 0.00811167 0.023993 0.00730451 0.00110403 9.09149e-05 3.02412e-05 0.00115269 0.0035132 5.75904e-05 0.00211854 0.000409032 3.12402e-05 0.000357665 9.63482e-05 0.000479358 0.000302489 5.22671e-05 3.0395e-05 3.8029e-05
0.742437 0.112229 0.0145781 0.0083531 0.00367386 0.0222686 0.0726261 0.0105639 0.00660716 0.00220797 0.000919197 0.00126588 0.000431206 0.000853229 8.62257e-05 0.000510653 9.05027e-06 2.62662e-06 3.71968e-05 8.08954e-06 1.7648e-06 5.3925e-05 1.22722e-05 0.000138606 3.50385e-05
0.681709 0.167402 0.0116732 0.0438375 0.00984101 0.0152156 0.00900748 0.0214663 0.0207868 0.00266542 0.00787237 0.00303572 0.00329761 0.000164327 6.7194e-07 0.000157655 0.000135028 2.29971e-05 0.000409875 5.98156e-05 0.000506428
0.727756 0.142566 0.0271601 0.00589756 0.0274068 0.0318582 0.00286246 0.00826817 0.00425136 0.00776828 0.00197535 0.0053874 0.000318772 0.000518976 0.00118954 0.00160785 0.000699323 0.000163848 0.00042276 0.00022365 0.000499388 0.000515207 8.67664e-05 6.10073e-06 0.000155503 4.38048e-05 4.04307e-07 0.000123131 7.51384e-05 8.05225e-06 6.44336e-05 2.97052e-05
0.704974 0.149253 0.0148543 0.032553 0.00715402 0.0482645 0.00290575 0.00567457 0.00982797 0.0107479 0.00471084 0.000896667 0.00609939 8.63605e-05 0.000185502 0.000607644 0.000136369 0.000674474 3.70535e-05 4.7285e-05 1.69392e-05 0.000110334 4.24545e-05 1.31784e-05 2.17852e-05 2.55843e-05 1.14425e-05 8.18989e-07 1.20991e-06 8.53959e-06 1.74299e-05 4.7332e-06 1.08018e-05 2.89844e-07 7.45289e-06 7.95e-07 1.77446e-06 6.73192e-06 1.08671e-06
0.682081 0.142989 0.0193731 0.002643 0.0274685 0.0598886 0.0312008 0.0116817 0.00122162 0.0031789 0.00282918 0.00163835 0.00273886 0.00232911 0.00155294 0.00131333 0.000133521 1.65311e-05 0.000856784 0.000876653 0.00101006 1.15225e-05 0.000793763 0.000240868 0.000399182 0.000837871 2.29019e-05 2.39549e-05 0.000507268
0.702058 0.10831 0.00723066 0.0244436 0.0596005 0.0201014 0.00368999 0.0388498 0.0101759 0.00643855 0.00244589 0.00548338 0.00398291 0.00276667 0.00311652 0.00036562 4.12117e-05 0.000364651 1.45848e-05 2.41156e-05 7.47488e-05 0.000168372 1.39789e-05 2.7279e-05 5.77813e-05 8.73148e-05
0.738037 0.0496046 0.0366114 0.106837 0.0146166 0.00791579 0.00523703 0.0124042 0.00593755 0.00913119 0.00137309 0.00484393 0.000958885 0.00116379 0.00266664 0.00050224 0.000393993 0.000445146 5.46431e-05 0.000130915 0.000326378 0.000157142 0.000185162 0.000137834
0.706332 0.126488 0.0349561 0.00788194 0.0205861 0.0156603 0.0332917 0.0096219 0.00531377 0.0028136 0.00919126 0.0213339 0.00420591 0.000854702 0.000158657 0.000372155 0.000208903 0.000155255 0.000403082 1.09976e-05 5.08508e-05
0.746092 0.109227 0.00521864 0.0254174 0.0254454 0.0472854 0.00714249 0.00574298 0.00360739 0.00859746 0.00166091 0.000753036 0.00883818 0.00176649 2.19249e-05 0.000172277 0.000988368 0.00096038 0.000421772 0.00020357 4.44439e-05 0.000114756 5.34927e-05 9.26555e-05 3.56214e-06 1.72885e-05 1.26234e-05 5.61892e-06 8.67148e-06 1.50877e-05 2.16265e-05 5.25831e-06 2.43375e-06 1.14889e-05 1.15947e-05 2.41066e-07 6.3769e-06 3.90392e-07 3.91272e-08 1.18477e-06 6.57972e-07 3.8255e-07 4.6488e-07 2.60311e-06 1.154e-06 9.38067e-07
0.706971 0.117553 0.0124638 0.00756196 0.0445691 0.0231384 0.0158863 0.0247064 0.00771364 0.0137936 0.00991331 0.0011519 0.00425926 5.23354e-05 0.00118551 0.00131938 0.00201383 0.00200644 0.00034913 0.000402516 0.00126525 5.60653e-05 0.000261038 2.88861e-05 4.85047e-05 3.69888e-05 0.000119876 0.00016177 0.000290098 0.000287062
0.736982 0.025821 0.0388151 0.0112141 0.120695 0.0087809 0.00553878 0.0187127 0.0119902 0.00484845 0.00511208 0.00468157 0.00365264 0.0010313 0.000307369 0.0010251 0.000566779 3.38939e-06 2.67655e-05 2.77186e-05 3.28782e-05 1.64136e-05 5.73077e-05 2.73611e-05 1.07934e-05
0.748794 0.0929206 0.0691327 0.0228162 0.00256395 0.0235099 0.00665607 0.0103775 0.0114352 0.00197742 0.001265 0.004793 0.00211739 0.00019303 0.000643542 0.000272018 2.25075e-05 4.68615e-05 0.000186015 1.7398e-05 7.09058e-05 4.94029e-05 9.01961e-06 1.58665e-05 9.68528e-06 1.39353e-06 5.38863e-05
0.722257 0.0510088 0.117433 0.0438406 0.00922193 0.0065397 0.0115828 0.0046432 0.00506805 0.00476053 0.00464318 0.00489929 0.0111717 0.000170035 0.000922159 0.000566939 0.000145273 4.48552e-05 0.000429705 0.000461037
0.745398 0.117484 0.0421461 0.00387622 0.00646184 0.00553831 0.0372535 0.00167369 0.00182816 0.0172081 0.00784915 0.00145798 0.00350152 0.00108336 0.0010945 0.00141351 0.000360657 0.00322398 0.000839522 0.000139714
0.622736 0.0656539 0.16416 0.00891066 0.0206434 0.0158676 0.0431973 0.00992333 0.00745237 0.0179348 0.00707821 0.0119139 0.000292841 0.000349854 0.00119001 0.00167848 0.000185517 3.71759e-05 0.000125824 0.000104296 0.000172917 5.22959e-05 3.38042e-05 5.56214e-05 6.02382e-05
0.74632 0.0209707 0.128123 0.0059959 0.0341051 0.00283455 0.00340903 0.00410299 0.0204636 0.00615904 0.0084934 0.00650067 0.00287024 0.00244657 0.00317139 0.000472332 0.00143384 0.000618713 0.000102283 0.000637732 9.88426e-05 1.32953e-05 3.7605e-06 8.08267e-05 0.000195573 5.57011e-06 0.000236247
0.677059 0.143048 0.0169549 0.0406544 0.0043702 0.0367058 0.0152983 0.012153 0.0245346 0.00726722 0.00296378 0.00524603 0.00278179 0.00411183 0.00272662 0.00115741 0.000490156 0.000423999 2.50821e-05 0.000748228 0.000245165 0.000181812 0.000187193
0.727924 0.033256 0.138168 0.0254853 0.00286722 0.0267503 0.0057994 0.00317239 0.00429709 0.0047199 0.00642044 0.00569704 0.0039439 0.00118486 0.00233468 0.00214399 0.00180177 0.00134509 0.000137489 0.00110331 0.000485953 0.00045009 0.000124554 0.000101254
0.733393 0.0280897 0.00506035 0.128954 0.00478555 0.00436908 0.0391733 0.016468 0.0132255 0.00231424 0.00651853 0.00838792 0.00155056 0.00240095 0.000951842 0.000210069 0.00167256 0.000919776 0.000358565 5.85277e-05 0.00048778 0.000110576 4.38578e-05 8.44531e-05 9.19918e-05 0.000114016 5.03771e-05
0.725827 0.135587 0.00842864 0.020921 0.00669768 0.00511896 0.0180743 0.0478159 0.00991939 0.000872144 0.00931396 0.00255164 0.000936616 0.000443266 0.000282413 0.00352526 0.000303878 0.000292367 0.000401435 8.77456e-05 0.000837615 9.97658e-05 2.63232e-05 0.000144099 0.000112087 0.000535471 0.000274994 0.000117465 7.56317e-05 2.69825e-05 2.00429e-05 2.25773e-05 8.54514e-05 2.72189e-05 5.1133e-05 3.57971e-05 5.92444e-05
0.731537 0.018653 0.00201521 0.106856 0.0496398 0.00660567 0.00462713 0.00906335 0.0245188 0.0164602 0.0150824 0.00358925 0.00357396 0.000488433 0.00020511 0.00336309 0.000219265 0.00058883 0.000772546 0.000215361 0.000748916
0.674716 0.0148717 0.140919 0.0350041 0.0171796 0.0406769 0.00987313 0.0132962 0.00955448 0.00435483 0.0129583 0.000926252 0.010273 0.0019643 0.0016606 9.86909e-05 0.000629072 0.00226373 0.0019612 9.57145e-05 0.000515012 0.000485061 0.00244355 0.00166987 0.000342448 0.00028739 5.83523e-05 4.67566e-05 8.9082e-05 8.03473e-05 0.000202609 7.27368e-06 7.69445e-07 3.16304e-05 0.000182062 2.06352e-05 3.05651e-05 6.77949e-07 4.2145e-06 2.62598e-05
0.750882 0.137734 0.029598 0.014809 0.0365871 0.00122164 0.00503497 0.00405558 0.00144153 0.00441815 0.00711512 0.00538156 0.00104338 0.000100829 5.28522e-05 4.85605e-05
0.714298 0.0121126 0.0915166 0.00944078 0.0450008 0.0213906 0.0112076 0.0106034 0.00301016 0.0400211 0.00333968 0.00949097 0.00654177 0.000952227 0.00298596 0.00103833 0.00711699 0.000380455 0.000781925 0.00248676 0.000502176 0.000123889 0.00110053 0.000185613 0.000530004 0.000999383 0.000910923 4.53474e-06 0.000618639 4.04749e-05 0.000148262 0.000251755 0.000191121 0.00010319 0.000121357 3.54817e-06 9.94841e-05 3.67387e-05 5.97531e-05
0.751444 0.131668 0.0472816 0.0037399 0.00492725 0.0189572 0.00165259 0.00421401 0.00447461 0.016689 0.00384537 0.00135866 0.00476465 0.000198944 0.00143873 0.000344864 0.000106399 1.79545e-05 0.000582247 0.000159108 0.000517097 8.43949e-05 0.000136201 3.43046e-05 0.000391224 6.73914e-05 0.000279462 5.47496e-05 0.000132143 0.000185796 1.95294e-06 9.26256e-05
0.711516 0.138652 0.034281 0.00499729 0.00915136 0.0434704 0.00440838 0.0141828 0.0267832 0.0050966 0.00268722 0.00145765 0.000364385 0.000714142 0.000112663 0.000565198 0.000432861 6.17894e-05 0.000123814 0.000110315 0.000165872 0.000105291 8.17416e-05 6.06959e-05 3.81671e-06 0.000318286 7.41574e-06 1.4768e-05
0.716949 0.163235 0.0298223 0.0317128 0.0315227 0.00137703 0.00255491 0.00157339 0.00845247 0.000420562 0.00602312 0.00192185 0.00110049 0.000412106 0.000799141 0.000992713 9.54305e-05 0.000239286 2.71076e-05 9.63924e-05 1.46431e-05 0.000173956 0.000163597 4.11505e-05 6.11563e-05 4.6545e-05 2.81708e-06 3.94709e-05 5.07071e-05 6.61344e-06 6.31265e-06 4.56432e-06 2.23692e-06 4.40906e-05
0.710134 0.129121 0.0251894 0.0129855 0.0201256 0.0634726 0.00737903 0.00206294 0.00455285 0.0113199 0.00297377 0.00605194 0.000833023 0.000212537 0.00030801 0.000676806 0.000243441 0.000510119 0.000785905 0.000383446 3.1954e-05 9.80371e-05 0.00015698 9.24593e-06 1.85579e-05 0.000177013 3.27804e-05 1.21113e-05 5.30115e-05 5.59714e-06 3.53503e-05
0.731134 0.0174522 0.140073 0.00224835 0.0090637 0.0497216 0.00536735 0.00231809 0.00163574 0.0075898 0.0165138 0.0120411 0.00122875 0.000501455 5.53274e-05 0.000468372 0.000422675 0.000203881 3.94215e-05 0.000621596 0.00020231 7.72655e-05 0.000149659 0.000193702 0.000171588 7.78134e-05 5.97269e-05 6.63935e-05 6.44894e-05 1.45025e-06 0.000107547 2.45654e-05
0.725796 0.00405772 0.00411922 0.0352666 0.0499225 0.117915 0.0268387 0.00427523 0.0126643 0.00961913 0.00359107 0.00313504 0.00121036 8.27038e-05 8.17692e-05 6.67312e-05 0.000362787 0.000127909 0.00011993
0.772068 0.0768686 0.0464319 0.0134595 0.0374849 0.0129653 0.00883824 0.00302282 0.00459654 0.000541966 0.00523731 0.00736174 0.00441257 0.000302382 0.00210494 0.000611287 0.00108803 0.00165138 0.000130925 1.28247e-05 0.000178994 0.000128891 0.000325777 6.44233e-05 4.97808e-05
0.746586 0.120289 0.0130158 0.012101 0.0398786 0.00274089 0.0239543 0.0183012 0.00942026 0.00568172 0.000669662 0.00290701 0.00169636 0.000552724 0.000918136 7.97465e-05 0.000259737 0.000100923 0.000555267 6.55735e-05 5.70274e-05
0.694277 0.0562776 0.122273 0.0054101 0.0071427 0.0312062 0.00499035 0.0232906 0.00631972 0.00864191 0.010557 0.00174932 0.0105209 0.00302276 0.00705262 0.000435958 0.00376593 0.00112427 0.000240877 0.000611665 5.59767e-05 0.000201334 0.000136673 3.71328e-05 2.67257e-05 0.000295405 0.000122816 5.14336e-05 1.73941e-05 3.8431e-06 3.56464e-05 8.50656e-05
0.679569 0.00521429 0.127912 0.0245602 0.0595263 0.0229421 0.013476 0.00831677 0.00869422 0.0223637 0.000806169 0.00932543 0.00561133 6.25489e-05 0.00120503 0.0037071 9.63102e-05 0.000964205 0.000756758 0.000959804 0.00119693 0.0006132 0.000546184 0.000337631 0.000606033 5.62305e-05 0.000108774 0.000219079 3.8914e-05 3.08288e-05 4.19734e-05 5.62491e-05 1.30122e-05 9.9453e-06 1.78788e-05 1.16345e-05
0.68893 0.135378 0.00997896 0.0520122 0.0121102 0.0118763 0.00454988 0.0479741 0.00169272 0.00216133 0.0026178 0.00990476 0.00581142 0.00141214 0.00164074 0.000743771 0.00148292 0.00341793 0.000334467 0.000366782 0.000620218 4.16796e-06 0.00155788 0.000346527 0.000103198 0.00110771 0.000102115 0.000200666 0.000124612 0.00047001 0.000240938 9.57601e-05 1.88521e-05 6.33359e-05 7.99726e-05 0.000149314 4.40366e-06 6.52785e-05 0.000137955 5.04256e-06 1.12401e-06 4.04606e-06 5.9442e-05
0.668461 0.140535 0.0413744 0.0285893 0.023233 0.00179674 0.00851213 0.00409844 0.0039288 0.0425946 0.0121778 0.00571778 0.00853718 0.00124661 0.00121155 0.00104497 0.000305839 0.0010391 0.00167259 0.000647755 6.48145e-07 0.00115264 0.000557371 0.000577146 0.000523292 5.26848e-05 0.00026284
0.70895 0.00720812 0.128333 0.0437923 0.0123977 0.0256594 0.0455221 0.01165 0.00353627 0.00120554 0.00498231 0.000629248 0.00229864 0.000213591 0.000391327 3.40349e-05 0.000338713 0.000337842 0.000935934 2.7058e-05 0.000433129 0.000896347
0.738652 0.117789 0.0258472 0.00415942 0.0218702 0.00105324 0.029268 0.0107946 0.00805735 0.019235 0.00731569 0.00989878 0.000978876 2.75876e-05 0.000317801 6.30282e-05 0.00116633 0.000365863 0.00100429 0.00048833 8.52249e-05 0.000227105 4.65513e-05 0.000159733 0.000260209 2.20729e-05 0.000114507 0.000138051 0.000149383 1.72692e-05 0.000120866 1.40338e-05 2.2072e-05 6.48654e-05 3.38711e-05 4.167e-05 2.29968e-05 1.29285e-05 1.69676e-05 1.15729e-05 1.40808e-06 1.11118e-05 2.475e-05 4.73439e-06 1.79894e-06 5.67038e-06 2.54863e-06 6.02621e-06
0.685001 0.125346 0.0173685 0.0598616 0.0114406 0.0283449 0.00610204 0.00647003 0.00902998 0.021302 0.00431829 0.00434981 0.000572168 0.000819511 0.00218438 0.0012989 0.00573373 0.00385712 9.80459e-05 0.000452807 0.00107733 0.00112317 0.000644931 0.000111778 0.000943447 0.000346172 0.000437622 0.0002463 0.000188736 0.000318999 0.000434553 1.50045e-08 2.84089e-05 3.07743e-05 1.11547e-05 2.93698e-05 1.03196e-05
0.727728 0.125054 0.0389748 0.00621568 0.013809 0.0154612 0.00569215 0.0215793 0.00935913 0.00954579 0.00455068 0.00706263 0.00988224 0.000838366 0.00133824 0.000695765 0.000493571 3.7794e-05 1.31609e-05 7.14294e-05 0.000302737 0.000392298 0.000105841 7.26265e-05 0.000162382 4.01809e-05 9.40963e-05 9.18844e-05 1.66458e-05 8.68082e-05 0.000133503 2.1419e-05
0.726493 0.00570512 0.109374 0.0781307 0.0283824 0.0172899 0.00651057 0.00331842 0.01305 0.00391997 0.00225344 0.00128237 0.000531544 0.00145107 0.000926788 0.000657249 6.40404e-06 0.000103762 0.000173064 8.27904e-05 0.000148682 6.73512e-05 1.01426e-06 1.16404e-06 8.26559e-06 6.50933e-07 8.24178e-05 7.2398e-06 8.71113e-06 8.15261e-06
0.74355 0.119389 0.0196583 0.0421771 0.00716706 0.0330356 0.00467227 0.00707828 0.00242969 0.0021559 0.00634893 0.00247908 0.00470759 0.000409788 0.000472661 0.000724879 0.000579594 0.00039975 0.000722474 0.00117735 5.41243e-05 4.63186e-05 0.000267624 0.000103183 2.77913e-05 3.3947e-05 3.05429e-05 1.20734e-05 3.29904e-05 1.73127e-06 6.23944e-06 1.05933e-05 9.95317e-06 9.7571e-06 1.1438e-05
0.74965 0.0612669 0.00564022 0.0927127 0.0247605 0.011181 0.012805 0.0176401 0.00420205 0.00362621 0.00345723 0.00585946 0.0022851 0.000407275 0.000524331 0.000374549 0.000403049 2.42564e-05 0.000233635 0.000354663 0.000825501 0.000107945 0.000955134 1.25643e-05 4.22403e-05 2.51097e-07 0.000341037
0.773203 0.068287 0.0126621 0.0177407 0.0111566 0.0137026 0.00929822 0.0133939 0.0424429 0.00437043 0.0112124 0.00547948 0.00946336 0.000255219 0.000224493 0.0012225 0.000166722 0.00195876 0.000220802 5.22352e-05 0.000588244 0.0003539 0.000227369 0.000149866 0.000205052 0.000445329 0.000372929 0.000140352 0.000167281 2.2139e-05 0.000228591
0.699961 0.145042 0.0349702 0.039139 0.0150182 0.0038612 0.00459218 0.00261966 0.0194777 0.00698775 0.0159616 0.00629777 0.00252052 0.00127068 2.24833e-05 0.000303838 4.6083e-05 0.000277464 0.000256305 0.00038396 3.90765e-05 9.62209e-05 5.34907e-05 0.000168136 4.19279e-05 2.6728e-05 2.29641e-05 2.56287e-05 2.67974e-06 0.000129217 2.62593e-05 4.21827e-05 9.4384e-06 0.000114371 2.16036e-05 1.16875e-05 1.4639e-05 5.28807e-05 1.10281e-05 2.40959e-05 2.1746e-05 1.03765e-05 8.66608e-07 2.25579e-07 8.85762e-06 3.17976e-06 3.65898e-06 7.30926e-07 1.44415e-06 1.81329e-06 9.73449e-07 2.74416e-08 2.80987e-08 9.8816e-07 1.77716e-07 5.36555e-09 2.96015e-07 1.09515e-07 3.12056e-08 1.03092e-07 2.38202e-07 1.50064e-07
0.736834 0.0989632 0.00486967 0.0260738 0.0337189 0.0226332 0.00406798 0.0221681 0.00153355 0.0108429 0.0114216 0.00849465 0.00635182 0.00209081 0.0028014 0.00014469 0.000433815 0.00161412 0.00160812 0.000943898 0.000693396 0.000406187 5.62398e-05 0.000361923 0.000141959 0.000149805
0.737977 0.0398672 0.113907 0.00898358 0.00880233 0.0310996 0.0150647 0.00807284 0.00626565 0.00440228 0.00784973 0.00220825 0.00383715 0.00662616 0.000529588 0.00116769 0.000771841 0.00040442 0.000459024 0.000408257 0.000112345 0.000299973 5.62712e-05 0.000178281 0.000281601 8.60368e-05 1.59371e-05 3.9856e-05 8.6685e-05 3.66775e-05 1.84175e-06 5.5986e-05 7.07058e-07 2.08654e-05
0.736974 0.0110489 0.0116033 0.0078412 0.102418 0.0450642 0.0252842 0.0317752 0.00546218 0.00550866 0.00189087 0.00207301 0.00250368 0.0019809 0.00165316 0.000789678 0.000761416 0.000616484 7.60345e-05 0.00170035 0.000446084 0.00039562 0.000598789 0.000595969 0.000295514 0.000203266 5.62241e-05 0.000117377
0.701021 0.0169013 0.00418245 0.140396 0.0346116 0.00875101 0.0169436 0.0118984 0.0295929 0.00246415 0.0061282 0.00345966 0.00531334 0.00654905 0.00678587 0.000992763 0.00186935 0.00103273 0.000331079 0.000218952
0.758581 0.0131825 0.00419144 0.106923 0.0397385 0.0244853 0.0110295 0.00609015 0.00827241 0.00568574 0.00180404 0.00835237 0.00326922 0.00312187 0.00145319 0.00149959 1.76162e-05 3.76421e-05 9.36592e-06 0.00159437 8.77196e-05 5.79795e-05 0.000206608 1.52781e-05 3.06048e-05 5.45963e-05 2.32554e-05
0.712557 0.0203419 0.109049 0.0279454 0.00318777 0.0099586 0.0233578 0.0419989 0.0125305 0.0150304 0.00427631 0.00967298 0.00269896 0.000507249 0.00287024 0.00203218 0.000511591 0.000314765 0.000267335 0.0003584 0.000184335
0.698877 0.147333 0.0474572 0.00669979 0.0103883 0.0167163 0.0161421 0.0181847 0.00323375 0.0157943 0.00361578 0.00634879 0.00218321 0.000366842 0.00205577 0.00289684 0.000151519 0.000108805 0.000267451 4.25463e-05 0.000124001 5.82875e-05 0.000186748 0.000378994 5.72827e-05 0.000157688
0.700724 0.135663 0.047827 0.0129118 0.00728001 0.0325892 0.0125802 0.0149296 0.00334189 0.00399386 0.00233777 0.00591332 0.0134902 0.000952871 0.00153045 0.000922277 4.10806e-05 9.50593e-05 0.000726735 0.000470813 0.000608696 0.000540309
0.709225 0.156719 0.0146567 0.0271313 0.00421936 0.0107354 0.00435764 0.0336189 0.00370282 0.00520054 0.00219499 0.00257105 0.0164187 0.00240757 0.000637683 0.003337 0.000269455 0.000502624 0.000177649 1.31475e-05 1.5208e-05 0.000530776 0.000100022 0.000217593 5.08889e-06 5.28147e-06 9.30596e-05 0.000398254
0.731517 0.00398024 0.0868682 0.0190948 0.0410016 0.0109389 0.0291293 0.0194521 0.038442 0.00315888 0.00312939 0.00103817 0.00554069 0.00058008 0.000927702 0.00114701 0.000468968 0.000562696 0.000192612 0.000200753 0.00141296 0.000861199 1.05733e-05 1.31578e-05 6.80643e-05 6.12354e-06 5.52595e-05
0.704932 0.00898517 0.105773 0.0144062 0.0154753 0.00708971 0.0386479 0.0314072 0.00476186 0.024877 0.0134269 0.0127701 0.00359329 0.00360108 0.000569283 0.00353322 0.00032503 0.000276729 0.000282391 4.29278e-05 0.000818338 0.000717039 0.000933309 0.000732901 0.000491082 0.000368859 1.09215e-06 7.29612e-05 0.000467379 1.1699e-08 5.76646e-05 0.000156223 8.20161e-06 0.000137115 5.86929e-05 8.15139e-06 0.000182738
0.722809 0.136333 0.00286255 0.0166359 0.0436242 0.0170452 0.009057 0.0229809 0.00379546 0.00424569 0.00377913 0.00458 0.00377203 0.00150766 0.00310593 0.00284993 0.000298414 0.000286188 8.023e-05
0.707458 0.113624 0.00392868 0.0258162 0.0195352 0.00298461 0.0693891 0.0253122 0.00947274 0.00620869 0.00208236 0.00371078 0.00396964 0.000911876 0.000608709 0.000280464 0.000255671 0.00143453 0.000249663 0.000723362 1.68594e-05 1.21176e-06 0.000399326 0.000333584 0.000126979 0.000212261 0.000379437
0.740887 0.0294077 0.0935012 0.0104669 0.0512947 0.0112097 0.0230653 0.0225894 0.00443548 0.00209178 0.00112722 0.00266571 0.00327177 0.000218747 0.000739421 0.000611571 0.000960881 0.000219822 0.000167533 2.05473e-05 0.000240004 2.8402e-05 3.25093e-05 0.000301458 9.44073e-05 3.38398e-05 9.53409e-05 3.78532e-05 1.46199e-05 2.8903e-05 8.55999e-05
0.680166 0.170665 0.0477757 0.00877809 0.0132541 0.0129094 0.00693463 0.00762773 0.00455222 0.00473185 0.00244328 0.0178199 0.0122024 0.00276846 0.00120907 0.00122213 0.00301677 0.000456631 5.94582e-05 0.000134812 0.000388194 6.39003e-05 0.000134138 1.79292e-05 0.000249881 3.65248e-05 8.88871e-05 9.71278e-05 1.18867e-05 7.38996e-05 1.92234e-06 1.40202e-06 4.14882e-05
0.716514 0.138945 0.0108912 0.00848598 0.0301107 0.0393923 0.00285673 0.0176289 0.00663467 0.00944913 0.00462192 0.00528492 0.00546403 2.06969e-05 0.00116675 0.000144059 0.000651519 0.000226827 0.000192579 6.06971e-05 0.000307144 6.59845e-05 4.76739e-06 7.22903e-05 2.76495e-07 0.000160014 1.69685e-05 3.21077e-05
0.739068 0.019637 0.116617 0.00749028 0.0102733 0.017496 0.041519 0.0126912 0.0019696 0.0160317 0.00114233 0.00508275 0.00608374 0.00136163 0.00155042 0.000230968 0.000442877 1.81423e-05 3.47305e-06 0.000251972 8.80223e-05 0.000166324 3.47282e-05 1.9819e-05 3.0875e-05 0.000107892 0.000113384
0.777758 0.0267084 0.0958292 0.0203332 0.0324515 0.0188131 0.0143687 0.00204311 0.000484038 0.00240697 0.00431717 0.000198073 0.00111734 0.00112433 0.000139749 0.000805715 6.48644e-05 8.42703e-05 7.1682e-05 3.78784e-05 0.000240239 0.000253009 0.000127864 2.543e-05 0.000125427
0.120355 0.0284722 0.726408 0.00761944 0.0216318 0.00137683 0.0143099 0.00361786 0.0191274 0.00946844 0.00111945 0.00830834 0.00849637 0.0106844 0.00187103 0.000900801 0.00752201 0.00175522 0.00153171 0.000597607 8.36612e-05 0.000174789 0.000152238 2.51222e-05 0.000467197 0.00138658 0.00079738 4.42097e-05 0.000446786 0.000395153 4.38381e-05 0.000230338 1.67682e-06 0.000188285 0.000186725
0.693722 0.0538493 0.0601936 0.130956 0.00769534 0.00922114 0.0141696 0.00305629 0.00310102 0.00202993 0.00385938 0.00402769 0.00365161 0.000615629 0.000435507 0.000775762 8.10747e-05 0.00159675 0.00487473 0.000349922 0.000112895 4.65376e-05 0.000391274 0.00019219 0.000213322 7.34603e-05 0.000151507 0.000263907 8.76109e-05 6.34853e-05 3.34226e-05 4.66149e-05
0.700643 0.130637 0.00863217 0.0343659 0.0216405 0.0028822 0.0104773 0.022492 0.0238983 0.0248345 0.00813389 0.00638989 0.000631189 0.000906108 0.000247381 3.02448e-06 7.7942e-05 0.000381479 1.12989e-05 0.00174256 0.000124823 0.000323952 0.000295221 2.1681e-05 4.24089e-05 7.1628e-06 3.31885e-05 3.52574e-05 1.29292e-06 1.39454e-05 2.94771e-05
0.693539 0.12585 0.0644528 0.0352186 0.0243137 0.0114011 0.00431285 0.00108928 0.0130677 0.00138962 0.004524 0.00292048 0.00499647 0.00148862 0.00595489 0.00149585 0.00170937 0.000347693 0.000133188 1.18882e-05 0.000680338 0.000631695 7.73182e-05 3.03691e-05 7.39732e-05 0.000101644 8.07589e-05 8.43148e-06 2.20655e-05 2.30828e-05
0.726077 0.157267 0.0184037 0.0164494 0.00859017 0.00482839 0.00244125 0.00657514 0.00932398 0.0281627 0.00592067 0.00826198 0.0029858 0.00145649 9.56875e-05 0.00101052 5.1645e-05 0.000407523 0.000199071 0.000178835 0.000115745 0.000248478 0.000141176 7.48987e-05 5.37028e-05 9.55291e-06 0.00039866 4.27839e-05 0.000122662 1.34648e-06 2.59528e-05 1.33433e-06 9.47701e-06 5.8927e-06 8.67207e-06 1.62353e-05 1.87078e-05
0.689715 0.157469 0.0261532 0.0106891 0.00865441 0.0354575 0.0217688 0.0136889 0.00667434 0.00454544 0.00315977 0.00420687 0.00295973 0.00204419 0.000513533 0.00313916 0.000209036 0.000800985 0.00216876 0.00198931 0.000150928 5.94486e-05 0.000184498 0.00119635 0.000947048 0.000488512 5.99665e-05 6.47278e-05 0.000219554 2.22429e-05 0.00020805 7.4517e-05
0.709062 0.0173904 0.0151693 0.132482 0.038534 0.00540975 0.0213367 0.0129814 0.00664576 0.0137556 0.00738621 0.00639725 0.00111541 0.00337007 0.00214737 0.00138331 0.00192736 0.000804666 6.84782e-05 0.000278637 0.000717479 0.000833973 0.000338016 6.03047e-05
0.750748 0.102129 0.011751 0.0368701 0.0213945 0.0164983 0.0146632 0.00749002 0.0113907 0.00132239 0.00748352 0.0133997 0.00133441 0.000313356 0.00038818 0.00123157 0.000118351 0.000325572 0.000248245 0.000617639 6.79397e-07 5.6513e-05 1.62078e-05 2.3166e-05
0.748214 0.107544 0.0153802 0.0444053 0.0346294 0.00469796 0.0101867 0.0049419 0.00233901 0.00671941 0.0036279 0.00271466 0.00173151 0.00315961 0.00185651 0.000544724 0.000394243 0.00108517 0.000696278 0.000935571 0.00253725 0.000100449 5.94364e-05 0.000887001 0.000250012 2.31204e-05 2.38381e-06 5.36675e-06 3.49184e-05 5.25925e-05 1.91138e-05 5.9018e-05 1.68762e-05 7.19017e-06 2.70538e-05
0.693042 0.0241579 0.140782 0.0670101 0.020908 0.0057053 0.00822447 0.0138492 0.0034801 0.00455281 0.00247029 0.00372906 0.00204554 0.00362753 0.000490177 0.00233741 0.000431261 0.00212418 0.000243738 0.000343508
0.736952 0.104067 0.00441954 0.0469268 0.0237588 0.00972685 0.0350382 0.00619023 0.00259628 0.0049211 0.00361824 0.00252591 0.00495811 0.00511668 0.00119522 0.000580605 3.63408e-05 0.00153486 0.000137958 0.000658058 0.000269576 0.0015072 0.00126128 0.000942145 1.21378e-05 0.000463156 0.000251251 8.672e-05 3.23098e-06 4.56171e-06 1.71137e-05 5.42312e-05
0.686989 0.147172 0.0169412 0.046013 0.0312172 0.0128837 0.024327 0.0170943 0.00562212 0.00388665 0.00277298 0.00260612 0.00069442 0.0003352 1.03066e-05 0.000448264 2.33052e-05 7.1544e-06 0.000312196 0.00019932 0.00015759 0.000119765 4.35249e-05 5.14101e-05 2.03241e-05 7.27941e-06 1.42042e-05 3.80977e-06 1.03466e-05
0.743979 0.0207285 0.0221393 0.0863834 0.00668198 0.0796494 0.00117992 0.00360019 0.00919601 0.0126574 0.00122641 0.00142716 0.00364647 0.002829 0.0019011 0.000176929 0.000472597 0.000308141 7.76596e-05 1.83987e-05 6.2922e-05 4.76861e-05 0.00127816 0.000138305 1.14366e-05 2.09071e-05 3.37541e-05 8.94312e-06 4.87043e-05 3.87532e-06 8.55479e-06
0.736192 0.119606 0.0297089 0.0381312 0.0168563 0.0101536 0.00660592 0.0147927 0.00559797 0.000577566 0.00454893 0.00671982 0.00810499 0.000365697 0.00075036 3.38371e-05 0.000165609 0.00010623 5.17806e-05 0.000243817 0.000107566 2.05052e-06 3.0329e-05 0.000297905 8.68013e-05
0.738594 0.120533 0.00568517 0.00953287 0.00289536 0.0403745 0.0193403 0.0305587 0.00469954 0.0138402 0.00369259 0.00687681 0.00133274 0.000293217 0.000251643 9.23775e-05 4.04933e-05 9.69582e-05 6.98566e-05 0.000504804 0.000139476 0.000130637 0.000374281
0.719494 0.143522 0.0244628 0.00132118 0.0689973 0.0164782 0.00193567 0.0025363 0.00597639 0.00341326 0.00259798 0.00297214 0.00248014 0.00080312 0.000305915 0.000834212 0.000177669 6.13871e-05 0.000711838 0.000352245 0.000145901 5.09038e-05 4.78645e-05
0.7095 0.130121 0.0154872 0.0062117 0.0235787 0.0168381 0.0164556 0.0399915 0.00293638 0.0219929 0.000974299 0.00474298 0.00702107 0.00059943 0.00179452 0.000216828 0.000217362 0.00064931
0.749245 0.00594049 0.0949504 0.0178959 0.0454613 0.0307792 0.00622941 0.00594371 0.0161435 0.00930669 0.00141031 0.00799569 0.00350493 0.00348324 0.000159371 0.000225018 0.00035922 0.000276192 2.26559e-05 0.000125641 0.000199915 1.72097e-05
0.717987 0.139263 0.0473129 0.0217928 0.0120798 0.0136962 0.0230999 0.0039258 0.00301202 0.0036954 0.00515231 0.00160596 0.00245205 0.000295193 0.00117843 0.000641435 0.000637536 0.000101379 2.1334e-05 5.47837e-05 0.000166304 6.81238e-05 0.00111067
0.677864 0.0269332 0.157064 0.0318909 0.0401463 0.00682007 0.00845066 0.0123481 0.00283706 0.0158828 0.00859715 0.0023395 0.00382929 3.98324e-05 0.00172717 0.000337156 0.000383566 9.64751e-05 0.00102191 7.78203e-05 0.000551125 3.31397e-05 0.000158494 2.31323e-05 3.9443e-06 0.000168603 0.000119827 2.26354e-05
0.673482 0.0423389 0.0071217 0.135367 0.00986118 0.0152429 0.00313306 0.0385008 0.0157514 0.0108334 0.015303 0.0100484 0.00436781 0.00165083 0.0057534 0.000729083 0.000210085 4.81935e-05 8.94844e-05 0.000252409 0.000926873 0.00181378 0.00198943 4.78361e-05 0.00136779 0.000752232 0.000215063 0.000281966 0.000800395 0.000145126 0.000791209 0.000225209
0.772843 0.0916006 0.0237825 0.0557877 0.00409132 0.00686369 0.0118953 0.0111815 0.00500586 0.000499203 0.00401735 0.000557474 0.003349 0.00205139 0.00032856 0.0028537 0.00131982 0.00034503 0.000252799 8.39784e-05 0.000112115 0.000226387 0.000107454 0.000380743 0.000276355 3.23115e-07 5.22742e-05 1.85934e-05 3.63259e-05 2.09563e-05 9.53068e-06
0.750498 0.020924 0.11797 0.00803966 0.0375734 0.0111844 0.0261792 0.000874063 0.00821957 0.000829246 0.00415376 0.00926332 0.00109338 0.00105828 0.00072241 5.62328e-06 0.000677475 9.4761e-05 0.00013289 0.000376497 1.88349e-05
0.702796 0.0361264 0.0254022 0.108454 0.0289154 0.040259 0.00767877 0.00732131 0.00351105 0.0165536 0.0130123 0.00516109 0.00225576 0.000312998 0.000965368 0.000415087 2.67441e-05 6.13468e-06 0.000398766
0.741227 0.118169 0.0519748 0.0365129 0.00570631 0.0100097 0.00431246 0.0020872 0.00588742 0.0068383 0.00440186 0.00238267 0.00319986 0.00112028 0.00220653 8.73205e-05 0.000300807 0.00109839 0.000401862 0.00085528 5.65631e-07 0.000733751 7.68738e-05 0.000111336
0.728933 0.140006 0.0209072 0.0208537 0.0104499 0.056259 0.00237116 0.00636137 0.00315176 0.00101529 0.00422205 0.00138236 0.000411688 0.000409304 0.000560535 0.00220304 9.06999e-05 5.61103e-05 0.000144813 1.76879e-05 4.22504e-05 4.06148e-05 6.63299e-06 4.57976e-05
0.7193 0.132062 0.0178921 0.0324108 0.00676317 0.0260694 0.0042554 0.00615653 0.0143301 0.00623884 0.015315 0.00350556 0.0015219 0.000802815 0.00374949 0.000873701 0.000171496 0.0024624 0.00178808 0.000303336 0.00144051 0.00112273 0.00073646 0.000197176 0.000100222 7.76251e-05 5.93617e-05 4.9059e-05 3.1895e-07 3.03269e-05 2.61298e-06 2.61035e-05
0.675959 0.15095 0.0102125 0.0472873 0.033281 0.0162375 0.0206758 0.00649044 0.00460657 0.00688716 0.0112548 0.00642495 0.0039707 0.000736359 0.000628607 0.00131579 0.000431788 7.6901e-06 0.000273318 0.00040383 0.000265463 0.000528268 0.00028146 0.000193993 0.00020875
0.680233 0.103047 0.0243855 0.0811327 0.00413374 0.00929987 0.00963626 0.0125185 0.000786655 0.0265222 0.00546738 0.0167901 0.00937994 0.0112805 0.00194843 0.000150382 0.00075132 0.00135842 2.47311e-05 5.08115e-05 0.000294405 8.8622e-05 2.20734e-05 2.29888e-05 3.56624e-05 0.000261553 1.76142e-05
0.731185 0.126747 0.0454481 0.00353578 0.0120563 0.0219046 0.0125933 0.00307941 0.00491126 0.0037373 0.00247764 0.00149939 0.0119885 0.00439842 0.00304924 0.00222813 0.00260651 0.00132837 4.64183e-05 0.000257368 0.00102625 0.000386158 0.00112951 2.39819e-05 0.000256944 1.44389e-05 0.000258441 0.000801643 0.00032681 8.72785e-05 0.000153697 0.000162413 1.79302e-05 2.69306e-05 1.31282e-05
0.718578 0.0185709 0.100635 0.0311711 0.0188509 0.0304644 0.0162086 0.00365098 0.0297593 0.00958382 0.0107282 0.00397787 0.00183659 0.00221204 0.000650523 0.000116587 1.70585e-05 0.00112221 0.00123073 7.70915e-05 9.22476e-06 8.31997e-05 0.000261924
0.705308 0.0369539 0.115334 0.0153341 0.0177272 0.0484766 0.00212902 0.010007 0.0027123 0.00147434 0.0227517 0.00442678 0.00805016 0.00428631 0.00185253 0.000188845 0.000316033 0.000352572 0.000752347 0.000689059 4.03104e-05 9.06386e-05 0.000154421 0.000306815 8.22256e-05
0.710996 0.16532 0.0218004 0.0133977 0.0428431 0.00606343 0.00357355 0.00680249 0.00894044 0.0110325 0.00308335 0.00249514 0.000725203 0.000919893 0.000119896 0.000657233 5.53516e-05 0.000584792 0.000103769 0.000156848 0.000185318
0.738725 0.0100826 0.100179 0.0487773 0.00756203 0.0112247 0.0100268 0.0159041 0.0315295 0.00896284 0.0050468 0.00877842 0.00209348 0.000140241 0.000363417 0.000206193 2.07041e-05 3.78081e-06 4.7983e-05 8.59984e-06 0.000112483
0.709218 0.0162829 0.00739417 0.123879 0.0340011 0.0366563 0.0380639 0.0120383 0.00274081 0.00169381 0.00201096 0.0090039 0.00505174 0.000126063 3.09243e-05 0.000908441 0.000379742 3.82898e-05 0.000145639 5.87834e-05 4.60199e-05 4.33607e-05 6.02761e-06 6.27198e-05 2.12637e-05
0.724328 0.127971 0.0356071 0.0209749 0.0435851 0.00414396 0.00678826 0.00205963 0.00629316 0.00683103 0.0117133 0.00337175 0.00211125 0.000124331 0.000332108 0.000129421 0.000113879 9.24012e-06 0.000299976 0.00177029 0.000520607 5.25593e-06 7.21034e-05 0.000252579 0.000128094 2.22669e-05 4.03795e-05 2.10016e-05 1.083e-05 1.66167e-05 3.02758e-05 5.0707e-06 1.28309e-06 0.000130583 7.53433e-06 7.68517e-06 2.47133e-05 1.51127e-05 8.58696e-05
0.739959 0.0236173 0.0991241 0.0126629 0.0450475 0.0513224 0.00657648 0.00587272 0.00159672 0.00479649 0.0016777 0.00310226 0.000252658 0.000250351 0.00169538 0.000618404 4.40678e-05 0.000420755 4.93401e-05 5.86622e-05 0.000195952 2.4974e-05 0.000249413 0.000148441 0.000141634 9.50974e-05 0.000161911 3.50112e-05 2.93923e-06 6.67124e-05 4.85892e-06 6.78751e-05 5.56686e-06 2.47587e-05 1.25727e-05 4.39839e-06 1.56165e-06 3.34168e-06
0.733575 0.048862 0.00529964 0.0011663 0.100676 0.0334975 0.0176664 0.0230976 0.00418008 0.00587258 0.00284059 0.00486932 0.00788423 0.000356422 0.000889266 0.00234553 0.00059052 0.000118227 0.00034135 0.00037747 0.00109752 0.00101013 0.00186266 4.4607e-05 9.87813e-05 0.000255573 0.000222043 2.98049e-07 0.00041818 0.000179193 4.21324e-05 1.34157e-05 8.92323e-05 2.29635e-05 4.39751e-05 4.82556e-05 4.86573e-06
0.706819 0.0372448 0.120047 0.0588484 0.0052879 0.00202774 0.0131108 0.028158 0.00439258 0.00935168 0.0074116 0.00225741 0.000428405 0.000113411 0.000675916 0.000107446 0.000443244 0.000486734 0.000136308 0.001124 0.000286362 0.000418934 0.000235205 0.000295262 1.98579e-06 8.07009e-06 3.54262e-05 0.000132009 1.02859e-05 1.41333e-05
0.114716 0.712116 0.0104806 0.00475489 0.0729024 0.0203069 0.00677254 0.00804714 0.0202401 0.00617776 0.00373985 0.00453909 0.00738627 0.000633821 0.0020715 0.000713322 0.00162605 0.000886373 8.42326e-05 0.000189798 0.000150051 0.000228195 0.000254685 9.30433e-05 0.000149084 8.53715e-05 0.000126549 0.00030709
0.744321 0.110057 0.02357 0.0140679 0.00114711 0.00574026 0.0221688 0.0454696 0.0122791 0.00255406 0.00673563 0.00431233 0.000847521 0.00160105 0.000500305 0.000375367 0.00130279 0.0007095 0.00158136 4.72528e-05 7.13211e-05 0.000131373 0.000102709 0.00012457 1.20968e-05 5.54437e-05 1.72528e-06 4.26495e-06 2.05884e-05 1.69535e-05 2.18977e-05 9.26419e-06
0.708504 0.119023 0.0349546 0.0488048 0.0135043 0.00550151 0.017288 0.0120385 0.00707909 0.0013941 0.0172493 0.00355583 0.00375131 0.00177063 0.000625106 0.000542934 0.00253845 0.000163936 0.00156985
0.750691 0.120996 0.0353477 0.000485876 0.0121523 0.000453424 0.0518622 0.000841547 0.00309348 0.00339844 0.0052574 0.00386083 0.00459038 0.000706395 0.00290949 0.00042161 8.69784e-05 0.000267851 0.000278251 0.00138641 0.000182589 0.000135466 0.00019603 6.16231e-05 0.00015432 2.16097e-06 3.51987e-05 8.06171e-06 3.14303e-05 4.66812e-05
0.719986 0.103617 0.0576034 0.00731624 0.0172821 0.00752553 0.0512347 0.000783728 0.0099603 0.000935195 0.00735639 0.00391935 0.00481983 0.00251594 0.000280893 0.00117492 0.00071112 0.00116813 0.000171837 2.534e-05 0.000429562 0.00021217 0.000311614 0.000104066 0.00010753 7.60606e-05 2.74702e-05 7.59474e-05 3.37036e-05 4.22422e-05 1.32004e-05 3.9621e-06 8.46798e-05
0.738051 0.0175924 0.0914238 0.034399 0.0208457 0.0382049 0.0052336 0.014356 0.00875728 0.0069364 0.00962436 0.00420089 0.00339706 0.00152641 0.00272283 0.000348669 0.000496705 0.000396058 0.000577372 3.93255e-05 0.000348892
0.702426 0.0197971 0.0979751 0.0416064 0.0175931 0.0435137 0.00766428 0.00285222 0.0189227 0.00235655 0.00919927 0.00530909 0.0186286 0.00198829 0.00350999 0.00489898 0.000147122 0.000546639 0.000318278 6.39555e-05 1.92671e-05 0.000401602 5.01258e-05 1.06774e-05 4.05247e-05
0.686437 0.181763 0.010522 0.0348982 0.000526112 0.0302544 0.0115696 0.0129117 0.00565876 0.0108272 0.00228112 0.00429077 0.000470361 0.00143545 0.00215336 7.218e-05 0.00164474 0.000171826 0.000178793 0.000586249 0.000268261 0.000160928 2.44375e-05 1.22405e-05 8.87837e-06 0.000138696 0.000219928 2.1205e-05 6.13481e-05 3.32555e-05 4.26376e-06 1.62635e-05 0.000148648 1.36878e-05 8.61085e-05 1.67606e-05 8.8634e-06 2.35925e-06 2.39162e-05 1.12957e-05
0.735184 0.117602 0.0213246 0.0561386 0.0159211 0.00651332 0.0266345 0.00271127 0.00366151 0.00234128 0.00327152 0.00133732 0.00365966 0.00139295 0.000194707 0.00105961 0.000519988 0.000118743 0.000106203 1.69975e-05 4.43079e-05 6.19357e-05 2.71442e-06 8.61986e-06 4.9664e-05 7.39481e-06 2.8275e-05 2.26512e-05 8.17496e-06 5.90823e-06 2.37434e-05 5.83964e-06
0.699067 0.130667 0.0471133 0.0521255 0.00754504 0.0221891 0.0040113 0.00571038 0.00363066 0.0184225 0.00296527 0.00195788 0.00169458 0.000192457 3.33965e-05 0.000332375 0.000933377 0.000198243 0.000278855 0.000150508 8.969e-06 6.04066e-05 7.84907e-05 8.88735e-05 7.33735e-05 1.79976e-05 0.000181349
0.795719 0.020422 0.0897513 0.0430979 0.0024748 0.0014017 0.00539859 0.0191518 0.00333436 0.00480026 0.00113422 0.0030504 0.0033761 0.00251985 0.00150042 1.63761e-06 0.000117016 0.000216315 0.000873207 2.2512e-05 0.000489732 8.90774e-05 0.000173454 5.36158e-05 8.95437e-05 6.71064e-06 2.75978e-05 0.000187259 5.86992e-06 9.99532e-06 0.000217327 7.7361e-05 2.32724e-05 2.61819e-05
0.696675 0.116988 0.0242353 0.0298267 0.00262071 0.0439616 0.00297468 0.0105077 0.0297039 0.00545535 0.00330476 0.00872498 0.00437726 0.0046994 0.00197135 0.00216197 0.000908943 0.00188416 0.00289671 0.000700332 0.00166518 0.00108898 0.00102948 0.00014438 0.000843125 0.000100295 1.81265e-06 0.000278263
0.740547 0.125555 0.0150244 0.0268954 0.0389876 0.0115803 0.0131022 0.00348792 0.0083163 0.00348393 0.00214191 0.00621488 0.00126514 0.00101371 8.0748e-05 0.000804686 0.000222914 0.000134635 0.000219655 0.000436269 0.000154244 9.10937e-05 1.94094e-06 5.16067e-05
0.71748 0.0907829 0.0538377 0.0467391 0.00259816 0.0206238 0.0202453 0.0084522 0.00422932 0.00647393 0.00688387 0.00910952 0.006756 0.000332109 0.000139936 0.000754158 0.000904699 0.000310072 0.00165911 0.000105673 0.000300895 9.15321e-05 0.000211979 0.000413163 0.000136097 0.000162128
0.732549 0.0366968 0.113278 0.0421377 0.00242837 0.033772 0.0032842 0.0110234 0.0130785 0.00220394 0.00476003 0.00110287 0.00222135 0.000300531 2.41516e-05 0.000358522 0.000109832 0.000223211 7.03666e-05 0.000142337 3.09756e-06 3.69558e-05 7.18579e-05
0.72658 0.12986 0.0165653 0.0158079 0.0019241 0.0373302 0.00552484 0.018235 0.0197349 0.00896891 0.00330881 0.00590518 0.00528373 0.000284958 0.000931553 0.000452785 0.000156792 0.000698903 0.000394306 0.000136357 0.00128849 0.000286932 3.50861e-05
0.748532 0.0223699 0.126935 0.00655224 0.0270495 0.0111232 0.00167398 0.0126195 0.0208944 0.00509717 0.00820729 0.00411957 0.000784548 0.000968816 0.000436309 0.00136241 0.000284991 0.000128451 0.000360088 9.04534e-05 5.51408e-06 9.77895e-05 1.80926e-05 0.000111132 0.000120914 3.3562e-06 7.49169e-06 1.77251e-07 4.49276e-06 2.16652e-06 3.56585e-06 4.54418e-06 1.75412e-06 1.17466e-05 9.97323e-07 7.59842e-07 8.70186e-07 5.71098e-07 5.20621e-06
0.713926 0.142387 0.00532796 0.0150697 0.00277549 0.0398726 0.0321715 0.0218182 0.007054 0.00503667 0.00063703 0.00226753 0.00231063 0.000487794 0.00121097 0.00139983 0.00272408 0.000107548 0.00018923 0.000674537 0.000472379 0.000148872 0.000399596 0.000122796 0.000475665 2.52498e-05 0.000214866 4.89225e-05 6.94301e-05 0.000135315 0.000306174 1.11727e-05 1.09294e-05 2.69877e-06 1.56553e-05 1.33638e-06 8.03916e-06 1.54445e-06 9.61966e-06 1.64359e-05 9.72609e-07 1.11332e-05 3.34602e-06 4.96597e-06 2.6783e-05
0.0198094 0.766169 0.0058276 0.0510914 0.104374 0.0257591 0.00593453 0.00628815 0.00457975 0.00322652 0.000856305 0.00201591 0.00163696 0.000970255 3.65263e-05 7.09525e-05 0.000128842 0.000624474 6.13529e-05 0.000102493 5.79844e-06 8.62833e-06 0.000100524
0.684352 0.13091 0.0189145 0.0570199 0.00627647 0.0149433 0.011245 0.00851549 0.0176813 0.0241238 0.00720396 0.00837804 0.00644778 0.00116706 0.000915306 4.87102e-05 0.000406541 1.2773e-05 4.82976e-05 7.93231e-05 0.00024952 0.000440605 9.02055e-05 0.000231492 8.43855e-05 1.65499e-05 1.735e-05 3.31909e-05 6.63985e-05
0.694055 0.119075 0.00923809 0.0349529 0.0095741 0.00203961 0.0342819 0.0573585 0.0106525 0.00336972 0.00781962 0.00566162 0.00194223 0.00199259 0.000418146 0.000648301 0.000111324 0.000803449 0.00245481 0.000478992 0.00122224 0.000177698 0.000249771 0.00010371 9.91848e-05 1.24788e-05 0.000177246 0.000627906 0.000210243
0.00480683 0.737902 0.0474927 0.0930166 0.0243735 0.0112383 0.00617038 0.0162905 0.0256727 0.00621166 0.00713499 0.00233204 0.0064116 0.000613206 0.00208186 8.72344e-05 0.00101449 0.0022711 0.00157181 0.000449359 7.84461e-05 0.000127028 0.000183205 3.37871e-06 0.00104462 0.000237829 2.57074e-05 0.000102774 0.00018685 6.21003e-05 2.21561e-06 2.16005e-05 0.000440998 0.000103169 1.83859e-05 9.15084e-06 5.59111e-05
0.742075 0.0551626 0.120614 0.00581849 0.00871954 0.0183562 0.0124123 0.00683396 0.00567454 0.0121673 0.00248395 0.00119537 0.00212442 0.00277517 0.000139338 0.000483337 0.000143692 0.000408603 0.000407827 0.00054162 0.000356959 4.79393e-05 5.69438e-05 4.31483e-05 0.000329049 0.000353203 9.97638e-05 5.42732e-05 2.83903e-05 1.69987e-05 2.24016e-06 4.27453e-06 1.73796e-05 1.35421e-05 4.32182e-06 8.14242e-07 1.20853e-06 5.8471e-06 1.32919e-07 4.43945e-07 9.88987e-06 8.83734e-07 3.08431e-07 3.2248e-06 2.61496e-06 4.71578e-06
0.717178 0.101235 0.0503371 0.0028582 0.0425689 0.0533326 0.00155389 0.0168814 0.000884984 0.0034356 0.00199432 0.00249073 0.000724255 0.000820257 0.000745109 0.00044258 0.000596699 0.000157511 9.53125e-05 0.000182558 0.000233738 5.65393e-05 0.000469368 0.000160869 0.000124955 1.67105e-05 4.69729e-05 2.53315e-05 6.99639e-05 6.47815e-05 6.14905e-05 1.21808e-05 2.18189e-05 2.02393e-05 5.07888e-05 2.38627e-05 6.36928e-06
0.664872 0.0299282 0.151896 0.0533021 0.01459 0.00208899 0.0230199 0.0127239 0.00814231 0.0155102 0.0034479 0.00546273 0.00456196 0.000944862 0.000810942 0.00225192 0.00201356 0.00185118 0.000892441 0.000619933 2.61526e-05 0.000368459 2.16574e-06 6.1981e-05
0.708336 0.134537 0.0194442 0.0391854 0.00915604 0.00593591 0.00306833 0.0109031 0.00799752 0.0420337 0.00328392 0.00409198 0.00389066 0.0018823 0.00443047 6.4841e-05 0.00022688 0.000370345 0.000387884 4.67051e-05 0.000240996 6.57409e-07 0.000158116 8.01886e-05 4.1866e-06 1.90542e-05 2.72406e-05 5.19605e-05 4.45933e-05
0.77199 0.0274926 0.00729352 0.106881 0.0223962 0.0147983 0.0165774 0.005201 0.0146808 0.00512161 0.00111803 0.00344419 0.000344369 0.000218427 0.000585075 1.58274e-05 0.00081764 0.000419392 9.10603e-05 0.000365457 6.83968e-06 2.5187e-05 5.74633e-06 7.72036e-05 2.17697e-05
0.76394 0.10902 0.0356456 0.024202 0.0187292 0.00147022 0.00539162 0.00637761 0.00366454 0.0102446 0.0098481 0.000310181 0.00334988 0.000353208 0.00253433 0.000204276 0.000621712 0.000926353 0.000420732 0.000541141 0.00105749 0.000386137 3.22036e-05 0.000110192 0.000154564 8.13125e-05 4.97425e-05 8.89645e-06 5.54063e-05 6.20904e-05 5.70441e-05
0.758441 0.113926 0.0129393 0.0232429 0.013714 0.0182578 0.00326526 0.00840187 0.00934383 0.000260821 0.020238 0.00712742 0.00170071 0.0046302 0.00131308 0.000584632 0.000525495 0.000556454 2.31808e-05 0.000627914 0.000138408 0.000153728 0.000296062 0.000187058 8.34313e-06 4.20319e-05 1.01246e-05 8.84873e-07 4.65855e-06 9.27874e-06 1.20231e-06 4.32156e-06 5.46134e-06 6.17938e-06 4.27688e-06 3.69986e-07 1.45232e-06 1.39734e-06 2.15544e-06 2.47562e-07 4.24942e-07 2.60123e-07
0.701145 0.145484 0.0092324 0.0452496 0.00713283 0.029585 0.00350825 0.0255763 0.00738345 0.00362233 0.00551032 0.0090994 0.00198029 0.00030658 0.000454179 0.0010761 0.00228041 0.000419383 0.000163615 0.000180008
0.766623 0.0823169 0.0073982 0.0351445 0.00321008 0.0316046 0.00751065 0.00756295 0.0137809 0.0166143 0.00712655 0.0129558 0.00345497 0.000297768 0.00014333 0.00080825 0.00015165 0.000250355 0.000414214 0.000122685 4.03057e-05 0.00110942 0.000194745 0.000136253 2.04525e-05 0.00010549 7.39956e-05 8.28458e-05 5.6609e-05 0.000190958 0.000136551 6.15216e-05 1.73924e-05 9.85891e-06 1.00341e-05 1.23939e-05 3.46063e-05 2.53466e-05 3.58238e-05 3.08598e-05 5.01399e-07 2.09606e-05 1.89031e-05 1.66667e-05 2.71181e-05
0.750065 0.110983 0.0115723 0.0175135 0.00441691 0.00776463 0.0500294 0.0212817 0.00613753 0.00512088 0.00106019 0.00198387 0.0070842 0.000230886 0.000569819 0.00183965 0.000552709 9.05452e-05 0.000143515 0.000102439 0.000545834 0.000195891 0.000144294 2.79438e-05 0.00026641 0.000109841 5.24265e-05 2.04048e-05 2.45221e-05
0.693634 0.133022 0.0587837 0.0137843 0.0101483 0.0453978 0.010199 0.00590554 0.00621924 0.00271992 0.00646288 0.00980582 0.00141426 0.00086525 0.00105102 0.000184905 6.68151e-06 7.56216e-05 7.67241e-05 7.63545e-05
0.724592 0.0560212 0.0149339 0.0957234 0.0115524 0.00845423 0.0165277 0.028713 0.00386008 0.00250604 0.000743042 0.0294986 0.0043952 0.000401647 0.0011068 0.000547672 2.06238e-05 0.000172623 7.12706e-05
0.710984 0.0434345 0.127959 0.00272354 0.0205947 0.0063613 0.00262873 0.0333961 0.00633701 0.0190324 0.00309604 0.00423179 0.00527579 0.00605967 0.00229188 0.000386844 0.00134213 0.000797845 0.000977868 0.000669229 0.000186279 0.000107983 6.86589e-06 0.000413704 0.000121839 0.000121207 0.000127387 2.03796e-05 6.49428e-05 0.000113883
0.708223 0.139051 0.0130652 0.0521841 0.0229847 0.00652217 0.0100964 0.00269893 0.0141943 0.010626 0.00345688 0.00661084 0.00397984 0.00178333 0.000316092 0.00027881 0.0016033 1.14309e-05 0.0010822 1.31077e-06 6.27269e-05 0.00053609 0.000159587 0.000182158
0.736227 0.0463542 0.115627 0.0332842 0.00607665 0.0172266 0.00316967 0.0103385 0.00826838 0.00501551 0.00279879 0.00753792 0.00280626 0.00275489 0.00117871 0.000469897 6.81593e-05 9.5136e-05 0.000197556 5.72439e-05 0.000140332
0.714222 0.0981276 0.0480305 0.0090214 0.0188493 0.0435011 0.0291755 0.00465182 0.00235098 0.0104463 0.00364739 0.0072399 0.00265722 0.00111026 0.0015859 0.000587838 0.000794538 0.000246453 0.000425978 0.000549398 0.000509846 0.000444157 7.44736e-05 0.000452094 0.000274594 5.2018e-05 0.000142194 2.97656e-05 0.000100848 0.000126873 9.00251e-05 6.29183e-05 8.97317e-05 2.69061e-05 6.68668e-05 8.0045e-05
