0.737672 0.106938 0.0099252 0.0521973 0.0132279 0.00373715 0.0130221 0.0141653 0.00482979 0.00272654 0.00110864 0.00991396 0.00389334 0.0133568 0.000895334 0.00843574 0.00261896 0.000166938 0.000638234 0.00019075 9.91308e-06 0.000118666 0.000148626
0.00789956 0.742469 0.054442 0.117726 0.0112235 0.0139035 0.00698465 0.0148063 0.00795758 0.00576759 0.000918963 0.00119863 0.0028601 0.004751 0.00151791 0.000431367 0.00121342 3.62081e-05 0.000233069 0.00038381 0.000308676 0.000357021 0.00127722 3.67873e-06 3.77855e-05 3.14184e-05 0.000315693 0.000283433 8.07541e-05 0.000285273 0.000157513 7.66843e-06 6.94133e-05 2.33558e-07 2.45854e-06 1.60475e-05 8.1139e-06 3.22693e-07 5.37743e-06 3.26199e-06 3.21239e-06 7.83142e-08 1.8989e-08 4.74491e-06
0.728467 0.00211972 0.102991 0.0284348 0.0244312 0.0091663 0.00818687 0.0110484 0.00371266 0.0328743 0.0176743 0.00569912 0.00824272 0.00338534 0.00118514 0.00699984 0.000697663 0.00163332 0.000477072 0.000101015 0.000381125 0.000770846 7.24321e-05 0.000276273 8.59012e-05 8.19573e-05 0.000235031 7.16893e-05 0.00023547
0.684763 0.0623638 0.125899 0.0126313 0.0191325 0.00521986 0.0140612 0.0262822 0.00146394 0.00875532 0.00895244 0.0141271 0.00102423 0.00250336 0.00843545 0.000433756 0.00058535 0.000381056 0.000450348 0.000150794 0.000174527 0.000401459 0.00042427 0.000458251 7.90779e-05 0.00050137 4.82107e-05 0.000104459 2.38824e-05 2.09468e-05 6.19753e-05
0.758942 0.0126207 0.0929277 0.0122668 0.0597665 0.0168967 0.0043172 0.00469856 0.00425549 0.00295691 0.0061995 0.00491547 0.00481308 0.00575077 0.00295915 0.00261824 0.000424979 0.00106203 0.000302755 0.000132032 0.000360206 0.000189632 0.000152539 8.44156e-06 4.65455e-05 8.83209e-05 8.91336e-05
0.73953 0.00986167 0.0371567 0.0274617 0.102776 0.00596205 0.00297771 0.00627715 0.00611379 0.0132851 0.00833653 0.00557568 0.0027948 0.00478838 0.0123819 0.00582325 0.000667103 0.00331031 0.00111921 0.00147566 6.289e-05 0.000612123 0.000720479 0.00025486 7.66867e-05 8.02039e-05 0.00023221 5.63927e-05 8.96595e-06 4.95566e-05 6.85801e-05
0.76963 0.116395 0.00670975 0.0110507 0.0368323 0.0041148 0.0262548 0.00138114 0.00444294 0.0025663 0.00102492 0.00902565 0.00167519 0.00219531 0.00256419 0.00127829 0.000667076 0.000271342 0.000733574 0.000347239 9.14398e-05 0.000397266 4.75133e-05 3.22056e-06 7.7366e-05 1.35069e-05 0.000136346
0.738926 0.00549233 0.0402086 0.00300995 0.017114 0.0895246 0.0304557 0.00898369 0.00538486 0.000254712 0.00263949 0.00170766 0.0335629 0.00852468 0.0046203 0.00277659 0.00229236 9.69738e-05 0.000973019 2.15216e-05 0.000397584 0.00106741 0.000135452 0.000448483 0.000889061 0.000261699 6.92423e-05 2.03645e-05 1.2988e-05 1.29131e-05 4.29123e-05
0.748963 0.118308 0.0112184 0.0146807 0.0018992 0.0392308 0.00434054 0.00492793 0.0211967 0.00147755 0.00617481 0.00569826 0.00464086 0.00375746 0.00243851 0.000607711 0.00220922 0.000103599 0.00286823 5.71933e-05 0.00205975 0.000336347 0.000126455 0.000703707 8.05357e-05 0.000280024 0.000452948 0.000489961 0.000276557 6.47988e-07 7.55427e-06 0.000203334 2.07574e-05 2.43469e-05 6.67769e-06 1.55741e-05 8.88712e-06 5.14767e-06 1.3694e-05 2.76044e-05 1.4641e-05 3.37796e-07 1.50557e-06 3.94402e-06 1.38362e-06 2.84305e-06 1.06906e-05 3.54595e-06
0.737737 0.114078 0.0107103 0.0544368 0.00719555 0.00361244 0.00867662 0.0119546 0.017822 0.00304513 0.00849379 0.00447518 0.00373168 0.00559104 0.00130017 0.00351633 1.30031e-05 0.00116514 0.000184234 0.00122654 0.000241059 9.36867e-05 8.63819e-05 4.72948e-05 8.53583e-05
0.744561 0.0950598 0.0112532 0.0564179 0.022291 0.00987634 0.00966207 0.00748056 0.00417719 0.00246453 0.00253517 0.012872 0.00189349 0.0125698 0.00184149 0.00369273 0.000164296 0.000410795 0.000143631 6.52434e-05 0.00011126 0.000153837 5.03987e-05 4.81171e-05 6.37513e-05 4.94731e-06 3.83013e-05 6.43924e-06 3.42146e-06 5.47934e-06 5.94874e-06 1.48326e-05 1.32501e-05
0.797027 0.0123709 0.108089 0.000902411 0.0116761 0.00487963 0.0247929 0.00260366 0.00852074 0.00509616 0.00284184 0.00742555 0.00123717 0.00736674 0.00193165 0.00148414 2.93997e-05 0.000268032 0.000188427 0.00017191 0.000574314 3.94059e-05 1.44815e-05 0.000165963 2.3446e-05 6.90408e-05 2.33207e-05 2.87187e-05 5.70069e-06 7.80991e-05 3.28523e-05
0.703548 0.013746 0.0450545 0.108433 0.0228355 0.0100593 0.000692953 0.00760182 0.051655 0.00236599 0.0122076 0.00442597 0.00885732 0.000578467 0.00122088 0.00209147 0.000118053 0.00107483 0.00140037 0.000201455 0.000154014 0.000843073 3.75359e-05 0.000218778 8.57011e-05 4.2068e-05 7.14469e-05 0.000134812 6.95449e-06 1.05967e-05 6.33084e-05 3.11183e-06 1.56453e-05 3.18935e-05
0.778258 0.100384 0.00702473 0.0132621 0.00470212 0.0109976 0.0189441 0.0266512 0.00539415 0.00447222 0.00738673 0.00566118 0.00136127 0.00368344 0.00681158 0.00204266 0.000529943 0.000734738 0.00087624 0.000525879
0.741178 0.0419461 0.0168714 0.130446 0.00239487 0.0155344 0.00604674 0.008865 0.00267964 0.00751029 0.00940556 0.0086681 0.00307146 0.00164513 0.0022257 0.000657214 0.000167991 4.51464e-05 3.57842e-05 0.000116215
0.706814 0.00377098 0.0375601 0.0937154 0.00409201 0.00587182 0.0448946 0.00680691 0.0113507 0.0200667 0.00702102 0.0110744 0.0145995 0.00384551 0.00488095 0.00154149 0.00627892 0.000348355 0.00445278 0.00317405 0.00197937 9.5919e-05 3.83958e-06 0.00110523 0.000820683 8.4813e-05 0.000507805 0.000328957 0.00203486 0.000235503 8.00282e-05 0.000136356 0.000118128 4.05575e-07 2.38137e-06 0.00013648 7.07132e-05 1.1713e-06 4.90743e-05 2.5621e-06 1.46028e-05 4.382e-06 5.59461e-06 1.98165e-06 2.90911e-06 1.04811e-07 8.52311e-07 2.4925e-06 6.86304e-07 3.28583e-06 2.6705e-06
0.741811 0.115676 0.00684492 0.0477007 0.0087173 0.00586462 0.00619585 0.0197583 0.00745531 0.00759868 0.00948455 0.00488386 0.0035159 0.00354015 0.00640549 0.000686007 0.000792074 4.81833e-05 0.000873023 9.42432e-05 0.000190029 0.000397006 0.000253653 9.77553e-05 0.000721212 0.000162566 0.000101516 2.74019e-05 2.4848e-05
0.758292 0.124724 0.0315708 0.0211524 0.0167228 0.00490715 0.00245922 0.00495575 0.0032611 0.0059978 0.00238546 0.00800307 0.000743652 0.00228106 0.00120412 0.00264677 0.00475694 0.000811871 0.000866086 0.000385571 0.000865966 0.000357795 0.000313385 1.87503e-06 4.32559e-05 2.67836e-05 5.59509e-05 8.88427e-05 1.76769e-05 1.2006e-06 2.31881e-05
0.733356 0.0378768 0.0351264 0.00882865 0.103928 0.00333057 0.00905417 0.0260767 0.00672743 0.00616371 0.00640309 0.00121945 0.00760022 0.0028064 0.00534887 0.00244782 1.2706e-05 0.00224856 0.000166861 1.80042e-05 5.99521e-05 8.21649e-08 0.000610175 0.0003216 5.84786e-05
0.107307 0.774049 0.00680785 0.040525 0.00747793 0.0118245 0.0054036 0.00386828 0.0126319 0.00514461 0.00440668 0.00309044 0.00202741 0.00958529 0.00195556 0.000884658 0.000201227 0.000522289 0.000219537 0.000193376 0.0006629 0.000395224 0.000170772 4.40629e-05 0.000242568 8.98637e-05 2.41157e-05 0.00012272 1.06225e-05 4.22456e-05
0.710699 0.0746999 0.00526991 0.108734 0.0303284 0.00883648 0.00720406 0.00980179 0.0138442 0.00695056 0.0017454 0.0041893 0.00170476 0.00404757 0.00357526 0.00112934 0.00124961 0.000488884 0.00146157 0.00125021 0.000291187 1.6679e-05 0.00110576 0.000189316 0.000304188 8.32129e-05 9.19921e-06 0.000323363
0.715168 0.028554 0.0276317 0.130383 0.0301749 0.00818938 0.0141025 0.00904276 0.00100593 0.00353109 0.012857 0.00176899 0.00218551 0.00429921 0.00460623 0.00366145 0.00117896 0.000173926 4.83155e-05 2.69064e-05 0.000230203 0.00014741 0.000388951 6.85979e-05 1.45552e-05 0.00029579
0.757391 0.114004 0.0299085 0.00865373 0.0349794 0.011813 0.00119366 0.00440558 0.00729739 0.00277805 0.00702444 0.00242692 0.00511158 0.00115678 0.00493728 0.00186779 0.00136466 0.00052713 7.35807e-05 0.000319092 0.000193348 0.000126883 0.00115059 6.45558e-06 0.000286414 0.00043566 4.01719e-05 5.27949e-05 0.000155723 9.68046e-05 0.000129191 5.18393e-06 1.52021e-05 3.6371e-06 5.3204e-06 7.12374e-06 1.82038e-05 1.58373e-05 3.13525e-06 4.98033e-06 1.96004e-06 2.46318e-06 1.60423e-06 3.9051e-06 7.94542e-07 3.52114e-08 3.9686e-08 4.58151e-07 5.04492e-07
0.678759 0.0181976 0.0707634 0.101606 0.0291735 0.0104272 0.0253127 0.0104593 0.00567116 0.0213808 0.00736787 0.00519602 0.00446483 0.00170064 0.00284979 0.000646122 0.000923624 0.000546739 0.00133096 0.00148876 0.000473658 0.00022902 0.000281097 0.000432633 7.78751e-06 0.000154301 5.40014e-06 2.11108e-05 1.91066e-05 3.85709e-05 3.99692e-06 2.99959e-05 3.54677e-06 1.52033e-05
0.739749 0.00623559 0.120871 0.0413296 0.00416798 0.00960162 0.0107331 0.0220601 0.00959525 0.00276087 0.00680137 0.00737622 0.000324221 0.0010753 0.00257048 0.00816267 0.00163547 0.000285533 2.04625e-05 0.00179852 0.000182472 0.000227672 0.000287393 0.000380701 6.51955e-05 0.000455331 0.000352528 3.08916e-05 0.000169038 0.000200755 9.52976e-05 7.58641e-05 0.00010216 1.30512e-05 7.76896e-06 1.62813e-06 6.87465e-06 5.49446e-05 7.17555e-05 1.02009e-05 2.18283e-05 2.22349e-06 3.76108e-06 2.41958e-06 1.21807e-07 4.13964e-07 7.20719e-06 5.01672e-06 5.95514e-06
0.790831 0.0832231 0.0165527 0.0174742 0.00630828 0.00953321 0.00244275 0.0162267 0.00646276 0.0129519 0.00225163 0.00398376 0.0172042 0.00295055 0.0042789 0.00163972 0.00015202 0.000690787 0.00135957 0.000745205 8.79317e-05 0.000431237 0.00130338 2.29413e-05 4.58873e-05 0.00029925 0.000109145 4.44084e-05 0.000292424 1.53022e-05 2.70871e-07 1.89082e-05 2.36556e-05
0.73993 0.0313538 0.014115 0.00170902 0.107877 0.00759089 0.00957058 0.00142092 0.0311409 0.00545013 0.00938898 0.00928091 0.00524309 0.0059825 0.00359863 0.0086371 0.000152877 0.00199946 0.00204175 0.000948251 0.000643301 0.000614278 0.000447344 0.000133417 0.000293151 6.92877e-05 0.000118126 0.000144662
0.729415 0.0958751 0.0173505 0.00920372 0.00505231 0.0566436 0.0255809 0.000230844 0.00324172 0.00595301 0.0104479 0.00539361 0.010685 0.00306746 0.0105659 0.0012196 9.39524e-05 0.00251962 0.001878 0.00263974 0.000767726 0.00070414 0.000278567 2.4843e-05 0.000118776 2.45462e-05 0.00037258 3.93599e-05 3.52138e-05 0.000234551 0.000144821 4.9402e-05 5.53615e-05 6.75347e-07 2.33806e-05
0.767493 0.0258377 0.0704548 0.027257 0.0263545 0.0227325 0.0259827 0.00840341 0.00146412 0.00108789 0.00385006 0.00255869 0.00222773 0.00546763 0.000406692 0.00137317 0.00440803 0.000768617 0.000424844 0.000187663 0.000289015 0.00012782 0.000348024 0.000110557 1.58735e-05 2.32128e-05 8.8483e-05 9.46388e-06 3.95905e-06 0.000141745 1.29424e-05 2.60111e-05 7.80545e-07 1.81853e-05 1.47711e-06 2.06933e-06
0.0495799 0.726672 0.00283221 0.0339783 0.070839 0.0123495 0.0344179 0.0030403 0.0149054 0.0101493 0.0141288 0.000540245 0.00383033 0.00611182 0.00531923 0.0048438 0.000154019 0.00157115 0.000502571 0.000513558 0.00258705 0.000314412 0.000425644 1.42765e-05 9.18673e-05 1.53935e-05 5.07882e-05 1.17016e-05 6.37229e-05 2.51835e-05 2.51677e-05 2.35715e-05 8.6143e-06 1.21357e-05
0.749941 0.0253193 0.028263 0.101605 0.0105666 0.00732708 0.00704045 0.0144135 0.00419692 0.0174365 0.00161424 0.00172014 0.00570639 0.0126161 0.00854879 0.00134253 2.31212e-05 0.000474547 0.000262139 0.000626439 0.000158531 0.00023115 0.00029228 5.27285e-05
0.755188 0.119624 0.030876 0.0047611 0.0122425 0.0168813 0.0230698 0.00116015 0.00551447 0.00607289 0.00358211 0.00564134 0.00464242 0.00424932 0.00308986 0.00212216 0.000177875 0.000237616 8.02906e-05 7.45185e-05 3.4444e-05 2.23174e-05 0.000281646
0.754806 0.0701247 0.0352362 0.00990217 0.00616795 0.0455036 0.00755358 0.0113866 0.0134835 0.00992334 0.0138011 0.00392981 0.00197707 0.000547009 0.00324339 0.00865368 0.000244182 0.00144965 0.000703999 0.000648706 4.00865e-05 7.60005e-05 6.71357e-05 0.000114383 0.000105126 9.04758e-05 5.61811e-05 6.6321e-05 3.74867e-05 6.6288e-07 2.37613e-05 4.77431e-07 1.38105e-05 4.60538e-06
0.714814 0.0368149 0.0218547 0.0359585 0.013939 0.00392845 0.00582005 0.00481135 0.0945884 0.014988 0.00439045 0.012361 0.0104383 0.00259519 0.00374885 0.0141886 0.000902401 0.000361663 0.000321014 0.00204094 0.000325093 0.000350945 0.00015226 0.000160737
0.745592 0.0166039 0.0314705 0.0254033 0.0923575 0.0168421 0.0123036 0.00453164 0.00425934 0.00884079 0.00811781 0.00158877 0.00854997 0.00132279 0.00486016 0.0116433 0.000575963 0.000165155 0.000433373 0.00157166 0.000204972 0.00186588 0.000130028 4.15401e-05 0.00019437 0.000135184 5.35591e-05 1.59334e-05 8.7362e-05 3.8835e-05 4.6771e-05 5.21847e-05
0.742001 0.0108105 0.0709374 0.0616634 0.0150146 0.0183109 0.0135685 0.00819295 0.00849165 0.00257577 0.00500502 0.017552 0.00522124 0.00307312 0.00345909 0.00855466 0.00178087 0.00205335 9.97777e-05 0.000659325 7.43775e-05 6.8418e-05 0.000439645
0.781991 0.0069719 0.0366878 0.0664497 0.0295494 0.00453566 0.00520798 0.00501863 0.00870787 0.0132747 0.0116916 0.00707413 0.00291807 0.00769159 0.00443115 0.00119895 0.00299501 0.000168357 0.00044541 0.00143442 0.00022896 0.000137605 5.68006e-05 0.000294788 2.53643e-05 5.61961e-05 0.000158906 3.78777e-05 1.1933e-05 0.000210468 0.000120549
0.737992 0.0919202 0.0395331 0.00812763 0.0295662 0.0425943 0.00148676 0.0129455 0.0039712 0.000466378 0.00595115 0.00415462 0.00169712 0.00850821 0.00368654 0.00426306 0.00032882 0.000818121 5.30593e-05 0.000274765 0.000149872 0.000349001 0.000109828 0.000220161 0.000169962 7.88145e-05 0.000130529 3.91502e-05 3.96133e-05 0.000203046
0.755972 0.0961194 0.0306831 0.02479 0.0142106 0.016603 0.00165013 0.00823418 0.00941676 0.00321823 0.0022698 0.0145068 0.00365634 0.00303804 0.00693838 0.00138507 0.00026248 0.00214363 0.00079779 3.36181e-05 0.00022522 0.00148592 1.88112e-05 1.78997e-05 0.000355029 0.000341279 0.000199469 9.30982e-05 4.69586e-05 0.000476433 0.000160467 9.78e-05 7.67706e-05 0.000103971 1.66266e-06 2.29073e-06 0.00013911 4.30375e-05 2.49154e-05 8.56668e-05 4.43392e-05
0.765552 0.0151035 0.00298739 0.0109306 0.034895 0.0927921 0.00621228 0.0140644 0.00503142 0.00365535 0.00708312 0.0115308 0.0037571 0.00713065 0.00163882 0.0129287 0.000329715 1.61332e-05 0.000789191 0.000402046 0.00107406 0.00081179 0.000502641 5.44821e-05 3.19591e-05 7.39576e-05 8.03202e-05 0.00025241 3.12081e-05 6.52024e-05
0.753185 0.0138549 0.0984635 0.0484438 0.0276714 0.0090397 0.0065214 0.00394425 0.00875339 0.00496511 0.00332666 0.00575821 0.00474013 0.00657488 0.0020033 0.00191612 2.71468e-05 2.68363e-05 0.000235467
0.742634 0.0227127 0.12274 0.0324634 0.00438728 0.0290058 0.00415773 0.00229066 0.00952328 0.00644094 0.00956123 0.00419697 0.0011654 0.00193348 0.00341052 0.000995072 0.000294838 8.04728e-05 0.000569954 0.000417133 0.000472224
0.732795 0.0939676 0.0385217 0.0126389 0.0238848 0.0020112 0.0192183 0.00730124 0.00665538 0.0142881 0.0173071 0.00747137 0.00387587 0.00212173 0.00711712 0.00621799 0.000263197 0.000588555 0.00124664 0.000236217 0.000211479 0.000170862 2.85496e-05 0.000547847 0.000491755 0.000357639 3.70411e-05 7.74133e-06 6.98846e-05 0.000199226
0.726644 0.0228465 0.0373572 0.116298 0.0272648 0.00614049 0.0104278 0.0126922 0.00268029 0.00993295 0.000439218 0.00297914 0.00384213 0.00387745 0.00714356 0.00811048 0.000168919 0.000528117 3.31364e-05 0.000306688 2.72369e-05 3.90526e-07 1.72311e-06 1.30983e-05 0.000102635 4.92995e-06 3.38093e-05 6.19022e-05 1.08708e-05 9.44077e-07 8.24686e-06 6.07929e-06 3.02442e-06 3.84446e-06 1.02008e-06 9.48398e-07 1.449e-06
0.744372 0.119661 0.00907382 0.011769 0.0483593 0.0114653 0.0068779 0.00658357 0.00228746 0.00479863 0.00232997 0.0130538 0.00596182 0.00299707 0.00230366 0.00249361 0.000268733 0.00157673 0.0023116 0.000436606 0.000407263 0.00018917 2.21542e-05 5.79172e-05 7.69404e-05 9.82585e-05 2.851e-05 5.53794e-05 2.76177e-05 1.01252e-06 7.84251e-06 1.26501e-06 2.05237e-06 3.49947e-06 1.42629e-05 1.79613e-07 4.47547e-06 8.62014e-06 2.06184e-06 1.12055e-07 8.77892e-07 2.71033e-06
0.720962 0.0045353 0.125343 0.0270062 0.0195239 0.0270692 0.0285951 0.00755314 0.00775005 0.00653616 0.00453655 0.00218254 0.000987023 0.00635518 0.00241477 0.00316976 0.00183512 0.000322746 0.000475187 0.000294641 0.000516456 0.000167988 0.000212778 8.03986e-05 0.000142623 0.000612835 0.000282857 0.000179305 0.000147729
0.75633 0.0849361 0.0311154 0.0546126 0.00983972 0.00542493 0.00941023 0.00722281 0.00541737 0.0057016 0.0003578 0.0123691 0.00532204 0.00266322 0.00609756 0.000714028 1.19001e-05 0.000207508 0.00101624 9.8533e-05 0.000169058 0.000183461 1.58983e-05 5.47132e-05 8.82151e-05 0.000111352 0.000144564 5.2878e-05 2.95183e-06 4.67417e-05 5.10668e-06 0.000108105 1.71913e-05 2.66886e-06 4.59558e-07 2.26907e-05 3.62596e-06 1.61078e-07 2.62531e-05 8.07514e-06
0.791461 0.00869608 0.00408592 0.0864097 0.0102105 0.00171235 0.0386612 0.00275888 0.0113545 0.00171889 0.0135 0.00281435 0.00691323 0.00482997 0.00589405 0.00233147 0.00015901 0.000452879 0.00467966 4.56183e-05 0.000244639 1.74043e-05 5.03117e-05 9.77992e-06 5.42417e-05 4.39873e-05 0.000541384 7.23647e-06 5.35698e-06 4.72674e-05 0.000105058
0.740163 0.00508881 0.099146 0.0128707 0.060692 0.00998018 0.00371922 0.0112062 0.0208623 0.00350347 0.0140669 0.00175822 0.000413997 0.00421521 0.00154815 0.00349035 0.00101391 0.00118879 0.000112178 0.000298764 1.34949e-05 0.00111328 0.00248866 0.000272087 1.3036e-05 0.000184911 0.000313636 7.32964e-05 1.8596e-05 5.69893e-05
0.746522 0.00523639 0.127431 0.00475886 0.00476845 0.0026738 0.0116433 0.0254615 0.0322197 0.00635106 0.00567009 0.00508736 0.00436482 0.00356759 0.00492653 0.00376267 0.00085405 0.000586698 0.00154448 0.000512594 0.00163106 4.76328e-05 3.53546e-05 0.000200061 5.10975e-07 4.48512e-05 2.24234e-05 1.4693e-05 7.34322e-06 9.33617e-06 1.70981e-05 9.96769e-06 1.25748e-06 6.59497e-06
0.754971 0.0125882 0.0279695 0.104707 0.0330448 0.00429567 0.0207636 0.00167936 0.00869558 0.0129172 0.00338076 0.00734923 0.00119285 0.00109458 0.0015083 0.00160036 0.000703899 8.7187e-05 0.000131192 0.000163438 2.70088e-05 7.02937e-05 0.000477789 9.68615e-05 0.000207821 3.13596e-05 2.59193e-05 9.83578e-06 6.94659e-06
0.73601 0.109097 0.00805597 0.0347836 0.0116899 0.00975897 0.00169443 0.0385857 0.006843 0.0123142 0.0032366 0.0107502 0.00330797 0.00348345 0.00198841 0.00408107 0.00135393 0.000641655 0.000310369 4.82245e-06 0.000625374 0.000135195 0.000310336 0.000334111
0.742276 0.0325915 0.031897 0.00609318 0.0120587 0.0923407 0.00484363 0.00677312 0.00459797 0.00437343 0.0293014 0.0017566 0.00357776 0.00726679 0.00381129 0.00815308 0.00269168 0.00128942 0.00101993 0.000330147 0.00041504 0.000949466 0.000250691 8.25371e-05 0.000190452 0.000193299 6.18507e-05 0.000120712 5.03461e-05 5.68745e-07 0.000492591
0.741419 0.0958572 0.0355965 0.0108571 0.0195117 0.00770358 0.00670624 0.00559925 0.0036406 0.0198407 0.0127792 0.00189765 0.0067352 0.00820313 0.00165158 0.00543863 0.00348802 0.000495998 0.00178502 0.00268467 0.00246354 0.00131101 0.00133582 0.000211565 0.000799571 8.86178e-05 0.000277036 0.000190808 8.82988e-05 0.00069991 4.54564e-06 0.000196758 0.000194231 0.000100952 2.4632e-05 2.03389e-05 4.19374e-05 1.35496e-05 2.0537e-05 1.42117e-05 1.24644e-06 3.67927e-06 1.73215e-06 1.78342e-06 1.47994e-07 2.41325e-06
0.725502 0.0280508 0.0767153 0.0112676 0.0318485 0.0220067 0.00324357 0.00815411 0.0270503 0.0182311 0.0289938 0.00632059 0.0018572 0.00055489 0.00396829 0.00197155 0.000476464 0.000698641 5.54974e-05 4.76319e-05 0.00180992 0.000140528 1.46218e-05 0.000224788 0.000495702 9.79119e-05 5.7576e-05 3.04327e-06 9.49749e-07 1.38316e-06 1.82399e-05 4.33193e-05 5.93951e-06 9.46834e-06 1.90039e-05 6.60829e-06 5.56075e-06 1.60527e-05
0.732285 0.10189 0.0149052 0.0232291 0.0276655 0.00182238 0.0211841 0.0255922 0.00645578 0.00433877 0.00253551 0.019854 0.00405341 0.00315331 0.00190405 0.00288104 0.00101916 0.000823296 0.000185756 0.000946437 0.000534378 0.000361486 0.00136569 6.17398e-05 0.000264592 7.9334e-05 0.000165606 5.77249e-05 4.6766e-07 9.79156e-05 4.07955e-05 3.64308e-06 1.06428e-05 8.86022e-05 6.22129e-06 3.48603e-05 2.05648e-05 3.07057e-05
0.711935 0.101328 0.0626131 0.0130782 0.0296029 0.0175739 0.0046894 0.00173323 0.0171035 0.00261987 0.0207993 0.00807493 0.00200945 0.0036614 0.00133194 0.000389081 0.000229112 0.000666212 0.000232093 9.46625e-05 3.88609e-05 0.000103406
0.724421 0.133021 0.0317901 0.0340731 0.00458393 0.0122436 0.007979 0.00616829 0.00483964 0.0122107 0.000830856 0.00465857 0.0044588 0.00467713 0.00299467 0.00398429 0.000986161 0.000512988 4.59581e-05 0.00104989 0.0014329 0.000743249 4.89293e-05 0.000389868 0.000120345 2.09849e-05 0.000386256 0.000549323 0.000296025 0.000225746 8.85733e-06 0.00012451
0.748275 0.103505 0.0669507 0.0151402 0.0198035 0.00107279 0.0098265 0.00465932 0.00571193 0.00482707 0.00568909 0.000209762 0.00172537 0.00398966 0.0026783 0.00304237 0.000634186 2.10184e-05 0.000240021 0.000109405 1.54457e-05 0.00078342 0.000307182 0.000107878 0.000156629 2.37394e-05 0.000148915 6.0957e-05 8.14927e-05 2.9039e-05 2.02689e-05 8.21276e-06 9.91868e-07 4.51917e-05
0.727002 0.0541067 0.121591 0.00289965 0.00821465 0.00897354 0.0088121 0.00274977 0.0109949 0.0203874 0.00605133 0.0032014 0.00237933 0.00339619 0.00583402 0.00357723 4.17835e-05 0.00212076 0.00221725 0.000372421 0.000402956 0.00101634 0.00157263 3.43853e-05 0.000853629 0.000263042 0.000256004 0.000454233 4.38384e-05
0.725739 0.102181 0.0198884 0.010585 0.0312744 0.0337336 0.0167087 0.0183646 0.00221984 0.0157596 0.00624704 0.00246373 0.00163868 0.00284397 0.0036102 0.00205013 0.00018458 0.000247318 2.75256e-05 0.000268367 0.000896592 8.63647e-05 0.000411769 0.00102733 0.00012515 0.00112972 1.61123e-05 2.47425e-05 5.21954e-05 2.37353e-05 4.37708e-05 9.77147e-06 1.09651e-05 4.18184e-05 2.2265e-06 1.83194e-05 1.0705e-05 1.09013e-06 3.64302e-06 2.94935e-06 1.65817e-05
0.013264 0.776926 0.0161324 0.105813 0.025372 0.00441287 0.0126753 0.00628755 0.00305556 0.00567166 0.0128501 0.00103332 0.00708508 0.00399907 0.00075044 0.0019949 0.00088943 0.000270962 0.000768099 0.000266318 9.31856e-05 7.30919e-05 0.000167836 6.2234e-06 3.21942e-05 4.22109e-06 4.79841e-06 1.84663e-05 9.23444e-07 1.16017e-05 1.64313e-06 3.73908e-06 5.83708e-06 9.37205e-06 7.86804e-06
0.0345297 0.74567 0.0966125 0.0481671 0.00913207 0.00801807 0.00815333 0.0106139 0.00552021 0.00468262 0.00145178 0.0121943 0.00215595 0.00378143 0.00197006 0.00156811 3.14638e-05 0.00051521 0.000857348 0.000970058 0.000498534 6.88791e-05 0.000595283 2.21689e-05 0.00017079 0.000280956 0.000225954 0.000206684 8.24711e-05 0.000252302 0.000417587 0.000139754 1.15885e-05 0.000136875 2.36425e-05 3.83454e-05 3.31743e-05 6.55048e-05 4.78602e-05 3.26147e-05 1.29237e-05 6.75796e-06 3.3309e-06
0.738491 0.111649 0.0128283 0.00721787 0.00417468 0.0461729 0.00702388 0.0211706 0.00580336 0.0171954 0.00629583 0.00471285 0.00340792 0.00292838 0.00202276 0.00668404 0.00122465 0.000267294 9.12523e-06 0.000382159
0.0875789 0.764181 0.00781726 0.0142728 0.0375527 0.0248435 0.00614082 0.009242 0.00426432 0.00679861 0.00212148 0.00506381 0.0027983 0.0059366 0.00762001 0.00217835 0.00040721 0.00204631 0.00206867 0.0022629 0.000164372 0.0011356 0.00125529 0.000805361 0.0004493 8.82607e-05 0.000338088 0.000148764 0.00023829 3.94142e-05 2.17756e-05 1.11389e-05 1.2199e-05 2.69352e-05 1.45354e-05 1.29723e-05 7.57594e-06 2.03723e-05
0.796386 0.0337524 0.0945292 0.00357329 0.0103568 0.00890571 0.00252273 0.00547748 0.00583551 0.00270715 0.00470807 0.00462394 0.00556422 0.0065526 0.00593234 0.00374411 0.000656362 0.000893363 0.000577413 0.000565026 0.00058291 0.00027529 0.000231355 0.000267442 0.000154204 0.000127734 0.000156092 1.83606e-05
0.741155 0.0996108 0.0541718 0.0070201 0.00265609 0.0193623 0.0131096 0.00204283 0.00479527 0.0214188 0.00262243 0.0018121 0.012925 0.00550062 0.00624659 0.00178876 0.000843638 7.63588e-07 6.99743e-06 0.00173699 1.75933e-05 8.82887e-05 0.000487077 0.000140715 2.44913e-06 0.000188183 2.19614e-05 4.8871e-05 1.65605e-05 4.65989e-05
0.763737 0.00350333 0.00150172 0.0306851 0.0973122 0.0338378 0.00980701 0.0189773 0.00160518 0.00833857 0.000715259 0.00821507 0.00746774 0.00309033 0.00371355 0.00190785 0.00399342 0.000652339 0.000204652 0.000178618 6.88412e-05 0.000267102 0.000188471 1.02773e-05 3.29099e-08 6.69061e-07 3.93506e-07 8.4629e-06 8.87884e-07 4.11548e-06
0.704351 0.131141 0.00440438 0.00517698 0.0567666 0.00927494 0.0175569 0.00816015 0.0109255 0.0109029 0.0162991 0.00460942 0.00173527 0.000400192 0.00131416 0.0107894 0.000193756 0.000554333 0.000850049 0.000452716 0.000940265 4.06267e-05 0.000356215 0.000135901 0.00214961 2.93658e-05 1.39171e-05 6.6971e-06 0.000131808 4.13214e-05 9.43722e-06 6.85374e-05 4.5331e-05 9.57491e-05 1.49888e-05 1.70972e-05 8.28905e-07 2.69162e-05 1.07946e-06 1.6811e-06 2.46285e-06 4.93208e-07 3.77353e-06
0.706292 0.0802092 0.0310674 0.0901373 0.0102984 0.0118087 0.00371289 0.00553982 0.0134758 0.000597441 0.00294141 0.000310261 0.00679827 0.0106295 0.00214061 0.0145195 0.00561798 0.000403646 5.37196e-06 0.000399451 0.000255843 0.000914575 0.00054107 0.000165764 5.47847e-05 7.63836e-06 3.45494e-05 0.000144187 8.75831e-05 0.000130168 0.000170967 0.000106453 0.000105405 1.02346e-05 6.01619e-05 0.000103564 0.000112064
0.742536 0.0617463 0.0772017 0.0123932 0.025073 0.000384187 0.0113757 0.00739054 0.00145929 0.0104195 0.00598157 0.00848262 0.00628601 0.00847792 0.00815068 0.00303194 0.00115577 0.000707186 0.0032283 0.0024607 0.00034388 1.97462e-05 0.000336516 0.000786823 8.55099e-05 2.15596e-05 5.187e-05 9.10095e-05 4.32991e-05 2.63945e-05 4.7866e-05 5.52829e-06 9.8888e-06 5.98674e-05 2.86345e-06 4.63796e-05 2.62179e-05 1.03624e-05 1.54461e-05
0.794739 0.0066868 0.0220294 0.0265609 0.0966113 0.00746555 0.00479663 0.00885592 0.00217256 0.00257384 0.00484827 0.00395156 0.0105606 0.00350609 0.000721093 0.000420867 0.000209274 9.96348e-05 0.000303022 0.000587561 9.63748e-05 0.000183272 0.00102868 0.000100578 0.000128882 0.000101821 6.65982e-05 0.000117363 0.000191517 0.000171409 3.82842e-05 2.31368e-06 1.8274e-05 2.17379e-06 9.67689e-06 6.30269e-06 1.79502e-06 1.67615e-05 5.91657e-07 2.2349e-06 4.25752e-06 1.48611e-06 7.06013e-07 3.47113e-06 3.24612e-08 4.0691e-06
0.740335 0.0940379 0.0381381 0.0180051 0.0410629 0.00906651 0.0015821 0.0141619 0.00826339 0.00293735 0.000359359 0.0102791 0.00399053 0.00768585 0.00401103 0.0035618 3.57621e-05 0.00014833 0.000408839 0.00108914 0.000207832 9.59751e-06 5.59243e-05 0.000133051 4.33498e-05 6.10384e-05 0.000218539
0.793861 0.00307888 0.0948593 0.0233014 0.000919798 0.00303698 0.0184959 0.00820003 0.0140824 0.0106698 0.00565613 0.00553055 0.0039147 0.00373615 0.00353794 0.00393396 0.000919821 0.000642636 0.000216201 0.000391629 4.25546e-05 0.000374181 0.000235242 2.84231e-06 0.000107935 4.92383e-06 0.000125422 2.51251e-05 9.49883e-06 4.77266e-05 1.77406e-05
0.722874 0.0279831 0.00386858 0.0186867 0.00450653 0.10139 0.00727852 0.0305849 0.00791992 0.0344218 0.0176994 0.00416189 0.00230142 0.000884473 0.0061072 0.00410598 0.000772954 0.00064088 0.000332373 0.000360264 0.000278083 0.00013067 0.000613511 2.66866e-05 9.51149e-06 0.00116351 0.000386276 9.29013e-05 0.000184838 8.11272e-06 4.49335e-05 6.67035e-05 1.27254e-06 2.49066e-05 3.02911e-05 3.62038e-05
0.722356 0.0939616 0.0235228 0.0658185 0.0244248 0.00732294 0.00267176 0.00673025 0.00349025 0.00425613 0.00893554 0.00338506 0.00832321 0.00714386 0.00183021 0.0114734 0.00185091 0.000814421 4.76803e-05 9.36074e-05 0.000438344 0.000142833 9.7259e-05 0.000344671 5.35975e-05 9.43524e-05 0.000130016 0.000137871
0.752833 0.0343481 0.0965868 0.0466966 0.00893957 0.00219166 0.012705 0.00627331 0.00473258 0.00495283 0.00346704 0.00310192 0.00656437 0.00631071 0.00245868 0.00190913 0.00140942 0.000713581 0.00186051 0.00011663 0.000364699 6.63519e-05 7.20906e-05 0.000255663 2.91828e-05 0.000366028 7.35702e-05 6.43496e-05 3.31073e-05 1.64536e-05 0.000146064 4.01052e-05 8.49652e-06 1.85159e-05 4.9713e-05 2.68442e-05 2.04289e-05 7.23123e-05 6.8308e-06 2.67796e-06 8.01076e-06 7.3873e-06 7.85348e-06 1.94104e-06 3.68957e-05
0.774386 0.0896523 0.0357752 0.00716115 0.0161378 0.0079979 0.0213238 0.0106008 0.00738756 0.00272053 0.00687209 0.00457458 0.00588596 0.00370155 0.00053188 0.00162199 3.1108e-05 0.000683011 0.000132476 0.00127859 0.000206273 0.000577304 0.000193308 4.10006e-05 6.32194e-05 2.65007e-05 0.00014979 2.25844e-05 4.27965e-05 3.13722e-06 0.000163264
0.734389 0.00805353 0.121045 0.0182668 0.0429625 0.00253244 0.00712611 0.0213328 0.00689697 0.00404077 0.00824938 0.00435551 0.00203778 0.00183976 0.00437878 0.00475837 0.00108672 0.00163021 0.00187458 0.00160173 0.000491703 0.000110447 2.15154e-05 9.89734e-06 0.000210723 0.000498296 7.09712e-05 2.85738e-05 3.51448e-05
0.724883 0.0471437 0.0895667 0.0253926 0.00590264 0.00352525 0.0098678 0.0163142 0.0173408 0.026163 0.0119114 0.00467493 0.00163131 0.00400391 0.00225693 0.00395039 0.000953613 0.000734011 0.000477267 0.000211316 0.000919096 0.000495856 4.20656e-05 0.000130522 0.000208217 0.000138017 0.000417824 2.37154e-05 9.05776e-06 0.000119759 0.000147857
0.715851 0.135237 0.0226589 0.00410353 0.0204715 0.0121771 0.00814549 0.00659935 0.0177113 0.00649 0.00628922 0.0025837 0.0128458 0.0115917 0.00478452 0.00147956 0.00105519 0.00512255 0.00163983 0.000815877 0.000401426 1.98078e-05 0.000270556 0.000493824 0.000214975 6.59178e-05 4.06873e-05 0.000105608 7.99277e-05 4.77595e-05 0.000111374 0.000226089 4.22767e-06 1.06428e-05 2.15022e-05 2.49809e-05 8.53602e-06 1.88945e-05 4.57977e-05
0.754452 0.036584 0.00831355 0.0909217 0.0030067 0.0068908 0.00275156 0.012394 0.0266507 0.00397165 0.00106566 0.0141637 0.00576005 0.00321911 0.0177663 0.0085363 0.000513425 0.000148385 0.000129 0.00101445 0.00034525 9.04746e-06 5.59071e-05 0.000255561 9.46103e-05 0.000151774 0.000236278 0.000412767 1.10308e-05 0.000103585 1.71041e-05 7.63491e-07 1.70333e-06 1.03741e-05
0.760245 0.0982055 0.0406146 0.00468634 0.000780301 0.0131013 0.0215226 0.00375916 0.00740717 0.00535934 0.019707 0.00539637 0.000661104 0.00384781 0.00267737 0.00259066 0.000866705 0.000204537 0.00444582 0.000663351 0.00170177 0.00011961 0.000499571 0.000367817 2.47761e-05 0.000174971 9.90187e-05 5.33007e-05 6.02312e-05 9.36433e-06 4.66394e-05
0.731881 0.110944 0.0064341 0.00453647 0.00443683 0.0253493 0.000610134 0.018914 0.00751078 0.0199049 0.00571432 0.0261852 0.00970018 0.00938804 0.0046193 0.0023248 0.00135461 0.00541748 0.00119777 0.000600889 0.00028684 0.000458137 0.000238097 0.00055913 0.000582186 3.75966e-05 2.28429e-05 3.92755e-05 3.63137e-05 5.84154e-05 0.000221304 0.00014965 7.50559e-05 0.000109016 1.2001e-05 4.13292e-06 3.70773e-06 3.55145e-05 8.10737e-06 1.427e-05
0.724412 0.107223 0.011487 0.00619981 0.0219825 0.00576284 0.0463557 0.0121068 0.00565182 0.0106849 0.0132172 0.00399988 0.00309437 0.00434913 0.0123633 0.00432252 0.00160996 0.00026779 0.00142591 0.000507419 4.06931e-05 0.000203734 6.36387e-05 0.000389075 0.00051183 0.000395768 0.000443811 9.95148e-05
0.73644 0.126903 0.00834732 0.0318199 0.0142447 0.0033261 0.0209848 0.0141422 0.0134001 0.00177791 0.00387813 0.00612597 0.0045227 0.000576574 0.00301454 0.00272204 0.00134598 0.00111967 0.000909465 0.000377275 0.00118211 0.000571868 0.000845045 1.56425e-05 4.94734e-05 0.000182369 5.38233e-05 7.40262e-05 4.35708e-05 7.79509e-05 0.000285795 0.00018639 1.93425e-06 0.000101988 4.81888e-05 1.41678e-05 6.69409e-06 2.56567e-05 9.12019e-06 3.41444e-05 1.12402e-05 1.99799e-05 6.24658e-05 2.52276e-05 5.16317e-06 3.00809e-05 8.39384e-06 1.23685e-05 1.69537e-05
0.809884 0.0800235 0.00726346 0.0326951 0.00654065 0.00706772 0.00576549 0.00897863 0.00221429 0.00900969 0.00819824 0.00464965 0.00867496 0.000831671 0.00127398 0.00376548 0.00143074 9.89747e-05 1.49404e-05 0.0004631 0.000319619 6.1571e-05 4.56354e-05 0.000362176 9.97164e-05 2.02401e-05 2.27607e-05 9.82564e-05
0.757495 0.0317855 0.0981055 0.00538018 0.0258609 0.0120578 0.00364262 0.0113937 0.010751 0.00840958 0.00447285 0.0028358 0.00269149 0.00388575 0.0119342 0.000624238 0.000337551 0.00122991 0.00136771 0.000527039 0.000911796 0.00362311 0.000367333 8.06724e-05 1.85553e-06 5.38766e-05 0.000124368
0.766821 0.0473334 0.0209946 0.0701023 0.00624787 0.00679004 0.0143785 0.0119347 0.00798093 0.00803113 0.00720081 0.00161384 0.00742492 0.00530637 0.00903855 0.00159518 0.000254765 0.0048856 0.000257543 0.000508737 7.26439e-06 0.000582662
0.747554 0.104629 0.0135467 0.0208843 0.00839135 0.0447447 0.00333591 0.0021701 0.015602 0.00898442 0.011368 0.000816299 0.00103269 0.00285152 0.00304657 0.00476581 0.000515715 0.000692949 0.000599249 0.00158958 0.000502868 0.000417125 0.000828699 9.28251e-05 4.04808e-06 2.80747e-05 1.76539e-05 0.00015996 0.00025136 0.000238881 4.49175e-05 9.22101e-05 1.42916e-05 1.91633e-05 1.20966e-05 3.89195e-05
0.718386 0.00348456 0.0885181 0.0562243 0.00265507 0.0415438 0.00520302 0.00723433 0.00256165 0.0208272 0.00955443 0.011263 0.00483756 0.0119272 0.00681926 0.00278379 5.58273e-05 0.00100859 0.000798851 0.00152425 0.000246928 0.000317509 7.5673e-05 0.000110663 0.000656733 3.02891e-05 0.000409208 0.000184554 0.000163652 3.83908e-05 0.000164815 3.18652e-05 8.35409e-05 9.18415e-05
0.759594 0.0860056 0.00731063 0.0329698 0.00524402 0.0131379 0.0186843 0.0130529 0.0192608 0.00659896 0.00129111 0.00414035 0.00595335 0.00787252 0.00299524 0.00730699 0.00088827 6.5831e-05 0.00178736 0.00312835 0.00028134 0.00047983 0.000451294 4.43888e-06 0.000300585 0.000185388 0.000163404 0.000157323 1.57189e-05 4.21368e-05 2.16238e-05 4.59973e-05 0.000300712
0.715038 0.0492069 0.114374 0.0172961 0.00899001 0.021324 0.013128 0.0147979 0.0110889 0.00950766 0.00153017 0.00819185 0.00121013 0.00251362 0.00511904 0.000534586 0.00312411 0.000247321 0.000467013 0.000407465 5.0996e-05 0.000262997 2.49232e-05 0.000182903 0.000261274 0.000361901 0.000365329 1.15953e-05 1.82368e-05 1.74909e-05 0.000169859
0.750153 0.0918489 0.0462257 0.00288199 0.0300038 0.0116706 0.00870478 0.00631727 0.00432419 0.00933468 0.00756129 0.00132767 0.00476614 0.00475814 0.00323982 0.00739859 0.000633968 0.00134945 0.000937829 2.10444e-05 0.00101642 0.00167549 0.000158318 0.000677789 0.000278978 0.000573026 0.000259604 2.29682e-05 0.000301744 0.000152672 0.000511546 6.73869e-05 0.000171967 6.66268e-05 8.17663e-05 0.000376628
0.760469 0.0957786 0.0464871 0.00628 0.0110264 0.0208387 0.0183485 0.00446644 0.00554347 0.00553084 0.00759137 0.000651568 0.00213827 0.00279476 0.00321755 0.00151428 8.47138e-05 0.00163981 0.00256284 0.00143158 2.50908e-05 5.5899e-05 0.000178855 0.000106449 8.23807e-07 0.000121166 0.00019973 0.000255782 2.17124e-05 3.6701e-05 6.80349e-05 7.60323e-05 9.2873e-05 1.89098e-05 0.000178283 4.71507e-05 4.51619e-06 3.23269e-05
0.744009 0.102666 0.0115344 0.00465947 0.0405502 0.0254765 0.00790291 0.00112058 0.00736025 0.00301074 0.0107307 0.0155248 0.0109901 0.00042011 0.00457305 0.00101169 0.00202632 2.38078e-05 0.000188369 0.00330573 0.00017438 6.46779e-05 0.000254532 0.000109543 0.000230484 0.000134169 0.000169769 0.000395727 0.000252526 0.000187072 8.89992e-05 0.000446478 2.97297e-05 0.000122127 2.60412e-05 2.94982e-05 1.06047e-05 7.6664e-05 6.66713e-06 1.79761e-05 9.36027e-06 6.93638e-06 2.96912e-05
0.692457 0.110371 0.0196513 0.00576461 0.0556077 0.00337432 0.0186482 0.00626112 0.00264853 0.023323 0.0172503 0.00595828 0.00211375 0.0116844 0.00891615 0.0023338 0.00233699 0.00166922 0.00163196 0.000190601 1.29798e-05 1.65189e-05 0.000254528 0.000303289 0.00265631 3.0769e-05 4.28914e-05 0.000612975 0.000147265 3.05527e-05 0.00139158 0.00113419 0.000164949 0.000150938 4.91474e-05 0.000336139 6.7822e-07 5.20549e-05 4.82842e-05 0.000178746
0.70081 0.0232655 0.0875042 0.0175155 0.0556685 0.018802 0.0166875 0.00488187 0.010806 0.00807304 0.0200545 0.0135645 0.0103227 0.00239311 0.0032726 0.00118627 0.000870681 0.000636543 0.00113427 0.000221478 0.000107776 0.000606537 0.000299091 0.000161426 0.000214488 0.000449705 4.51329e-05 3.96747e-05 7.12801e-05
0.729238 0.0547121 0.105527 0.00796177 0.00326374 0.0039291 0.0182464 0.0223453 0.00487773 0.00379778 0.0120579 0.0117751 0.00311358 0.00265628 0.00658185 0.00352303 8.92519e-05 0.00133532 0.000584217 0.000234845 0.000301517 0.000415942 0.000188298 0.000621555 0.000101815 0.000183855 0.000419558 0.000209653 0.000710614 0.000287036 0.000135486 0.000283022 0.00012363 2.25577e-05 3.591e-06 4.66742e-05 2.80992e-05 2.08095e-05 2.12762e-05
0.787263 0.100819 0.0315761 0.0113394 0.00476187 0.00906824 0.00582147 0.0060451 0.00127353 0.00461238 0.0206931 0.00486767 0.00661475 0.000323122 0.00190399 0.000872081 0.00096086 0.000130996 0.000488075 1.10906e-05 0.000267536 4.81257e-05 2.43713e-06 8.02092e-05 3.81703e-05
0.741324 0.114361 0.0300191 0.0205797 0.00367868 0.0273825 0.0101354 0.00404727 0.00900063 0.00365751 0.00450761 0.010253 0.00547975 0.00355083 0.00606737 0.00301274 0.000183229 0.000529116 0.000618212 0.000188391 0.000237267 0.000377847 0.000385221 6.90644e-05 3.60337e-05 5.7567e-05 0.000120089 1.41915e-05 1.08927e-05
0.728726 0.0456735 0.124755 0.0179135 0.0176868 0.010324 0.0066427 0.00790574 0.00262165 0.00344684 0.00943619 0.00784689 0.0018815 0.00523814 0.000914589 0.00137979 0.00142882 0.000277225 0.000305771 0.00136365 0.000267383 0.00133079 0.000974708 0.000369522 0.000577714 0.000119888 4.03391e-05 5.31232e-05 2.93693e-05 5.94778e-05 0.000317092 3.56717e-05 9.93655e-06 9.25456e-06 9.42702e-06 1.86787e-05
0.696646 0.119754 0.0507161 0.0405821 0.0054335 0.0201573 0.0103863 0.0042193 0.00738656 0.0108916 0.00615754 0.00579586 0.00172284 0.00104711 0.00254553 0.00182678 0.00334124 0.00149073 0.00298427 0.00201319 0.00021626 0.000313783 0.00110963 0.000858926 0.000233672 0.000668099 0.000463638 1.05071e-06 0.000112624 0.000296674 0.000101838 0.00010808 0.000232769 4.80871e-05 3.3514e-05 7.11061e-06 2.17737e-05 3.33038e-05 1.73118e-06 9.4128e-06 6.76075e-06
0.739615 0.128988 0.0112488 0.00420847 0.00308266 0.00872785 0.00908864 0.0119468 0.0189056 0.00362197 0.0253955 0.00664523 0.00640502 0.0114201 0.00306305 0.00240109 6.20746e-06 0.00158329 0.000880408 0.00106412 0.000609495 0.000487168 0.000215049 2.06452e-05 5.27131e-05 3.44404e-05 9.86192e-05 5.08615e-05 1.87142e-07 1.16267e-05 5.91496e-06 9.91687e-06 7.78916e-06 1.71558e-05 3.09184e-05 2.35426e-05 1.18386e-05
0.780862 0.0893845 0.038051 0.0266238 0.00276229 0.00711856 0.00311861 0.00485932 0.00254626 0.00548299 0.00604208 0.00697565 0.00210662 0.00877735 0.00359962 0.00530706 0.000871185 0.000599599 0.00178581 0.000705219 0.0012492 9.46692e-05 9.35795e-05 0.000483619 6.37438e-05 0.000203438 6.45224e-05
0.773494 0.082724 0.00911768 0.0174616 0.0120806 0.0497005 0.00559829 0.0211339 0.00208525 0.00476751 0.00477892 0.00758389 0.00336537 0.00275842 0.000805209 0.000845545 9.46905e-05 2.89186e-05 1.02003e-05 5.95703e-05 0.000895906 0.000113719 0.0001416 6.22437e-05 0.000130385 9.41428e-06 4.77959e-06 7.03375e-05
0.763733 0.101924 0.0151283 0.00962912 0.0151178 0.00271328 0.018378 0.0168289 0.00250238 0.00407133 0.0158381 0.0129299 0.00196459 0.00411283 0.00819055 0.00316553 0.000118139 0.000751748 0.000906645 0.000313834 0.000127723 1.36032e-05 0.00010416 0.000147255 1.14412e-05 0.000221324 4.10974e-05 0.000266258 0.000200379 7.71506e-06 3.74931e-05 9.43965e-06 0.000115413 3.43482e-05 3.46284e-06 0.000237154 3.3294e-05 9.42582e-06 2.75473e-06 5.69213e-06 1.94618e-06 8.4555e-06 5.47538e-06 4.86058e-06 1.19598e-05 2.46713e-06 1.24766e-06 6.28368e-07 2.53196e-06 1.11621e-06 3.0522e-06 9.03557e-07 6.25471e-07 6.79206e-07
0.722135 0.0464776 0.0920593 0.0242769 0.0515391 0.00825133 0.0164114 0.00311909 0.00905275 0.00283217 0.00960514 0.00413213 0.00172416 0.00367821 0.00233478 0.000969878 0.000577553 0.000169954 1.91983e-05 0.000181405 5.17511e-05 5.05234e-05 0.000220338
0.763822 0.11818 0.00497485 0.0330402 0.0151568 0.0146518 0.0109172 0.0143478 0.00320896 0.00630061 0.00486801 0.000645061 0.00400663 0.00240143 0.000996201 0.00135149 0.000134783 0.000372062 8.30138e-05 2.3326e-05 0.000168722 7.04227e-05 5.68438e-05 3.02827e-06 4.06884e-05
0.753721 0.0722688 0.0651089 0.0180398 0.00847465 0.0127051 0.00825326 0.00925223 0.0137907 0.0107921 0.00151878 0.011924 0.0015105 0.00172214 0.00563573 0.00377859 0.000424582 9.87311e-06 0.000115521 8.42518e-05 0.000170107 0.000182372 2.2001e-05 0.000217974
0.767998 0.0184923 0.0755499 0.0143805 0.0297875 0.00301847 0.0145771 0.011044 0.00977458 0.00643496 0.00239847 0.00263008 0.00680266 0.0214798 0.00142709 0.00653946 0.000290766 0.0001147 0.00258936 8.1507e-05 0.000107608 0.00190473 0.000507038 0.000134455 0.000823276 6.74109e-05 0.000284012 8.91375e-05 0.000121439 0.000166909 7.08402e-05 5.92125e-05 1.21959e-05 3.50255e-05 1.64247e-05 6.55704e-06 2.38796e-05 7.0266e-06 2.48623e-06 3.56432e-05 1.03128e-05 1.08002e-05 1.6313e-05 6.58969e-06 1.74796e-05 8.30082e-07 8.97266e-06 2.39992e-05 1.3163e-06 2.23385e-06 1.37981e-06 1.37176e-06 1.59668e-06 1.76431e-07 3.57041e-06
0.695233 0.11909 0.0071902 0.0178939 0.0588514 0.0139794 0.0197471 0.00794698 0.00935168 0.00357225 0.00656001 0.00875994 0.0083488 0.00846147 0.00330485 0.0052354 0.00262028 0.00212764 0.000833568 0.000184741
0.74822 0.0460361 0.0898447 0.00457568 0.0336649 0.0167437 0.0189846 0.0045381 0.0033874 0.00360703 0.00111443 0.00974538 0.00225454 0.00982374 0.00301822 0.00345071 0.000210829 0.000119816 9.56401e-06 0.000364291 2.22691e-05 1.73304e-05 1.13143e-05 3.04263e-05 6.98056e-06 3.25142e-05 2.8308e-06 4.41085e-05 3.7717e-05 1.03204e-05 1.44009e-06 1.81026e-05
0.77222 0.0245 0.0928919 0.0432869 0.00698388 0.00550694 0.00879613 0.00581513 0.00492505 0.00119291 0.00397915 0.00180418 0.00550792 0.00375319 0.00862282 0.00198262 0.000503454 0.00204459 0.00205203 0.000335846 0.000641835 0.00089954 0.0005609 0.000177518 0.000361451 0.000488589 9.84908e-06 3.4468e-05 1.98841e-05
0.758304 0.00115544 0.0845157 0.00897375 0.00915748 0.0012134 0.0133748 0.00959224 0.0471635 0.00469283 0.0156001 0.0203272 0.00482166 0.00507655 0.00308214 0.00592986 0.000727835 2.54235e-06 0.000897102 0.00241569 0.000261103 0.00126551 0.000105936 0.000300336 0.000165452 3.26334e-05 0.000394216 4.35532e-06 2.1187e-05 5.27782e-05 0.000161665 1.33089e-05 7.81056e-06 1.5075e-05 2.1603e-05 9.00873e-06 1.72671e-05 3.37067e-05 5.28529e-06 6.73105e-06 1.08766e-06 2.63988e-05
0.721179 0.136093 0.00413045 0.0198217 0.0152137 0.0397424 0.00657085 0.0161226 0.00837999 0.0125239 0.00379604 0.00525363 0.00316117 0.00390448 0.00124121 0.00069177 0.000574116 0.000201591 0.000383005 0.000319312 0.000215756 1.86578e-06 3.12593e-05 0.000119079 4.56785e-05 0.000172991 3.44926e-05 5.28965e-05
0.693435 0.142964 0.00655352 0.0127 0.0275428 0.00439858 0.0430529 0.00557255 0.0236636 0.00418455 0.011603 0.00224564 0.00685974 0.0024021 0.00462006 0.00163672 0.000369176 0.000301128 0.000721227 0.000899854 0.000509305 0.000765518 0.000524797 0.000914526 0.000341362 4.89299e-05 0.000195614 1.59426e-05 0.000497325 0.000148204 3.11481e-06 4.37055e-06 3.0375e-05 3.2479e-05 3.46569e-05 1.30743e-06 1.97866e-05 8.36024e-05 4.6939e-05 3.1237e-06 3.98277e-05
0.724977 0.0991402 0.0317878 0.0170241 0.0140304 0.00662349 0.00606051 0.0101853 0.0100718 0.0209361 0.0119248 0.0054411 0.01706 0.0105327 0.000244792 0.00475793 0.000389291 0.00167713 0.000542639 0.000323796 0.000501586 0.00131571 0.000149689 0.000812262 0.000797763 0.000163928 0.000445791 0.00123499 9.81837e-05 7.54428e-05 0.000117681 0.00028494 1.18433e-05 3.36961e-05 4.71594e-05 6.79141e-05
0.748609 0.10015 0.0281065 0.0438117 0.00907502 0.00584031 0.00102253 0.0122898 0.0114863 0.00474373 0.00617057 0.00721535 0.00256884 0.00498807 0.00467324 0.000749451 0.000687046 0.000209446 0.000276014 0.00109664 0.000921018 0.00157019 0.000951522 0.00042639 0.00145633 6.0339e-05 0.000371026 6.02738e-06 3.74545e-05 1.76724e-05 4.49124e-05 7.08897e-05 7.47531e-05 1.81507e-05 0.000108232
0.781737 0.0214993 0.077316 0.0323255 0.00366399 0.00591823 0.00429609 0.0237996 0.00306745 0.00384931 0.00704164 0.0140093 0.00412279 0.0056292 0.00484986 0.00207906 0.000857312 6.75457e-06 0.00141787 0.000161546 0.00038369 0.000128124 6.71228e-05 9.03324e-05 6.5842e-05 0.000522918 9.37034e-05 0.0001033 0.000442099 1.90944e-05 4.31503e-05 0.00011949 2.18892e-05 9.40623e-05 5.32071e-05 3.05759e-05 4.67208e-06 1.58338e-05 3.31446e-06 1.92933e-05 1.98927e-06 5.35562e-06 1.012e-05 5.71936e-07 1.36602e-06 3.05881e-07 5.31501e-06 4.01252e-06
0.749932 0.0940507 0.0201921 0.00639317 0.00845988 0.00418145 0.0073791 0.0059079 0.0144109 0.00430872 0.0384166 0.00427844 0.0139331 0.00795613 0.0073448 7.39328e-05 0.00419895 0.0042405 0.00138895 0.000628562 6.8384e-05 0.000272453 0.000257702 0.00035429 0.000492873 0.000143079 4.37614e-05 2.42388e-05 1.06318e-05 0.000107954 6.11077e-05 0.000251359 1.24291e-05 2.71194e-05 1.03681e-05 8.76611e-06 0.000116463 3.27985e-06 1.14567e-05 1.86987e-05 2.69091e-06 1.29302e-06 1.03481e-06 3.08111e-06
0.759414 0.122064 0.00562062 0.00254447 0.00222736 0.0153368 0.0134637 0.0165153 0.0371324 0.00228703 0.00459593 0.00546812 0.00244671 0.00274013 0.00126126 0.00286409 0.000161252 0.00233485 0.000143956 0.000118969 0.000766973 5.10937e-05 2.60134e-05 0.000172295 1.24083e-05 1.47027e-05 3.81421e-05 5.63351e-05
0.758339 0.0248668 0.00638293 0.0946488 0.0241664 0.0195592 0.00918312 0.00914098 0.0110783 0.00765043 0.0115636 0.00284526 0.00335188 0.00813449 0.00327094 0.00217652 0.000184241 0.000534926 4.99127e-05 0.000474927 0.00137886 0.000499468 2.92796e-05 2.19963e-05 2.80191e-05
0.0419795 0.725746 0.00568105 0.108775 0.0154069 0.0276962 0.0103534 0.0138469 0.00674203 0.00530194 0.00574048 0.0152852 0.000759341 0.00303371 0.002225 0.00486199 0.00155578 0.00108963 0.000298355 6.96888e-05 0.000122084 0.001166 0.000269665 0.000163996 4.67065e-05 0.000760196 8.31509e-05 0.000211293 0.000197828 2.98333e-05 8.88343e-05 5.06028e-05
0.100048 0.755662 0.0293892 0.0700605 0.00280213 0.000943645 0.00237247 0.0017027 0.00675686 0.00356431 0.00436245 0.00684942 0.00122345 0.00518616 0.00127886 0.000673316 0.00137562 0.0017152 0.00217241 3.13919e-06 0.000159761 0.000786397 0.000379469 0.000164715 4.06141e-05 3.35944e-05 0.000106025 5.17877e-05 1.10778e-05 1.05614e-06 6.08552e-06 7.19075e-06 1.66157e-05 2.08915e-05 2.17054e-05 2.90502e-06 5.28114e-06 8.03775e-06 2.29938e-06 4.44247e-06 8.05791e-06 1.82771e-06 5.66179e-06 4.65969e-06 2.94854e-07 2.36738e-06 1.47942e-06
0.785224 0.080854 0.0186797 0.0052028 0.0138917 0.0155408 0.00602864 0.0131147 0.00580482 0.0151836 0.00854213 0.00170867 0.00240715 0.0159767 0.00457029 0.00122322 0.00381434 0.00071831 0.000198141 0.000140213 0.000199522 4.14037e-05 6.26753e-05 0.000223672 5.4831e-06 0.000111482 3.83055e-05
0.754005 0.0070989 0.108715 0.0130183 0.0299116 0.0298696 0.0117045 0.0029085 0.00838857 0.0076321 0.0012516 0.00606102 0.00477532 0.00607713 0.00203649 0.00175312 0.000154213 0.000632081 0.00139448 0.000501428 0.000357225 0.000205446 0.000234038 5.21282e-05 0.000518638 1.67315e-05 2.16696e-05 3.94957e-05 0.00018258 0.000214059 6.21457e-05 0.000124525 6.52554e-06 3.24466e-07 1.4277e-06 1.26883e-05
0.703813 0.0376364 0.119398 0.0227946 0.0182613 0.015626 0.00552121 0.00905092 0.0029805 0.0246194 0.0172237 0.00236091 0.00317439 0.00591218 0.00394246 0.00216135 0.00225138 0.000513054 0.00188974 5.6432e-05 0.000312448
0.753932 0.0314266 0.00199217 0.00488332 0.112944 0.0157051 0.0185017 0.00898592 0.0168882 0.00892707 0.0024329 0.001599 0.0082248 0.0009823 0.00344409 0.00415621 0.00125565 0.000139808 0.00175771 0.000226135 8.5629e-06 0.000241121 0.000173027 8.75741e-05 1.79583e-05 0.00017578 0.000360551 4.88604e-05 1.07557e-05 1.25997e-05 0.000316505
0.744953 0.0940583 0.00196926 0.0073034 0.0331215 0.00592566 0.0129968 0.00517821 0.0278112 0.0102518 0.0212297 0.0118588 0.004897 0.00353258 0.00175151 0.00957799 0.000632357 0.000340875 0.000209646 0.00066646 0.000200262 0.000467474 7.33568e-05 0.000130437 8.99022e-05 7.01347e-06 1.93469e-06 5.23836e-05 0.000220363 0.000139416 9.69717e-05 2.43644e-05
0.769611 0.00858141 0.00474007 0.0974572 0.000818243 0.0333546 0.00492826 0.00273937 0.00424105 0.0202511 0.0110785 0.000957609 0.0278538 0.00494065 0.00135969 0.00303181 0.000648835 9.73815e-05 0.00031458 0.000394891 8.79814e-05 0.000876066 0.000281345 3.93291e-05 0.000708823 8.78865e-05 0.000114813 6.77118e-06 0.000108353 1.31869e-06 3.69717e-05 0.000125274 5.69866e-06 9.69694e-05
0.774692 0.0019061 0.00768874 0.0794313 0.0257626 0.0507941 0.0180505 0.00790568 0.00580821 0.00719303 0.00144552 0.00232175 0.00490161 0.00275237 0.00071198 0.00502746 0.00199474 0.000195873 0.00105549 5.94958e-05 4.19687e-05 3.44033e-05 2.63134e-05 2.10548e-05 3.69311e-05
0.783801 0.100131 0.036687 0.0057345 0.00707797 0.0178285 0.00634389 0.00521725 0.00223563 0.00428022 0.000202237 0.00600709 0.0058967 0.00122677 0.00697786 0.00243023 0.000947178 0.0012346 0.0014997 0.000328852 0.0017075 0.000389808 0.000473434 0.000137751 0.000303478 2.0123e-05 0.000215213 0.00014143 5.80707e-05 1.22018e-05 3.22142e-05 0.000100784 2.17294e-05 1.6584e-05 6.01077e-05 8.61699e-05 2.18931e-05 2.70463e-07 1.60938e-05 3.23437e-05 1.27864e-06 2.54287e-05
0.771724 0.027718 0.103427 0.0156715 0.00190542 0.00665672 0.0118314 0.0150912 0.0110869 0.00422006 0.00173169 0.00392435 0.00266245 0.00196091 0.00754934 0.00647333 0.000929001 0.000364855 0.00211397 0.000490738 0.00126 9.92379e-05 0.000177849 9.98572e-05 0.000233281 0.000279629 6.76952e-05 2.4653e-05 3.4973e-05 9.06886e-07 2.46794e-05 2.09958e-05 3.86256e-05 1.55212e-05 2.04059e-05 9.55035e-07 3.55107e-05 7.68338e-06
0.740796 0.00417381 0.0209146 0.121602 0.0459891 0.00683929 0.0103485 0.013646 0.00528091 0.00117527 0.00121867 0.00508714 0.00401028 0.00288987 0.00221097 0.00736145 0.000339231 0.00026497 0.00121847 0.000484463 0.000757774 0.00031572 0.00053926 0.000598153 0.000174543 0.000482057 0.000129365 0.000356057 3.96431e-05 0.000272029 4.93686e-05 0.000116711 4.51869e-06 3.10892e-05 5.04477e-05
0.752506 0.106339 0.00421631 0.0403374 0.00434902 0.0299091 0.00695632 0.0175156 0.012181 0.00530637 7.44259e-05 0.00598454 0.00478061 0.00208593 0.00181667 0.00105971 0.000214687 0.00109836 0.000902326 0.000269226 7.93758e-05 0.000391878 5.5091e-05 0.000295487 0.000530725 1.22617e-05 0.000348926 0.000141903 6.90119e-05 3.55673e-05 5.77618e-05 1.18308e-07 2.09411e-06 1.27736e-05 1.6891e-05 7.00432e-06 3.53132e-06 2.51325e-06 9.81517e-07 5.42449e-06 2.89304e-06 1.5116e-08 4.37923e-06 2.09341e-06
0.755578 0.105931 0.0371371 0.0257171 0.00381349 0.0050532 0.00739271 0.00970439 0.00473033 0.00809545 0.00655947 0.00895408 0.0108671 0.00285605 0.0013118 0.00184524 0.000573138 0.00130283 3.54526e-05 0.000515839 4.85761e-05 2.59006e-05 0.000225553 5.53888e-06 0.00133927 2.85737e-05 0.000134906
0.735233 0.115808 0.00631264 0.0129948 0.0421657 0.0155513 0.0254463 0.0085442 0.00857753 0.00545274 0.00117421 0.00201666 0.000449268 0.0109419 0.00184272 0.00179784 0.000473324 0.00131275 0.00109841 0.000543432 2.45042e-05 9.24526e-05 0.000408689 0.000110297 0.00129758 0.000190871 3.39215e-05 6.37685e-06 3.05502e-05 4.33136e-05
0.722181 0.0111397 0.0988932 0.0240098 0.0124614 0.032804 0.00370608 0.0125185 0.0343254 0.0128072 0.00384537 0.00627748 0.00355528 0.00499793 0.00112149 0.00422877 0.000577468 0.00361127 0.0010299 0.000153618 0.000422644 0.000374081 0.000831115 0.000735536 0.000110903 0.000654194 0.000773039 0.000439133 0.000411401 5.00118e-05 0.000191274 0.00020037 4.92062e-05
0.779483 0.0788248 0.00705348 0.0464885 0.00346959 0.00795549 0.0098331 0.0123267 0.00838239 0.00944443 0.00554255 0.00712747 0.00665907 0.00271394 0.0017248 0.00502172 0.00229141 0.00048296 0.000393662 0.000529004 0.000366657 0.000697514 0.00165206 0.000144955 0.000656675 0.000107241 9.30755e-05 0.000163839 2.06466e-05 4.44712e-05 9.6877e-05 6.61227e-06 1.66295e-06 1.20215e-06 6.33435e-05 6.5387e-05 1.33356e-05 3.46066e-05
0.71554 0.034109 0.113732 0.0382959 0.00269637 0.0215033 0.0269486 0.00345975 0.00421158 0.00820056 0.00707401 0.00102491 0.00453622 0.010901 0.00444752 0.000633056 0.000169616 0.000790872 0.000247239 0.000527646 0.000196497 0.000156144 6.34188e-05 2.53849e-05 0.000160394 0.000102217 9.33941e-06 9.34747e-05 1.3865e-05 1.41457e-05 5.84485e-05
0.777418 0.0820971 0.00681932 0.0102998 0.0171483 0.014506 0.00467021 0.00456395 0.00861126 0.00303912 0.0269526 0.0126184 0.0117763 0.00224938 0.00180685 0.00789081 0.000838727 0.00310419 0.000571991 0.000562643 5.99013e-05 0.000315262 0.000671569 0.000469119 0.000532997 8.75309e-06 1.59437e-05 0.000246008
0.14225 0.719248 0.00656983 0.0323325 0.0257788 0.0268792 0.00887505 0.00416951 0.0058787 0.0026737 0.00391848 0.00215113 0.00265362 0.00280881 0.00796132 0.00194533 0.000686437 0.000104576 0.000224361 0.000681468 0.000246137 0.000447546 0.000924657 1.29509e-05 0.000271628 0.000134697 4.76287e-05 2.07424e-05 5.15237e-06 8.69452e-06 7.63557e-06 2.9477e-07 1.49695e-05 2.84936e-05
0.757603 0.106094 0.042111 0.0194667 0.0109776 0.00502273 0.00492853 0.00148047 0.0201116 0.0183046 0.00276076 0.00284766 0.00400631 0.00151107 0.00104781 0.000181907 6.82267e-05 0.000120776 1.32241e-06 0.000274708 0.000161498 9.57734e-05 0.000188072 6.60188e-05 6.36532e-07 0.000161174 6.16611e-06 1.69441e-05 7.3148e-05 0.000110895 3.85413e-05 3.7909e-05 5.1361e-05 9.32518e-06
0.735563 0.0116713 0.127157 0.021134 0.00387639 0.00520871 0.0368569 0.00142208 0.00216919 0.00534648 0.010453 0.0012088 0.00778068 0.00134862 0.00912885 0.00580888 0.00110543 0.00205547 0.00177588 0.000508993 0.000496761 0.00122753 8.27149e-05 0.00188119 0.000222452 0.000330936 0.000798102 4.57532e-05 0.00192323 4.58428e-05 0.000362152 2.09526e-05 0.000504077 0.000261876 3.43141e-05 8.07869e-05 1.89745e-05
0.743491 0.0980026 0.0206862 0.0321721 0.000679586 0.0387891 0.0173996 0.00817013 0.0124807 0.00540695 0.00383828 0.00646892 0.00398985 0.000892905 0.00294895 0.00126103 0.000105886 0.000135742 0.000364713 0.000574992 0.00119138 0.000337765 8.93738e-05 9.67204e-05 3.23939e-05 1.01418e-05 3.24432e-05 3.63718e-05 8.20309e-05 7.06271e-06 1.95488e-05 2.35465e-05 5.25413e-05 1.24613e-05 1.03943e-05 1.51789e-05 3.04114e-06 3.66179e-06 1.58613e-05 5.6832e-06 1.2145e-05 1.6898e-05
0.748611 0.0970035 0.0204704 0.0267677 0.0214194 0.00818039 0.0230854 0.00268766 0.00414218 0.00303921 0.00339265 0.0101145 0.00160159 0.00641222 0.00570113 0.00961166 0.00531341 0.00157372 0.000221716 0.000155023 0.000159552
0.745689 0.0922722 0.00861251 0.0381632 0.00496295 0.0273674 0.00700918 0.00306735 0.00385054 0.00954288 0.00478006 0.0168816 0.00468223 0.002561 0.00251877 0.0202947 0.00251521 1.07768e-05 1.1015e-05 0.000989752 0.000337358 0.000545955 0.000690497 0.00129452 0.000844372 0.000114352 5.47416e-05 0.000145656 5.59086e-05
0.700493 0.0365609 0.13655 0.0132555 0.00154669 0.0327822 0.00601359 0.00273241 0.0137903 0.00513996 0.00628003 0.00514455 0.00910941 0.00431422 0.00931129 0.000145542 0.0101923 0.000478479 0.000772075 0.0026766 0.000361759 0.000115667 0.000509969 0.000419947 0.000126377 0.000463744 1.88449e-05 0.000341652 2.03463e-05 6.29754e-06 0.000141512 6.52921e-06 1.2352e-05 2.29978e-05 8.60018e-06 4.33874e-05 2.19839e-05
0.752776 0.0853871 0.062413 0.013572 0.00346157 0.00522279 0.0306199 0.00376383 0.00851834 0.00446253 0.00969349 0.00261511 0.00728019 0.00428549 0.00139375 0.000771977 0.0011791 0.000789539 0.000154344 3.90547e-05 0.000417456 8.84701e-05 4.62917e-05 0.000308556 0.000119747 1.08562e-05 8.50485e-05 0.000178991 0.000108447 2.0616e-05 1.08879e-05 4.46609e-05
0.721113 0.146516 0.0254819 0.0422424 0.00853592 0.0139178 0.00694853 0.00453626 0.00737598 0.00290328 0.00158297 0.00290995 0.00418244 0.00411942 0.00339148 0.000386654 0.00175509 0.000662337 0.000324901 9.89399e-05 0.000355217 0.000342985 1.29155e-05 2.35643e-06 1.45378e-05 2.46394e-05 8.13542e-06 5.54579e-05 9.09448e-06 4.89722e-05 3.26143e-05 1.92147e-05 2.3364e-05 8.09574e-06 2.83054e-05 4.51813e-06 1.57594e-06 8.32001e-06 4.41927e-07 4.71789e-06
0.0746886 0.70857 0.0522645 0.0139875 0.0244169 0.0179549 0.0205552 0.00967395 0.00967569 0.0298582 0.00651112 0.000298796 0.00560544 0.00423849 0.00787587 0.00260238 0.000324301 0.00294346 0.000298458 0.000498261 0.000271504 0.00284951 0.000450406 0.000315132 0.000326273 0.000274026 0.000912472 0.000278823 5.29405e-05 0.000321267 0.000482126 8.77334e-05 9.54423e-05 7.73726e-06 0.000144981 7.13956e-05 8.85849e-06 6.51084e-05 3.23952e-05 1.68215e-05 1.99345e-05 1.56847e-05 2.43513e-06 8.10559e-06 2.3178e-05
0.757489 0.0270153 0.117975 0.034285 0.00845027 0.000874826 0.00325234 0.00491304 0.0143851 0.00514431 0.00432566 0.00436478 0.0026107 0.00612868 0.0036896 0.00222135 0.000236142 0.000153326 0.000297829 0.000990853 0.00021161 6.1e-06 0.0001194 0.000389782 5.4476e-05 0.000183357 6.54994e-05 2.33716e-05
0.771436 0.0980732 0.01458 0.0121375 0.00711238 0.0237489 0.00245391 0.00823682 0.0164664 0.0141808 0.0108033 0.00355061 0.00828521 0.000923011 0.00317081 0.00065758 0.00110061 0.000742317 0.000160259 0.00033704 0.000334803 0.00042109 3.14368e-05 0.000212004 6.83528e-05 2.85128e-05 0.0001164 0.000205262 2.48323e-06 8.12888e-08 1.13416e-05 8.14204e-05 6.74985e-05 1.30281e-05 1.34055e-05 7.69344e-06 0.000116637
0.725003 0.000493281 0.0169047 0.0919051 0.0198384 0.0036258 0.0555986 0.0181895 0.0240437 0.0133294 0.00534858 0.00941161 0.0100489 0.00424284 0.00115556 0.0002809 0.000171184 2.96139e-05 1.22645e-05 5.26599e-05 5.52673e-05
0.73114 0.0374077 0.120568 0.0393899 0.000475726 0.00589905 0.00169041 0.0172664 0.00337703 0.00625063 5.9398e-05 0.00171023 0.0196297 0.00746777 0.00460395 0.00214598 0.000423089 0.000123957 3.67832e-06 0.000196121 2.89531e-05 6.24462e-05 4.29963e-07 8.11985e-06 1.16536e-05 9.03348e-06 1.66879e-06
0.711419 0.0906484 0.00567962 0.00843039 0.00244819 0.0497904 0.0175588 0.0265177 0.0120064 0.0138749 0.0111389 0.0134195 0.00475972 0.00691754 0.00963391 0.00812032 0.000458022 0.00284995 0.000381925 0.000910447 0.000229048 0.000930724 0.000662282 0.000156466 0.000213091 0.000203337 0.000169743 0.000152926 7.30593e-06 5.24692e-05 5.68212e-05 1.39887e-05 6.30756e-05 9.16129e-06 3.38604e-05 2.27511e-05 1.30239e-05 1.31056e-06 1.03759e-05
0.756974 0.00789734 0.0952955 0.00995883 0.00853312 0.0381771 0.0184835 0.00490775 0.0102561 0.0160685 0.0098506 0.0035854 0.0024961 0.00751473 0.00145517 0.00240048 0.00567142
0.734078 0.107662 0.0431435 0.0116546 0.00744284 0.0173213 0.0107229 0.00993138 0.012397 0.00325355 0.0219826 0.00380027 0.0032059 0.00327004 0.00482613 0.00171728 0.000697103 0.000351334 0.000276105 8.63149e-05 6.41151e-05 0.000383317 4.30604e-05 0.000262041 0.00019699 2.83727e-05 0.000434079 4.37264e-06 1.87226e-05 0.000273988 0.000115037 1.25703e-05 6.3636e-05 3.1845e-05 3.41402e-05 0.00010738
0.70884 0.0753148 0.0250827 0.00630788 0.0569696 0.00752612 0.0166409 0.0154589 0.0170067 0.00269138 0.00458728 0.00518121 0.0157243 0.00953862 0.00769023 0.0163841 0.000578871 0.000885941 0.00097454 0.000496651 0.0017023 0.00249946 0.000279582 0.000259858 0.000586468 0.000328773
0.756794 0.0158438 0.030649 0.0786152 0.00347002 0.013154 0.0258628 0.0153504 0.00795491 0.0137998 0.00140073 0.00770902 0.00249978 0.00213343 0.00721604 0.00562419 0.00118945 0.000633289 0.00126131 0.000923714 0.0020008 0.000628358 0.000495366 0.000592936 0.00191742 0.00193057 3.93187e-05 5.26731e-05 0.000130172 1.35933e-05 3.64257e-05 8.89097e-06 1.97559e-05
0.702524 0.0257121 0.107755 0.0655173 0.0123386 0.0215693 0.00744215 0.00574599 0.00594494 0.00555011 0.00709945 0.0152071 0.0077208 0.00218655 0.00333186 0.00184757 0.0011958 0.000175166 0.000133203 0.000498851 1.36544e-05 0.000143337 7.43107e-05 3.15858e-05 2.74286e-05 3.33724e-05 0.000118542
0.0161495 0.739548 0.0997739 0.00956922 0.0515868 0.00560555 0.0103464 0.0109043 0.00525319 0.0171709 0.0104929 0.00348536 0.000922269 0.00451768 0.00249933 0.00628913 0.00122574 0.000857481 0.000585658 0.000357476 8.95e-06 0.000745409 0.000395376 0.000347849 0.000593422 0.000104213 0.000372924 9.26482e-05 1.55478e-05 6.95888e-05 3.75067e-05
0.725818 0.0984146 0.0597936 0.0265175 0.0082458 0.0137766 0.0153239 0.0041017 0.00828227 0.00656136 0.00274533 0.00534472 0.00592641 0.00425663 0.00489616 0.00150621 0.0013665 0.000552726 0.00100441 0.00103263 0.00224366 0.000669678 0.000952976 3.07433e-06 1.55872e-05 0.000199739 7.69357e-05 4.40449e-05 9.61411e-06 9.73279e-05 5.52901e-05 9.63699e-06 4.59922e-05
0.791894 0.0819827 0.0249037 0.0124027 0.00576609 0.0133687 0.0325351 0.00818557 0.00839202 0.0019139 0.0051293 0.00290858 0.00356876 0.00173648 0.000571448 0.00161352 0.000589615 0.000702449 0.000650702 0.000407377 0.000106717 1.37068e-06 5.23909e-05 4.70663e-05 8.6644e-05 0.000111196 5.70442e-05 3.96603e-05 2.02458e-05 5.70178e-05 9.94223e-05 7.46354e-06 1.98334e-07 2.3295e-05 2.11616e-06
0.735133 0.0952615 0.0362947 0.0303026 0.00835777 0.00285581 0.0313909 0.00565037 0.0041884 0.00473689 0.0145953 0.00680639 0.000852744 0.00316267 0.0101083 0.00480946 0.000841756 0.00163532 0.000930416 0.000744095 0.00054213 0.000230285 4.45477e-05 5.97606e-05 0.000194836 5.04851e-05 3.06976e-05 8.70493e-05 1.47279e-05 2.24563e-05 2.79906e-05
0.715191 0.110395 0.0355074 0.0448038 0.00234657 0.000342897 0.0102264 0.00569064 0.014427 0.0108985 0.00161495 0.0229495 0.0114765 0.00528663 0.0051792 0.00119528 0.000273238 0.000397839 0.00100613 0.000297503 3.38861e-05 3.08168e-05 0.000122113 1.26945e-05 1.88556e-05 2.11454e-05 1.73242e-05 3.60295e-05 1.531e-05 2.53919e-06 3.05199e-05 8.33402e-05
0.710614 0.0126602 0.134325 0.029637 0.0079122 0.0278902 0.00833023 0.00855719 0.0206315 0.00521488 0.00326206 0.00147084 0.00699516 0.00895466 0.00280231 0.000651408 0.00152158 0.00275393 0.00121621 0.00178803 0.000982951 0.000174229 0.000332779 6.71833e-05 0.000341731 4.14785e-05 0.000264676 4.98724e-05 0.000261798 0.000144167 3.86244e-05 1.07188e-05 4.04965e-07 3.59742e-05
0.732234 0.10074 0.0115709 0.0310524 0.00451453 0.0211729 0.0061018 0.0128363 0.0257003 0.00120639 0.00134724 0.00674753 0.00472135 0.0145009 0.00178399 0.00156823 0.01146 0.000104756 0.00275923 0.00104496 0.0027179 0.000421736 0.000492394 7.35803e-05 0.000437056 0.000666405 0.000108185 0.000260277 0.000312016 2.3131e-05 2.7543e-05 0.000111524 0.00031508 5.24649e-05 0.000345164 6.37245e-06 0.000155237 2.28637e-05 0.000141853 8.35937e-05
0.712615 0.0145992 0.102058 0.049535 0.0140389 0.0163103 0.0102932 0.0108077 0.00189024 0.0157675 0.0033284 0.0162958 0.010248 0.00619346 0.00495039 0.00555489 0.000350066 0.000363613 0.00188378 0.000593311 0.00038927 0.000976461 3.32039e-05 1.70652e-05 5.87784e-05 6.65595e-06 4.10716e-05 0.000387943 0.000137686 6.20689e-05 2.47553e-05 8.29115e-05
0.780035 0.00897921 0.0427133 0.0515817 0.0164275 0.0115763 0.0220319 0.00529517 0.0284149 0.00752922 0.00639648 0.000791603 0.00429696 0.00229246 0.00665951 0.000921822 0.000372429 0.000467282 0.000769286 0.000106265 0.000492598 0.000768132 0.000134201 1.47416e-05 0.000102527 0.00032853 0.000166636
0.722084 0.0343366 0.013814 0.112946 0.00215854 0.0236879 0.0115733 0.00764015 0.00636636 0.0116072 0.0051595 0.00558765 0.00749365 0.00296267 0.00830636 0.00943413 0.00644626 0.000673585 0.000303205 0.00029225 6.97414e-05 0.000732877 2.9835e-06 0.0016338 0.000336308 0.000998012 0.00150358 0.00055075 0.000646923 0.000130819 0.00014159 2.79229e-06 5.07712e-05 2.28397e-06 7.725e-05
0.699273 0.106908 0.0402092 0.0303005 0.0271461 0.00428427 0.0487348 0.00495618 0.00588305 0.00428833 0.00373428 0.000987501 0.00337775 0.00421983 0.0125151 0.00133514 0.000379003 2.74695e-05 0.000856313 5.45907e-05 0.000156577
0.686013 0.149135 0.0218972 0.0030211 0.0155356 0.00146112 0.0166363 0.00608791 0.0152014 0.0346123 0.0297037 0.00491075 0.00466674 0.00188584 0.00173871 0.00522919 6.21067e-05 0.000423453 0.000145107 0.00079489 0.000143568
0.693843 0.0223823 0.0884276 0.0684532 0.0364056 0.0202187 0.013098 0.00897104 0.00434019 0.00542154 0.00111999 0.00324973 0.00972477 0.00652227 0.00397627 0.00715631 0.0013299 0.000325216 0.000814639 0.0019182 0.00021475 0.000281313 0.000611731 7.86274e-05 0.000440527 0.000222269 4.77249e-05 0.000110463 2.90657e-05 1.43685e-05 2.95056e-05 5.60113e-05 8.22029e-06 6.68392e-05 7.864e-06 5.36645e-06 5.69987e-07 1.73628e-05 1.49248e-05 3.38478e-06 2.97162e-06 1.20656e-05
0.752538 0.106511 0.016543 0.0497527 0.0059705 0.0173471 0.00240111 0.00969433 0.0114532 0.0144016 0.00236817 0.00203329 0.00197525 0.000443101 0.00178749 0.000860959 0.000641325 0.00154738 0.000446849 0.000462054 0.000221266 0.00010274 6.47409e-05 0.000189481 7.62472e-05 4.55383e-06 2.94219e-05 6.88479e-05 2.02389e-05 7.50731e-06 6.75101e-06 1.03675e-06 2.30784e-06 1.29497e-05 5.81106e-06 1.61498e-06
0.698194 0.0155939 0.0391211 0.135882 0.00902313 0.0101578 0.00188683 0.015362 0.0209421 0.00695603 0.00788597 0.00431947 0.000610641 0.00712258 0.00378138 0.00389073 0.0113852 0.000547861 0.000334426 0.00236246 0.00320418 0.00064191 0.000189204 1.29745e-05 6.16272e-05 3.64929e-05 4.34715e-06 6.73452e-05 2.53639e-05 7.97875e-05 2.88684e-05 4.84379e-05 4.29992e-05 1.81135e-06 4.03342e-05 5.00448e-05 1.16591e-05 3.19972e-05 1.10523e-05 9.90126e-06 6.3649e-06 1.26828e-05
0.743951 0.114893 0.0345431 0.0100449 0.00287741 0.00795788 0.00749014 0.0137178 0.0154333 0.0074091 0.0264719 0.00345711 0.00295313 0.00045331 0.000944191 0.00372793 8.54712e-05 0.000243331 0.00273181 4.54582e-05 0.00033563 3.75954e-05 1.41573e-05 4.89341e-05 9.45341e-05
0.745689 0.0560097 0.0353134 0.00598702 0.00649948 0.057503 0.00316069 0.0155248 0.0264723 0.00691165 0.00746758 0.00941838 0.0136001 0.00430105 0.00062801 0.00152979 0.0023478 0.000562164 0.000597574 4.13869e-05 2.76639e-06 1.93189e-05 5.46578e-05 2.46116e-05 0.000209355 7.98402e-05
0.730846 0.0272751 0.111994 0.00915121 0.025373 0.0420193 0.0127979 0.006801 0.00968224 0.00371488 0.0032665 0.00341227 0.0069051 0.0018968 0.00248062 0.00108679 0.000199819 0.000263178 0.000332636 0.000132676 2.41679e-05 3.03159e-06 0.000132396
0.765985 0.0108356 0.0852733 0.0279582 0.0166929 0.00508111 0.0101544 0.0195362 0.00392228 0.00489904 0.00875349 0.0158927 0.00473351 0.00293308 0.00648926 0.00577986 0.000271729 0.00154404 0.000869927 0.000331413 0.000481584 0.000140941 1.0044e-05 0.000366608 0.000603579 3.25857e-05 1.20797e-05 2.74092e-05 4.72355e-05 0.000160339 2.52069e-05 3.61326e-05 8.8702e-06 2.60205e-05 2.79111e-05 5.14409e-06 3.21493e-05
0.706217 0.113251 0.0487475 0.0277429 0.00432301 0.00425068 0.0101157 0.0231512 0.014176 0.0112272 0.000557077 0.00151555 0.0175624 0.00621048 0.00143097 0.00550827 0.000281856 0.000633623 0.000654831 0.000626023 0.000403034 0.000427077 0.000166791 5.23552e-05 2.38831e-05 5.21407e-05 0.000163926 0.000111687 8.70312e-06 0.000131243
0.762589 0.00238063 0.115109 0.00623217 0.000687838 0.045551 0.00725955 0.00590151 0.01005 0.00710716 0.00202935 0.0055163 0.0108023 0.00353137 0.00280868 0.0080306 0.00136066 0.000614751 6.8998e-06 4.82088e-06 0.000249474 0.00038063 0.000138388 0.000803709 0.000184959 0.000181262 0.000309201 1.14913e-05 5.28858e-05
0.0176444 0.726516 0.0228198 0.114172 0.0332109 0.0216694 0.0137121 0.00358153 0.00454094 0.00450739 0.00123645 0.00732189 0.00277436 0.00621447 0.00216213 0.00545079 0.000109137 0.00151421 0.000627937 0.00157036 0.00116579 0.00135281 0.00179756 0.000432783 0.00236662 1.4645e-05 0.000510664 5.48932e-05 0.000118173 6.42226e-06 0.000315975 0.000200902 7.84991e-05 2.29676e-05 1.06574e-05 8.62495e-05 1.38622e-06 1.17274e-05 3.39362e-06 3.81209e-05 1.97607e-05 7.19926e-06 2.58098e-06
0.751849 0.0916866 0.0137863 0.00849521 0.0392797 0.0171229 0.00486263 0.0205713 0.00983587 0.00705275 0.00268206 0.005431 0.00317031 0.00871488 0.00927933 0.00157801 0.000702662 5.52343e-06 0.000206026 0.00127706 0.0013719 0.000371739 7.3852e-06 0.000129366 0.000223476 3.03954e-05 1.37584e-05 0.00013513
0.716599 0.0144187 0.00420489 0.115585 0.00209637 0.0635561 0.0183039 0.0156408 0.0062946 0.0218265 0.00413505 0.00610284 0.00291231 0.00173753 0.00227878 0.00187796 0.000103086 0.000309337 0.00051435 0.000672068 0.000325673 0.000165987 3.10923e-05 4.22985e-05 9.93585e-05 3.25737e-05 1.04551e-05 1.24625e-05 2.18151e-05 2.10022e-06 7.38309e-06 2.13884e-05 3.63629e-06 1.02789e-05
0.707223 0.0844977 0.0205914 0.0478293 0.00776977 0.0283883 0.0130281 0.0371741 0.00166211 0.00930048 0.0040764 0.00561018 0.00518589 0.0114223 0.00605654 0.00421487 0.00062573 0.00305121 0.000241595 0.000525203 8.83546e-05 0.000168416 1.09591e-05 7.44375e-05 7.96173e-05 0.000351628 9.07486e-05 0.000142499 6.60928e-05 9.90474e-05 2.36692e-05
0.782475 0.0913138 0.053826 0.0148556 0.00288414 0.0114784 0.00138716 0.0052979 0.00539614 0.00302432 0.00790752 0.00595152 0.00183125 0.00208745 0.000639515 0.00474277 0.00128769 8.34487e-05 0.000893476 0.00120572 0.000467015 7.74588e-06 0.000140434 8.04042e-05 1.79413e-05 0.000125938 7.45927e-05 0.00025481 2.05653e-05 2.71961e-05 3.82945e-05 3.44405e-05 3.17066e-05 3.34147e-06 1.31767e-05 3.78218e-06 1.49709e-05 1.29621e-05 4.88425e-06 4.25261e-06 8.42472e-06 4.20827e-06 1.58921e-05
0.71051 0.111057 0.00214826 0.00939421 0.004856 0.0124068 0.00598523 0.00537756 0.0092144 0.0278198 0.0483389 0.00377959 0.010211 0.000769798 0.0227068 0.0083131 0.00161084 0.00156224 0.00034642 0.000941104 0.000632129 0.00022602 0.000617942 0.000256324 0.000223489 6.94969e-06 0.000123085 5.48815e-05 0.000302602 4.1051e-05 1.24715e-05 5.40758e-05
0.737132 0.0396929 0.0685997 0.0075445 0.0270182 0.0147264 0.00409417 0.0145574 0.0303364 0.00100898 0.0125205 0.00312581 0.0010152 0.00305566 0.0072029 0.0037232 0.000333741 0.00496748 0.00797144 0.000903998 0.00029176 3.54329e-05 0.000472893 0.00431222 0.000554734 0.000642291 0.000102888 0.000517843 0.000315134 0.0011832 0.000352468 0.000151596 0.000429342 0.000566735 0.00030166 4.92329e-05 8.1885e-05
0.776438 0.0228651 0.00997684 0.00765048 0.0784803 0.0345403 0.00222707 0.0269994 0.00187466 0.0085314 0.00621293 0.00507897 0.00190719 0.00704225 0.00158207 0.00412933 0.000215826 5.11971e-05 0.00173106 2.58414e-05 0.00051006 1.21673e-05 0.00013404 0.000248863 0.000402072 6.14566e-06 0.000363509 0.00013734 6.56822e-05 0.000136867 0.000141578 1.13406e-05 1.6277e-05 8.97035e-05
0.718032 0.0453722 0.00822547 0.104232 0.0164594 0.00284937 0.0255989 0.0172012 0.0169241 0.00989849 0.0115751 0.00607225 0.0034881 0.00186134 0.00547201 0.00463682 0.000108405 0.000444752 0.000554665 7.37659e-05 0.000100034 2.03956e-05 0.000457106 3.13171e-05 1.00912e-05 0.000105443
0.680726 0.128541 0.0486879 0.0590593 0.0182419 0.00821807 0.00637717 0.0110504 0.00533348 0.00158405 0.000357122 0.00742076 0.0039398 0.00338575 0.00402192 0.00552514 3.637e-06 0.00209141 0.000125481 0.000905468 0.000692795 0.000541797 0.000645257 0.000515321 0.000240827 0.000383897 0.000295368 0.00076304 1.58507e-05 0.000126283
0.716116 0.114878 0.0127237 0.0403233 0.0303561 0.0125758 0.0140159 0.00403649 0.00997107 0.0174681 0.00115239 0.00874301 0.00490479 0.00300698 0.0035893 0.00111998 0.000154763 0.000741346 0.000160431 0.0001987 0.000342989 0.00254742 0.00011208 0.00026333 9.48887e-05 0.000174155 1.08784e-05 6.09921e-06 2.9705e-06 6.20586e-05 6.75583e-06 2.0271e-05 5.88972e-05
0.710053 0.112984 0.0429095 0.0146982 0.0430455 0.00445746 0.00158328 0.00389679 0.0267207 0.00383486 0.00383137 0.00552014 0.00661313 0.00549421 0.00397705 0.000479094 0.000717323 0.00175096 0.00193237 0.000323721 0.000902153 0.00037813 0.000188425 0.000736691 0.00175428 0.000233884 2.09576e-05 0.000109804 0.000165967 0.000209515 7.55581e-05 4.34094e-06 1.58507e-05 0.000221795
0.759847 0.00983129 0.0794645 0.0139046 0.0149535 0.0541212 0.00459215 0.00230018 0.0252996 0.00743782 0.00901198 0.00626267 0.00382517 0.00235678 0.00287531 0.00262614 0.000497044 0.000175628
0.702064 0.0772077 0.0405265 0.085003 0.00658421 0.00395465 0.00932156 0.00813154 0.0100161 0.0029531 0.0185427 0.0074819 0.00166603 0.0116995 0.00116819 0.00835086 0.000324295 0.00119217 0.00225943 0.00100789 0.000107329 3.13318e-05 6.62074e-05 2.74787e-05 0.000127978 9.95481e-05
0.753092 0.0895355 0.0432129 0.0333319 0.00348192 0.0153773 0.0065545 0.0121866 0.00393723 0.00446595 0.00204324 0.0186104 0.00278649 0.000888088 0.00224181 0.00145484 0.00171037 0.00106429 0.00102279 1.45931e-05 3.52737e-05 0.000427401 8.45102e-05 0.00083751 8.3166e-05 0.000176087 0.000256891 0.000193209 0.000329227 2.21681e-05 0.000216559 4.88698e-06 0.000159911 5.14437e-06 3.01413e-05 1.41097e-05 2.67248e-05 1.01372e-05
0.767288 0.102809 0.00155124 0.00592702 0.0100221 0.0124891 0.0316615 0.0110999 0.00387025 0.00650404 0.0124729 0.00720033 0.00383773 0.00252061 0.00360059 0.00664388 0.00542939 0.0026774 0.000255747 0.000409094 9.53586e-05 0.000657234 0.000261651 0.000440063
0.771267 0.0830494 0.00197942 0.0212265 0.0109872 0.0595791 0.0094932 0.0122046 0.00273112 0.00219531 0.00615752 0.00560317 0.000923434 0.00202903 0.00458628 0.00165816 0.00080836 3.0912e-07 0.00027024 0.000590116 0.000452509 0.000306156 4.82517e-05 0.000577312 0.000163501 5.55539e-06 0.000304621 0.000269406 0.00016964 8.55738e-05 7.92998e-05 6.59709e-05 1.6063e-05 4.438e-05 1.2612e-05 5.58873e-06 7.82673e-07 6.0894e-07 1.52969e-05 4.47048e-06 1.24597e-05 8.39164e-06 1.49539e-06 1.75152e-06 7.7517e-07 2.1555e-06 3.65797e-06 1.67924e-07 2.7016e-07 3.37271e-07 1.94219e-08 5.20501e-07
0.750628 0.104576 0.0302023 0.00477828 0.046282 0.00428299 0.00157737 0.00934833 0.0116557 0.0071405 0.00120685 0.00597231 0.00774892 0.00140593 0.00375207 0.00384982 0.00339039 0.000827248 0.000325536 7.8347e-06 0.000237011 0.000145107 1.46142e-05 0.000276757 3.79382e-05
0.733486 0.102259 0.0319125 0.00932287 0.012075 0.00609258 0.0411525 0.00259684 0.00746757 0.0181395 0.00252655 0.00301869 0.00510212 0.0151467 0.00342669 0.00145438 0.000889766 0.00130593 0.00143501 0.000177981 0.000306029
0.78465 0.0322224 0.0823885 0.0125204 0.0076763 0.00345761 0.0108573 0.0135412 0.00780583 0.00622724 0.0196538 0.0036335 0.00143633 0.00314406 0.00169567 0.000918407 0.000366046 0.00101439 0.000623075 0.000748615 0.000111954 0.000840266 0.000109685 0.000597877 0.000525815 0.000767372 0.000251987 0.000499555 0.000542362 0.000424806 8.9376e-06 9.30418e-05 0.000164837 9.49128e-05 0.00012241 3.76728e-05
0.696527 0.114586 0.0104199 0.0377421 0.0113864 0.0242621 0.0144711 0.00262557 0.0278519 0.00144854 0.00124553 0.00463302 0.0129585 0.00647851 0.00340879 0.00401502 0.0017446 0.00412417 0.00535653 0.00499605 0.00127818 0.000270111 0.000946543 0.00167542 0.000271462 0.000462082 0.00335378 0.000679506 1.2642e-05 8.99762e-05 3.80523e-05 0.000105772 0.000181211 5.89282e-05 8.38306e-06 6.09275e-05 1.24405e-05 2.60748e-05 6.31812e-05
0.787672 0.00540698 0.0927783 0.00339742 0.00324137 0.0163588 0.0109945 0.00350228 0.0325968 0.0217204 0.000479799 0.00524003 0.00537624 0.000810435 0.00402395 0.00155868 0.0015074 0.000264769 0.00253771 6.79535e-05 0.000179274 6.04489e-05 3.27675e-05 8.21898e-05 6.28451e-05 1.02588e-05 1.07343e-05 1.13649e-05 3.29901e-06 8.87271e-07 7.89655e-07 1.70351e-06 2.45802e-06
0.752497 0.104977 0.01583 0.0323901 0.000966319 0.0143975 0.0161106 0.0120999 0.00675228 0.0139838 0.00295657 0.00131982 0.00201486 0.00604323 0.00169879 0.00768728 0.0025495 0.00127494 0.00237163 0.000145871 0.000188042 0.000201064 0.000577837 0.000157363 0.000137302 3.79389e-05 3.79024e-05 0.000210262 3.24642e-05 0.000101815 9.46173e-05
0.734758 0.108638 0.0083274 0.00558393 0.0654364 0.00630389 0.0024558 0.0190913 0.00904336 0.00841073 0.0101586 0.00215957 0.00444389 0.00549138 0.00565769 0.00260562 0.000167664 0.000278855 0.00019436 0.000143955 0.000212587 9.69422e-05 0.000146748 2.83203e-05 2.72619e-05
0.761948 0.0154787 0.113146 0.00847129 0.0037971 0.0108311 0.0330195 0.00657758 0.0104398 0.00410925 0.00768216 0.00920634 0.00261593 0.00374161 0.00163021 0.00346623 0.000204158 0.00102323 0.000690493 0.00109763 0.000268773 4.15443e-05 0.000210377 0.000123338
0.766077 0.0981346 0.00643943 0.0251889 0.000446649 0.00164903 0.0157494 0.0250145 0.00397932 0.0109197 0.0153748 0.00904494 0.00549918 0.00900114 0.00216289 0.00150189 0.000509131 0.000201237 0.00175814 0.000272209 0.000224705 0.000159671 7.40249e-05 2.50182e-05 9.16974e-06 0.000212181 8.39696e-06 8.5238e-05 3.46927e-05
0.736968 0.0132491 0.146511 0.0036112 0.0114325 0.00777436 0.00560248 0.0098974 0.00673831 0.0172068 0.00537947 0.00573848 0.00259969 0.00436048 0.0114827 0.00755277 0.000205588 0.000463874 0.000205775 0.00010207 0.000243057 0.000663979 0.000492429 7.03099e-05 0.000486152 0.000485026 0.000188475 0.000160482
0.783002 0.0386776 0.107101 0.00374317 0.0111062 0.0147102 0.00433685 0.00534257 0.00185792 0.0071318 0.00365052 0.00181661 0.0044523 0.00032223 0.00575202 0.000533288 0.00165791 0.000946517 0.000973032 5.12698e-05 8.49191e-05 0.000589808 5.40635e-05 0.000339264 0.000950353 5.35724e-05 9.79729e-05 0.000299503 3.55937e-05 6.58474e-05 4.21342e-05 9.81299e-06 9.24376e-05 5.4111e-06 1.89252e-06 9.07033e-06 2.12413e-05 9.03549e-06 3.82643e-07 4.33682e-05
0.741373 0.108939 0.0146816 0.00674003 0.00275106 0.0196869 0.00657434 0.00265184 0.0237129 0.0278782 0.020501 0.00228995 0.0120455 0.00128549 0.000863004 0.00173194 0.000984483 0.00141319 0.000428303 0.00147483 0.000250635 0.000196073 0.000248144 3.38675e-05 0.000100561 0.000735596 0.000109524 7.71365e-06 3.49432e-05 5.29417e-06 6.7083e-05
0.745748 0.0277497 0.0052123 0.110592 0.00301032 0.00540345 0.00589344 0.0339192 0.00512134 0.0217247 0.00950976 0.00521518 0.00593851 0.0026998 0.00199343 0.000629352 0.000330519 0.00103357 0.00168196 0.00140986 0.000266597 0.00161113 0.000234179 0.000757886 0.000151728 0.000133283 0.000308475 0.00066825 0.000281375 4.83842e-05 8.5851e-06 0.000195429 0.000174709 1.52378e-05 2.4204e-05 8.73064e-06 3.19274e-05 4.17033e-06 8.54999e-06 1.91064e-07 2.16279e-05 4.69101e-05 2.54641e-05 2.91125e-05 5.71972e-05 5.74464e-06 1.52721e-05 1.21222e-05 2.02543e-05
0.750643 0.10767 0.0317999 0.00884758 0.00660656 0.0129505 0.0210778 0.00332497 0.0254309 0.000790359 0.00274893 0.0083748 0.00616352 0.0048606 0.00235633 0.0018625 0.000346635 0.000469211 0.00108157 0.000698363 0.000534592 0.000366377 0.000156271 0.000185376 4.53319e-05 0.000296494 7.53683e-07 5.97952e-05 1.5238e-05 2.65596e-05 0.000118274 2.12258e-06 4.13973e-06 1.64839e-05 2.20854e-05 4.71357e-07 2.7072e-06 8.39606e-06 5.52121e-06 1.97242e-05 1.3138e-06 1.21304e-06 4.78196e-06
0.756972 0.00665251 0.100797 0.0543382 0.00230218 0.0201219 0.0160788 0.0016749 0.00462433 0.00633055 0.00567798 0.00256726 0.0052838 0.00536228 0.00383363 0.00241715 0.000274409 0.000707089 0.000119001 6.62935e-05 0.000945881 0.000303258 5.10994e-05 0.00024435 0.000516362 0.000374372 7.05352e-05 0.000116249 9.08484e-05 0.00020603 8.93294e-05 4.01346e-05 2.39163e-05 0.000446902 3.9717e-05 7.40874e-06 2.88235e-05 2.88247e-05 9.31404e-05 1.36245e-05 1.21602e-05 1.30956e-05 2.27951e-08 6.6312e-06
0.679207 0.134884 0.00848377 0.055111 0.016886 0.00168667 0.0304812 0.0177864 0.0112283 0.00190405 0.0115266 0.0117667 0.00180432 0.00707103 0.00177311 0.00423362 0.00115136 0.000664386 6.05562e-05 9.92545e-05 0.000555955 0.00042631 5.08694e-05 1.70174e-05 2.59018e-06 0.000510261 2.83334e-05 5.36384e-05 6.53269e-05 2.47699e-06 6.39956e-05 0.000129382 1.70633e-05 6.29884e-05 9.15963e-05 4.29983e-05 9.81811e-06
0.781552 0.111931 0.00448405 0.0136646 0.0372295 0.00631607 0.00496544 0.010878 0.00586171 0.00357194 0.00146731 0.00396161 0.00678495 0.000396531 0.00137055 0.00378268 0.000641722 0.000198125 0.000111132 0.000258217 8.76564e-05 7.80337e-05 2.38745e-05 0.000247454 5.67127e-06 4.16589e-05 1.39192e-05
0.709418 0.155421 0.0456792 0.0291132 0.00641757 0.00307847 0.0118709 0.0107515 0.00625026 0.0017719 0.00312633 0.00226375 0.00504575 0.0032539 0.00289365 0.00107717 0.0017869 8.56663e-05 0.00013771 2.01597e-05 1.45754e-05 2.7339e-05 0.000201102 4.42452e-05 6.31478e-05 2.89623e-05 5.28027e-06 8.4727e-05
0.686509 0.0193494 0.151169 0.0323679 0.00389001 0.00419985 0.0195767 0.00705681 0.0313411 0.00664504 0.0150996 0.000756429 0.00338165 0.00629902 0.00326343 0.000804428 0.00206767 0.000719358 0.00116895 0.000191143 0.000941752 0.000752361 6.30707e-06 0.000580925 0.000139624 4.2727e-06 0.000660719 0.000738175 2.25466e-05 3.91963e-05 1.09919e-05 2.71055e-06 3.66745e-06 0.000114966 1.69206e-05 2.74598e-06 1.99565e-05 3.3066e-05 1.88183e-05
0.774586 0.0357173 0.011275 0.080218 0.0503963 0.00339228 0.00540388 0.0021434 0.00834977 0.00368847 0.00694913 0.00208537 0.00112928 0.00848528 0.000722586 0.00185016 0.00164671 0.00102471 0.000106259 0.000180671 7.87906e-05 0.000142213 3.66557e-05 0.000114218 9.02902e-06 6.64729e-05 2.90239e-06 7.29689e-05 3.24649e-05 1.82009e-05 1.56255e-05 2.66702e-06 3.55279e-06 2.85442e-05 3.13875e-06 2.27036e-07 3.32465e-06 4.83181e-06 1.24508e-07 8.70287e-08 4.89923e-06 1.6419e-06 2.14192e-06 9.83308e-07 1.10724e-06 3.18888e-07 5.60247e-07
0.793091 0.0921051 0.0101673 0.00722917 0.0233002 0.00458687 0.00767966 0.0140147 0.016889 0.00346907 0.00432584 0.00271413 0.00317108 0.00406179 0.00593538 0.00265492 0.000406152 0.000109974 0.00047851 0.00125203 0.00022121 0.000227405 0.000218122 0.000726607 4.24212e-05 2.98802e-05 7.32419e-05 0.000415899 7.44839e-06 0.000114401 1.32702e-05 2.33634e-05 6.20497e-05 1.25912e-05
0.766094 0.0400574 0.0017565 0.0933175 0.0113167 0.0140229 0.0186144 0.00159603 0.00505376 0.014339 0.0072917 0.0115848 0.00262652 0.00438993 0.00385113 0.00121746 0.000490619 0.000536628 0.000570727 0.000400695 0.000195175 2.31559e-05 2.13913e-05 2.71798e-05 0.000133669 8.76085e-05 0.00010514 8.25099e-05 9.71889e-06 1.38609e-05 2.70844e-05 9.21666e-05
0.755604 0.140141 0.0109535 0.0304138 0.00362703 0.00861161 0.00751609 0.00207479 0.0130037 0.00895033 0.00609602 0.00101276 0.00117066 0.00311538 0.00381781 0.000498395 5.23496e-05 0.00110051 0.00116288 0.000159814 0.00047673 2.42773e-05 9.36042e-06 0.000131013 1.90606e-05 1.7399e-05 3.01991e-05 7.70534e-05 4.38418e-05 4.0832e-05 2.20512e-05
0.695899 0.130335 0.0281704 0.0124619 0.0470091 0.00233543 0.00659516 0.0222499 0.0055795 0.00714879 0.00868649 0.00303876 0.00904665 0.00389184 0.00127228 0.00129184 0.000264149 0.00223499 0.00272231 0.00235648 0.000645354 0.00206925 0.00117033 2.54386e-05 0.000869565 0.00109364 8.09639e-05 0.000197316 0.00014629 0.00017899 6.61782e-06 1.90871e-05 0.000109396 0.000229551 0.000122219 2.86588e-05 0.000146667 1.75125e-05 1.27138e-05 3.48596e-05 5.90906e-05 3.71542e-05 1.1721e-05 1.17975e-06 6.76085e-05
0.684717 0.00467533 0.0245626 0.15814 0.0143017 0.00848297 0.00280422 0.00809142 0.0363588 0.000793518 0.0214888 0.00965886 0.00909634 0.00419139 0.00148089 0.00752823 0.000556914 7.27761e-05 0.00148294 0.000144401 0.000128829 0.000113425 0.000112766 0.000605321 5.72429e-05 0.000130429 4.65112e-05 1.55536e-05 2.32105e-05 2.26364e-05 4.04538e-05 6.88635e-06 1.47585e-05
0.75634 0.104638 0.0163988 0.00423494 0.00687759 0.0359105 0.011771 0.0121882 0.00104815 0.0030448 0.00142228 0.0165246 0.00120057 0.0100429 0.00225525 0.00481505 0.00234418 0.0037227 0.000135528 0.00104467 0.00140077 0.000289154 0.000318591 0.000691013 0.00021566 0.000227645 0.000191249 0.000138409 4.37819e-06 0.000201933
0.686137 0.135571 0.0275828 0.0291796 0.0301548 0.00737033 0.0219286 0.0134158 0.009838 0.0106446 0.00328427 0.00293549 0.00460307 0.00184094 0.00746698 0.00432497 0.00165705 2.64776e-05 0.000283072 0.000494744 0.000502739 0.000202338
0.758421 0.00142507 0.103058 0.031187 0.0241297 0.00763579 0.0183683 0.00505462 0.00629224 0.00151543 0.0115133 0.00357985 0.00694963 0.00295765 0.00562775 0.0069543 0.000579959 7.01402e-05 0.00076237 0.00238808 0.000605945 0.000356595 0.000135825 3.20247e-05 9.29703e-06 0.000110698 9.48135e-06 5.7263e-05 7.8293e-05 4.87395e-05 8.80275e-06 1.8619e-05
0.722481 0.111935 0.0159386 0.0014493 0.0470766 0.0265519 0.0103698 0.0275374 0.00763501 0.00196552 0.00453026 0.000955898 0.00278998 0.00435218 0.00483909 0.00339748 0.000605133 0.00194768 0.000442865 0.00119998 0.00117197 0.000188658 0.000144616 8.50779e-05 7.78983e-05
0.0953072 0.785436 0.0148903 0.0134904 0.026567 0.00849739 0.0128803 0.00385911 0.0175167 0.00179077 0.00553132 0.00170397 0.00470997 0.0015195 0.000333513 0.000379622 0.00193362 0.00242967 0.000137161 0.000120842 0.000459841 6.31248e-05 0.00016271 0.000162084 3.18032e-05
0.717145 0.0990464 0.00403407 0.00473863 0.0100066 0.0380005 0.0324829 0.0127312 0.0154866 0.0121455 0.01045 0.00811146 0.00408443 0.00574787 0.0160927 0.00144943 0.0051103 0.00171912 0.000295159 8.28256e-05 9.49659e-05 1.33724e-05 6.21539e-05 0.000323302 4.9467e-05 0.000181135 3.82633e-05 9.90463e-06 7.01359e-05 3.22202e-05 2.90798e-06 4.82647e-05
0.728973 0.0888126 0.022334 0.032515 0.0163044 0.0101061 0.0185469 0.0236176 0.00190191 0.0107815 0.0129638 0.0174083 0.00316178 0.00381853 0.00255502 0.00164543 0.00228677 0.000143793 4.14083e-05 0.000316098 0.000140914 0.000772779 5.87729e-05 0.000201355 0.000112354 1.65816e-05 0.000203789 2.82838e-05 0.000106986 7.44302e-05
0.7386 0.0940986 0.0234283 0.0460973 0.0157603 0.00913567 0.0358342 0.00260803 0.00290087 0.00650611 0.00359654 0.00455078 0.00389058 0.00257398 0.00550273 0.00218059 0.000647701 0.000543319 5.04096e-05 0.000203019 0.000637122 0.000271046 5.52309e-05 4.17022e-05 5.25697e-05 2.55766e-05 9.16953e-05 5.32898e-07 2.57702e-06 1.74805e-06 2.9382e-05
0.722758 0.0328792 0.00450864 0.114772 0.0161476 0.0143221 0.00630902 0.0292996 0.00808738 0.00148047 0.012166 0.00366239 0.0110889 0.00111591 0.00359784 0.00894902 0.00129088 8.48676e-05 0.00365175 0.00137983 2.37267e-06 0.000402501 0.00010058 0.000215818 0.000372747 0.000582565 0.000169005 0.00040527 6.29843e-05
0.752486 0.00925214 0.0563523 0.0320224 0.0756402 0.0126992 0.0107334 0.00333764 0.00435579 0.0154868 0.00278975 0.00624583 0.00328675 0.00189608 0.00450674 0.00157799 0.00100708 0.00024819 0.000607895 0.000775646 0.000829361 0.00041339 0.000256554 0.00114213 0.000217154 0.000139721 0.000884482 5.43699e-05 3.45464e-05 0.00010981 0.000184109 6.03115e-05 1.15968e-05 0.000165829 3.51114e-05 1.27244e-05 2.89928e-05 4.66155e-05 1.4305e-05 8.24856e-06 1.37803e-05
0.732273 0.00185066 0.0139076 0.00200602 0.103988 0.0269668 0.00261116 0.0132404 0.00232923 0.0254409 0.00517935 0.0127876 0.0091466 0.0162576 0.00987311 0.0108708 0.00113365 0.00154057 0.00135538 0.0013011 0.000949147 7.62957e-05 0.000369391 0.00267563 0.000998086 3.65501e-05 9.4393e-05 6.0107e-05 5.59655e-05
0.716332 0.130771 0.008068 0.00628824 0.0378304 0.0227913 0.0210058 0.0165403 0.0123768 0.00441149 0.00291973 0.0035817 0.00103189 0.0015061 0.0011401 0.00212009 5.2634e-05 0.000933199 0.00399935 0.000524069 0.00122175 9.1664e-05 0.000113848 0.00119059 0.000362305 0.000451493 0.000158665 0.0011296 9.6322e-05 1.86368e-05 0.000161666 0.000137192 7.69716e-05 0.000170015 4.81401e-05 1.07788e-05 6.06198e-05 3.13749e-06 8.43925e-05 3.2102e-05
0.0461475 0.757654 0.0397505 0.0965352 0.00120144 0.00294898 0.014148 0.00447456 0.0065373 0.00851599 0.00337395 0.00162922 0.00169341 0.00428097 0.00432259 0.00246016 0.000638999 0.000232224 0.000165616 0.000119954 0.000593683 0.000931263 0.000263134 0.000537348 2.25823e-06 7.23858e-05 0.000209496 8.21808e-05 3.17743e-05 1.76936e-05 0.000160273 3.53864e-05 4.9438e-05 3.99936e-05 5.78324e-06 1.96034e-05 1.00239e-05 2.65374e-05 1.17289e-05 3.25384e-06 2.47474e-05 1.40148e-05 7.928e-07 9.02067e-06
0.712268 0.139176 0.0276186 0.00352973 0.0517225 0.00880656 0.00501452 0.00374594 0.0218136 0.00327963 0.00758758 0.00454506 0.00146921 0.00213886 0.00218414 0.000757745 0.00018413 0.00261068 0.000535685 0.000180197 0.000248213 0.000222236 8.55311e-05 7.0936e-05 6.1821e-05 1.82521e-05 2.07227e-05 7.69875e-05
0.675721 0.121221 0.0315159 0.0648919 0.0398391 0.00301798 0.0152878 0.00381818 0.00639802 0.0115002 0.000859267 0.00828207 0.00402188 0.000234567 0.00107754 0.00594681 0.00206934 0.000191683 0.00105708 0.000509872 0.000225546 0.000340069 0.000316923 3.18019e-05 0.000138522 0.00100471 0.000301593 2.83202e-05 4.74197e-05 1.31995e-05 2.31516e-06 1.06111e-05 5.53722e-06 1.23855e-05 2.21667e-05 1.45655e-05
0.747686 0.108683 0.0372258 0.0102446 0.00494595 0.0243825 0.00452673 0.00783287 0.00584562 0.0101767 0.00766728 0.0123734 0.0005729 0.00780601 0.00103019 0.00656429 0.000547926 2.5312e-05 0.000132265 0.000802018 0.000400686 4.05785e-05 0.000103222
0.738147 0.0953063 0.00859278 0.0439552 0.0172892 0.044711 0.0033112 0.00729413 0.00343645 0.00167278 0.00620457 0.00650331 0.00133483 0.00319119 0.00754976 0.00427906 0.00147679 0.00266793 0.000261892 0.000194673 0.00132363 0.000513675 6.13107e-05 5.15523e-05 2.91139e-05 4.98995e-06 0.000145537 0.00019034 2.6309e-05 8.74114e-06 1.37547e-05 8.61086e-05
0.796205 0.0718137 0.0303599 0.0288531 0.0022142 0.00636299 0.00159517 0.0180031 0.00145393 0.00165115 0.00338668 0.00630008 0.00567456 0.00804391 0.0153858 0.000946608 5.76494e-05 0.000290371 0.000188704 0.000166498 3.02494e-05 0.000450626 0.000196215 1.1876e-05 0.000118457 4.20701e-05 5.59727e-05 5.45178e-05
0.749662 0.0950839 0.01111 0.0183647 0.0328775 0.0218846 0.0035214 0.00334768 0.0124774 0.00917802 0.00459053 0.00242722 0.0160499 0.0102492 0.0053381 0.000238696 0.000268442 0.000400716 0.000285356 0.000270427 0.000529598 0.000300891 0.000226431 5.96213e-05 0.000423546 0.000609649 1.165e-05 2.60218e-05 5.44742e-05
0.764968 0.0987139 0.0070412 0.0408739 0.00265308 0.0198178 0.00207577 0.00133586 0.0121764 0.0022374 0.00253463 0.0158677 0.00597071 0.00580009 0.00153413 0.00721194 0.00110609 0.000175124 0.000992416 0.000810187 0.00227524 9.06668e-05 0.000352901 0.000587937 0.000170071 7.78397e-06 3.71099e-05 0.00106749 0.000123097 2.95305e-05 0.000284497 0.000385626 1.90161e-05 0.000216958 8.89597e-05 0.000101354 3.14238e-05 4.0911e-05 3.73723e-05 1.36508e-05 1.04309e-05 2.72714e-05 9.25075e-06 7.44514e-06 2.20987e-05
0.726252 0.0263366 0.102294 0.0640442 0.00819323 0.00468367 0.00569171 0.0031087 0.00414262 0.00568067 0.00696963 0.00469939 0.00366589 0.0170925 0.00174915 0.00928038 0.00140211 0.000234699 0.00127702 0.000392008 0.000274559 0.000610994 0.000405479 7.78547e-05 2.58595e-05 0.000227614 2.1372e-06 5.83877e-06 9.73063e-05 0.000124048 0.000118454 0.000211899 0.000116276 7.28397e-05 3.68431e-05 0.000104272 1.06287e-05 5.18646e-05 0.000119818 3.72282e-05 1.31435e-05
0.709864 0.0564294 0.100076 0.0112311 0.0108025 0.024278 0.00554868 0.00587233 0.00131495 0.0235652 0.00321186 0.00879474 0.00433745 0.000948866 0.012363 0.00823075 0.000360228 0.00252762 0.00194903 0.00367745 0.000821555 9.97915e-05 0.000104442 0.00083258 0.000407018 7.24126e-05 0.000367579 0.000288893 0.000665135 9.85522e-05 0.000354846 6.56362e-05 7.30974e-05 0.000110127
0.784178 0.0135499 0.0871738 0.0047092 0.0282208 0.0280921 0.00945093 0.00375055 0.00186959 0.0052903 0.00394273 0.00751612 0.00209304 0.000640415 0.00448109 0.00605178 0.0007223 0.000715031 0.00165243 0.00123603 0.00124214 0.000538452 0.000564783 0.00031908 0.000505408 0.000457495 0.00025964 5.71809e-05 0.000200637 2.98873e-05 0.000113083 0.000128651 6.9628e-06 0.000108414 2.38575e-05 1.39697e-05 2.47851e-05 3.72874e-06 3.53389e-05
0.0854883 0.796213 0.0037811 0.0302798 0.0147378 0.00615757 0.00128474 0.00555535 0.00242158 0.00223585 0.00502993 0.0103204 0.00516007 0.0108112 0.0104965 0.0047079 0.000695169 0.000860594 0.00253291 0.000226916 0.000359113 2.99991e-05 0.000281102 0.000106752 7.31873e-05 1.80659e-05
0.727021 0.115043 0.00497065 0.0291754 0.0126699 0.00967618 0.0100355 0.0124688 0.00184004 0.0423851 0.0107496 0.00305158 0.00420831 0.0032548 0.00084577 0.00497193 0.000713918 0.00194632 0.00188202 0.000274874 0.000546846 0.000961613 0.000318473 6.91798e-05 0.000174118 0.000215546 7.66027e-05 1.9046e-05 7.18599e-05
0.725255 0.102543 0.0107444 0.0360304 0.0164438 0.0203358 0.017332 0.00987186 0.0211068 0.0057479 0.0144864 0.0024302 0.00756735 0.000784467 0.0042878 0.00128252 0.000290818 0.000621712 0.0011275 0.000592478 0.00047796 4.84354e-06 0.000340063 8.54461e-05
0.782999 0.0320968 0.0172142 0.0906401 0.0055907 0.0208081 0.00431924 0.0153683 0.00205618 0.0038581 0.00746217 0.00582356 0.00187615 0.00126789 0.00491261 0.00146787 0.000521214 3.81055e-05 0.000118813 0.000655112 0.000336246 7.6107e-05 3.06568e-05 2.46914e-05 1.72912e-05 5.30138e-05 4.03227e-05 8.07681e-05 1.64435e-05 6.07038e-05 1.5457e-05 9.40411e-05 9.06332e-07 6.77342e-06 9.51385e-06 1.95523e-05
0.738113 0.0148503 0.121792 0.0163093 0.0223197 0.0170056 0.00429805 0.00815326 0.00225216 0.0133219 0.0103506 0.00767475 0.00565794 0.00167409 0.00644823 0.00211757 0.00214226 0.00265476 9.73661e-05 0.000144756 0.000356766 0.000165945 0.000211821 0.000313975 0.000263733 0.00058105 0.000183558 9.40841e-05
0.677828 0.106596 0.0169902 0.0186685 0.0144505 0.0302723 0.0136252 0.0360045 0.0252682 0.0141057 0.00657201 0.0193645 0.00426258 0.00420498 0.00216962 0.00131752 0.000584498 0.000355944 0.00565232 3.01881e-05 0.00014016 0.00024444 0.000170781 0.000335828 0.000145331 0.000259723 2.3742e-05 6.79523e-05 1.3144e-05 3.6226e-05 1.5147e-05 2.96633e-05
0.755107 0.0121117 0.0841951 0.0534861 0.0155323 0.0141614 0.0150665 0.00171902 0.0121839 0.000721867 0.0142128 0.000894853 0.00184381 0.0067794 0.00262177 0.00434688 0.00198089 0.000651713 0.000138169 0.000590725 0.00027581 0.000114133 0.000358726 0.000360032 4.56597e-05 7.1634e-05 0.000109321 8.74534e-05 2.55396e-08 1.88871e-05 1.07851e-05 1.83776e-05 2.80377e-06 6.07036e-05 1.0153e-06 1.93591e-05 4.81603e-06 4.39956e-05 1.62575e-06 1.04551e-06 1.87587e-05
0.72181 0.151827 0.0119967 0.0530567 0.011569 0.00582367 0.00577133 0.00361238 0.00580579 0.00437408 0.0048765 0.00334962 0.00810764 0.00122034 0.00110397 0.000435231 0.00132618 0.00153473 0.000952716 4.9398e-05 0.000758949 3.48265e-05 1.3004e-05 0.000201638 1.21681e-05 4.0386e-05 1.88936e-05 4.41173e-05 2.93426e-05 1.61972e-05 1.36799e-05 5.54062e-05 3.21686e-05 3.0908e-05 5.09752e-06 9.58884e-06 4.72909e-06 3.19806e-05
0.753511 0.034225 0.0112086 0.0940454 0.0250575 0.0171234 0.00747368 0.00574849 0.00383924 0.00627788 0.0195053 0.00519563 0.00923733 0.00401459 0.00241251 0.000493629 3.54885e-05 0.000173922
0.750652 0.111853 0.0455519 0.00621051 0.00594873 0.00110978 0.0172697 0.00611915 0.00924051 0.00607501 0.00593158 0.00840497 0.00543879 0.00158984 0.00362651 0.00798008 0.00217418 0.00224088 3.06932e-05 0.000358669 0.000900631 1.80851e-05 0.000197025 0.000513818 0.000233674 3.01175e-05 3.61385e-05 0.000126044
0.723421 0.0122092 0.0339937 0.127118 0.0116667 0.00937352 0.00230974 0.0125824 0.00429978 0.0231427 0.00471568 0.00647886 0.00450503 0.00329211 0.00624237 0.000980287 0.000326746 0.000128309 0.00154916 0.000844764 0.000488895 0.000753388 0.00408098 0.00135725 0.000106354 0.00103428 0.000348906 0.000243952 0.000611312 0.000272364 0.000202619 0.000516017 0.000493076 7.94571e-05 7.85416e-05 2.46055e-05 2.36499e-06 8.49374e-06 2.94679e-05 1.85141e-05 7.1561e-06
0.74973 0.109981 0.0473422 0.0154028 0.00603645 0.0209922 0.00276455 0.00684527 0.012929 0.00141924 0.00675724 0.00747431 0.00296666 0.00264553 0.00245401 0.00227709 0.000537585 0.000228691 0.000175873 0.000230627 0.000295974 8.06179e-05 5.70252e-05 9.47375e-05 6.8178e-06 0.000117087
0.809073 0.0249091 0.0807886 0.00851041 0.00546752 0.0172081 0.00824522 0.00136314 0.0215227 0.0049747 0.000500793 0.000996393 0.00845896 0.00213216 0.00196364 0.000344458 0.000719248 0.000936505 0.000830233 1.99646e-05 0.000101164 0.000565196 8.67253e-05 0.000107305
0.687446 0.122816 0.0180523 0.0592335 0.00281756 0.00729978 0.00244712 0.0208193 0.00950541 0.00275199 0.00271576 0.0389722 0.00313402 0.00673173 0.00178105 0.00329769 0.00294139 0.000693438 0.00157125 0.000435343 0.000871473 0.000353912 0.000746634 0.00116813 4.60141e-05 0.00025765 6.55189e-05 0.000338295 0.000133551 3.14071e-05 0.000163482 0.00021753
0.0161798 0.74494 0.113043 0.0395339 0.034585 0.00103802 0.00288641 0.00489859 0.00232188 0.00573832 0.00826114 0.0044569 0.0111897 0.00102913 0.00342659 0.000463744 8.82459e-05 0.00198344 0.000741973 0.00042564 0.000981708 7.93705e-05 6.71429e-05 0.000503526 0.000494674 1.42478e-05 4.38838e-05 2.04453e-05 0.000105543 0.000104796 0.000233922
0.764388 0.025439 0.0684223 0.00335342 0.00440109 0.0115611 0.0426267 0.00303182 0.00414863 0.0209094 0.0126909 0.00359471 0.00433146 0.00498982 0.0178314 0.00330189 9.34977e-05 0.00289696 0.000873008 0.000344138 0.000200232 3.28413e-05 1.79792e-05 6.14479e-06 3.22859e-05 0.000170783 8.76527e-05 1.81297e-05
0.682491 0.0343059 0.0117491 0.0651451 0.0327131 0.127289 0.0157007 0.00733835 0.00296394 0.00293398 0.00812712 0.00188936 0.0035394 0.00202876 0.000461055 0.000106028 0.000494871 0.000100418 4.58914e-05 0.000183503 6.86853e-05 0.000126628 4.81876e-05 1.83015e-05 3.19686e-05 4.15095e-05
0.790543 0.0892145 0.0406841 0.00989487 0.00335158 0.0100789 0.00548965 0.00233925 0.00960217 0.00486935 0.0104267 0.00396292 0.00509522 0.00245814 0.00362945 0.00212026 0.00360261 4.88563e-05 0.000811343 0.000278408 0.000194983 0.000236052 7.74687e-05 0.000245882 8.26794e-05 0.000117759 0.0001605 6.84921e-05 2.63128e-05 7.26322e-05 1.34841e-05 4.08021e-05
0.732402 0.074378 0.0284399 0.0452197 0.00427329 0.00393325 0.0166747 0.0219556 0.00569868 0.0078375 0.0142055 0.00112849 0.0164919 0.00151356 0.00901631 0.00501656 0.000775761 0.00145703 0.00147826 0.00219121 0.0031188 8.15976e-05 0.000719833 0.000752782 4.06456e-05 0.000251055 8.23294e-05 0.000345949 0.000173863 2.20748e-05 9.25969e-06 3.73895e-05 6.40752e-05
0.742533 0.132526 0.00785482 0.0390498 0.00325861 0.0206742 0.00369781 0.00921426 0.0014953 0.00354379 0.00289056 0.00410676 0.00313765 0.00763267 0.0058565 0.00912939 0.00049816 5.53308e-05 0.000328537 0.000349511 0.000727067 0.000560915 7.38298e-06 2.27992e-05 0.000162986 0.000142736 2.89825e-05 3.56979e-05 6.4706e-05 7.56674e-05 5.31468e-05 4.43517e-05 2.27692e-05 2.60836e-05 6.31562e-06 3.0378e-05 7.26251e-05 1.97695e-05
0.734421 0.109223 0.010328 0.0318691 0.0192917 0.00681429 0.00509933 0.026838 0.00449053 0.00257149 0.00275044 0.00453343 0.0173332 0.011795 0.00929119 0.00227631 0.000191026 8.55997e-06 9.74241e-05 6.8915e-05 0.000375204
0.796025 0.0814697 0.0333493 0.00980354 0.00262122 0.0125369 0.008685 0.0245759 0.00418693 0.00487115 0.0048513 0.00660439 0.00199743 0.000881072 0.000854812 0.00506383 0.000252536 0.000331066 0.000381939 3.52767e-05 0.000107151 3.32291e-05 4.83646e-05 8.54464e-05 2.86851e-06 1.03363e-05 6.5688e-05 3.29122e-05 7.81409e-06 2.14032e-06 7.93371e-05 6.62048e-06 6.27053e-06 4.31522e-05
0.759493 0.0956446 0.020994 0.0185455 0.0264161 0.00615167 0.00628732 0.00384976 0.00422144 0.033504 0.00323069 0.00195182 0.00793524 0.00398248 0.00664443 0.000357635 9.04724e-05 8.43571e-05 4.4526e-06 4.00473e-05 2.24443e-05 5.58778e-05 0.000276546 0.000130886 2.83712e-05 3.22506e-05
0.716698 0.00594496 0.109044 0.0284848 0.0267265 0.00628706 0.0226459 0.00963717 0.00739284 0.0106659 0.0123246 0.00780577 0.0125736 0.00641993 0.00505578 0.00361161 0.00117763 0.000718832 0.000746345 0.000672524 0.000404967 0.00113021 0.00114803 0.000289915 0.000368068 0.000295873 0.00020985 0.000190546 6.69353e-05 0.000141996
0.773732 0.0878612 0.0254746 0.00778731 0.00737172 0.00429558 0.0228138 0.00631619 0.0175173 0.00806685 0.00344161 0.00964427 0.00369719 0.00355127 0.00179464 0.00150865 0.00181896 0.00567693 0.00304536 0.000464445 0.000815929 0.00179091 0.00079914 9.44663e-05 0.000270487 7.08646e-05 0.000159743
0.729344 0.0322916 0.129265 0.0154058 0.00537092 0.00197126 0.00468048 0.0156582 0.0100835 0.00410567 0.000880775 0.0291244 0.00873667 0.00230151 0.00405969 0.000943657 0.00250335 0.00212181 0.000151932 3.73064e-05 0.000202863 0.000197894 0.000251156 1.22287e-05 1.35601e-05 5.51597e-05 0.000147821
0.764834 0.0938715 0.0168807 0.00556335 0.0154048 0.0138193 0.00918773 0.00151123 0.0272435 0.00363777 0.00216618 0.00823372 0.00690873 0.00464458 0.0139985 0.00183996 0.00593801 0.000389238 0.00128065 5.82757e-05 0.000485293 0.000118633 0.000782559 0.000392516 0.000152966 0.000359772 4.40554e-05 3.57506e-05 1.6876e-05 1.5415e-05 7.87986e-06 1.0873e-05 4.10569e-05 3.78126e-06 2.3969e-05
0.744212 0.112143 0.0116083 0.00471322 0.0112842 0.00419122 0.00907631 0.0417148 0.0200257 0.0112002 0.00299612 0.00515636 0.00129028 0.00237923 0.0126341 0.00175421 0.000206651 0.000594121 8.00142e-05 0.00011262 0.00125338 0.000826688 0.000106156 0.000145274 5.2473e-05 1.41457e-05 4.14339e-05 8.68407e-05 1.01636e-05 1.88438e-05 2.09203e-06 1.26167e-05 1.01045e-05 2.05159e-06 4.96023e-06 7.17021e-06 3.08207e-06 4.30261e-06 1.41401e-06 2.16455e-06 9.4924e-06
0.755178 0.0262746 0.040678 0.00480928 0.125749 0.000497135 0.00567524 0.00304781 0.00949448 0.00267118 0.00369824 0.0066119 0.0015209 0.00161207 0.00288996 0.00391787 0.000911526 0.00110234 0.0011668 0.000101001 0.000437756 7.1716e-05 0.000242204 0.000259795 6.07565e-05 0.000234351 0.000119941 6.49777e-05 0.00022198 0.000204753 1.27349e-05 0.000167646
0.727483 0.0916679 0.052892 0.0146386 0.0189753 0.00517366 0.00953191 0.0294951 0.00161233 0.00832013 0.0050549 0.00461625 0.00703324 0.00879185 0.00409206 0.00418559 0.000889769 0.000688187 0.000728799 0.000236907 0.00104597 0.00135101 7.5238e-05 3.54126e-05 0.000925629 4.41607e-05 3.50655e-05 6.11316e-05 2.73302e-05 8.93541e-05 3.37657e-05 6.4954e-06 3.32045e-05 1.64709e-06 4.94652e-05
0.744628 0.0131957 0.0528146 0.00390582 0.0910971 0.00690118 0.00580964 0.0100998 0.00620938 0.00450459 0.00329937 0.0108351 0.0148596 0.00265243 0.00403836 0.00945096 0.00516088 0.00452224 0.00062384 0.000553291 0.000508442 0.000678999 0.000980923 0.000103706 0.000902193 3.83253e-05 0.000430275 0.000599553 1.17788e-05 2.05655e-05 0.000332994
0.75013 0.1084 0.0335561 0.0210356 0.00754849 0.010348 0.00303544 0.00575212 0.00488871 0.0238757 0.00126703 0.00354217 0.00585632 0.00531062 0.006634 0.00421533 0.000932694 0.00307929
0.723456 0.00615437 0.0886188 0.0599685 0.00697524 0.0191992 0.026957 0.0107475 0.0144427 0.00214194 0.00819616 0.00536969 0.0064973 0.00371465 0.00353269 0.00345054 0.00302205 0.00080566 0.00143574 0.000228516 0.00199882 0.00039778 0.000570509 0.000564438 4.43312e-05 0.000191703 0.000454553 5.85445e-05 8.64831e-05 0.000405052 9.0809e-05 9.52359e-05
0.757221 0.00814973 0.105852 0.00597517 0.0539855 0.00788857 0.0147231 0.00419015 0.00912061 0.00789888 0.00573304 0.00476022 0.00450343 0.00367342 0.000782028 0.00436382 8.4076e-05 0.000305281 0.000193885 0.000208114 5.62434e-05 0.000152261
0.0873156 0.802566 0.0399185 0.00846507 0.00626615 0.00660794 0.00809445 0.00452247 0.00236578 0.0112788 0.012278 0.000395015 0.00249979 0.000851204 0.0031623 0.000996928 0.000587916 0.000503163 0.000421374 0.000708187 2.17361e-05 5.23777e-06 2.97345e-05 5.38398e-05 1.19484e-05 6.09714e-08 1.09592e-05 1.72825e-05 2.71605e-05
0.704048 0.118939 0.00131389 0.0181786 0.00813263 0.0117236 0.0530597 0.00416716 0.0111184 0.0176433 0.01087 0.00917187 0.0208357 0.00129357 0.000651416 0.00343238 0.000561682 0.000662531 0.00138265 0.000270462 0.000138984 0.00049352 0.000122847 9.9073e-05 4.46648e-06 0.000483723 0.000736508 4.39746e-06 9.11439e-05 2.57227e-05 3.62091e-05 1.32953e-05 9.51549e-05 2.91079e-06 5.21262e-05
0.759959 0.0884381 0.0378572 0.0144913 0.0314189 0.0122027 0.00991915 0.00254011 0.00815674 0.00672815 0.00946193 0.00525046 0.00124801 0.00254846 0.00231978 0.00402927 0.000783079 0.000989118 0.000312631 0.000485247 3.11301e-05 0.000102697 0.000342553
0.751469 0.106634 0.00916909 0.00414801 0.0155379 0.0333666 0.0176221 0.00419107 0.00517688 0.0054614 0.0166681 0.00613632 0.00182818 0.0039062 0.00679629 0.000314271 0.00235315 0.00399666 0.000768163 0.000839829 3.99172e-05 0.000854043 0.00104996 0.000533296 0.000207269 5.68496e-05 2.94407e-05 0.000269618 0.000305304 1.00645e-05
0.758013 0.0553503 0.0864485 0.0121597 0.013431 0.00581919 0.00326129 0.00170549 0.0113116 0.0127759 0.00620705 0.00890647 0.00355431 0.00137137 0.011821 0.00374284 3.28029e-05 0.00117413 0.00173381 7.16109e-05 0.000220341 2.63754e-05 0.000226601 4.8908e-06 0.000215959 1.64315e-05 1.93541e-05 2.43493e-05 3.88828e-05 8.03991e-05 1.97009e-05 3.2035e-05 2.43641e-05 6.03173e-06 3.48178e-06 2.20697e-05 1.33226e-05 1.94185e-05 5.92812e-06 3.34813e-05 8.83177e-06
0.709428 0.0121773 0.129707 0.00707151 0.0287853 0.0257743 0.0132654 0.0191386 0.0164338 0.01193 0.00467542 0.0057553 0.00570345 0.00128884 0.00202998 0.00144583 0.000181597 0.000860061 0.000154198 0.00115495 0.000234848 0.000152274 0.00104443 4.09233e-05 0.000714088 0.00013002 2.66197e-05 0.000147077 9.5287e-05 0.000151766 8.21012e-05 3.10307e-05 1.11228e-05 4.75805e-05 4.7123e-05 9.27961e-06 1.67126e-05 1.14885e-05 2.34328e-06
0.792326 0.0819692 0.0275488 0.00469019 0.0227726 0.00259396 0.00488672 0.00213267 0.00412149 0.00500849 0.00797196 0.010159 0.00326913 0.0113788 0.00667196 0.00228597 0.00175118 0.00196734 0.0035357 0.000298063 0.000392638 0.000801019 0.000416409 9.15766e-06 0.000208422 7.10484e-05 0.000246362 6.91985e-05 6.29996e-05 1.59609e-06 3.30957e-05 5.86585e-05 7.31476e-05 0.000111682
0.77129 0.101327 0.0179134 0.0383045 0.0012369 0.00186691 0.00432658 0.0120941 0.0130033 0.00626301 0.00199693 0.00574251 0.00499562 0.00564575 0.0106627 0.000919559 0.000461473 0.000216407 0.000859456 1.94436e-05 7.081e-05 0.000113302 0.00018971 5.07972e-05 0.00012562 0.000106492 2.1152e-05 1.29452e-05 1.44826e-05 2.79714e-05 1.89539e-05
0.775249 0.0444066 0.0771056 0.0133324 0.0226852 0.0105511 0.00879471 0.00683072 0.0138562 0.00247829 0.00191591 0.00513019 0.00325177 0.00250655 0.00358298 0.0021548 0.000179035 0.0013549 0.000200022 0.00109961 0.000429196 0.000672803 0.000201534 0.000511134 0.000209845 5.39054e-06 0.000103683 3.14891e-05 0.000245052 9.63545e-05 0.000472678 3.84861e-05 3.05361e-05 8.48261e-05
0.74429 0.102702 0.0546092 0.0191372 0.0115805 0.00211929 0.0140503 0.0148146 0.0003734 0.00729655 0.0016954 0.0094052 0.00884924 0.000348474 0.00155472 0.00158472 0.00021363 0.00393965 0.000682329 1.32086e-05 9.57492e-05 8.65105e-05 5.3723e-05 3.0666e-05 7.28522e-06 0.000101917 0.000125962 6.86989e-05 1.47936e-05 1.51696e-05 2.65587e-05 4.18786e-05 1.60954e-05 2.37605e-05
0.759217 0.0456659 0.0043355 0.104417 0.0102413 0.0101489 0.000480001 0.00399153 0.00914737 0.00206688 0.00536483 0.029249 0.00311685 0.00355501 0.000312637 0.00449741 0.000140687 0.000760944 0.000882858 0.000973733 0.000502581 6.49827e-05 5.73705e-05 0.000177197 5.2645e-05 5.74879e-05 0.000196859 9.19075e-06 7.12702e-06 0.000104867 4.28235e-06 5.26824e-05 4.62537e-05 2.34464e-05 1.72901e-05 5.72267e-06 1.22031e-05
0.729729 0.0150426 0.0961354 0.0128335 0.0362679 0.0163613 0.00451909 0.016477 0.0177598 0.00591291 0.00873441 0.00384224 0.00138203 0.00869403 0.0037943 0.00872302 0.000325962 0.00310923 0.000576774 0.00287496 0.0017034 0.000943533 0.000360803 8.69647e-05 0.000980367 0.00090729 0.000430625 3.01104e-06 5.79244e-05 1.04445e-06 1.24357e-06 0.000723925 0.000245451 0.000263854
0.754698 0.114344 0.0101388 0.00380552 0.0212401 0.0209945 0.00761392 0.0257401 0.00215258 0.0143168 0.00238855 0.00145796 0.00738207 0.00118883 0.00464248 0.00122357 0.000493894 0.000764713 0.000194183 0.00121704 0.000464444 0.000825099 0.000626028 0.000373015 0.000855282 0.000333807 3.55658e-05 1.07196e-05 0.000163884 4.41579e-05 0.000136375
0.688901 0.107707 0.0784935 0.00338997 0.0203979 0.0166837 0.0127612 0.00605985 0.00909757 0.0109822 0.0060858 0.0168886 0.00309714 0.00871138 0.000635691 0.00220761 0.00397772 0.000487455 0.000611353 0.000949831 7.72207e-05 0.000550046 0.000373596 0.000358804 4.06097e-05 0.000163326 1.14389e-05 0.000123324 0.000119019 2.25112e-05
0.750437 0.0102124 0.0517104 0.0776961 0.00528913 0.0175069 0.00358678 0.00750227 0.0102866 0.0155934 0.00286403 0.0061998 0.0017327 0.0259235 0.00700608 0.00152638 0.000388175 0.0012579 0.00068519 0.000697234 0.000541872 0.000100794 0.000400422 0.00018791 3.4621e-06 3.71391e-05 0.000239371 4.59716e-05 0.000225287 2.26504e-05 1.51292e-06 1.5311e-05 2.84619e-05 1.17745e-06 6.62322e-06 1.85825e-05
0.733655 0.146885 0.0432882 0.00347558 0.0175071 0.00136127 0.00381151 0.00142729 0.0102865 0.00432762 0.00679734 0.00934794 0.00385725 0.00246514 0.00628705 0.000693366 0.00134791 0.00101072 0.000608517 0.000593672 0.000146301 0.000137279 0.000232496 0.000101284 4.034e-05 0.000115732 2.62134e-06 7.65625e-05 2.08032e-05 8.41485e-06 9.82852e-06 1.98763e-05 2.53054e-05 6.41727e-06
0.714541 0.020434 0.000957136 0.00712589 0.133251 0.00564874 0.0242623 0.0104442 0.0359925 0.0158034 0.0042166 0.0023708 0.00536669 0.00253105 0.00478153 0.00410089 0.00099219 0.00093302 0.00100282 0.00189366 8.86277e-05 0.000938333 8.64876e-05 0.000335971 0.000614223 8.685e-05 0.000192966 8.07533e-05 0.000167683
0.727665 0.0559733 0.112778 0.0111317 0.00778217 0.0217472 0.00997455 0.00446693 0.0070328 0.00218804 0.0108405 0.00890927 0.0120048 0.000216461 0.0045104 0.0015269 0.000120255 0.000129988 9.93597e-05 0.000519874 0.000139344 7.85069e-05 3.55252e-05 9.05576e-06 7.3748e-06 1.28497e-05 1.2157e-05 1.5963e-07 6.79995e-07
0.72696 0.1323 0.0114546 0.022242 0.0296409 0.0148977 0.00833712 0.00422566 0.0145282 0.00237089 0.00773401 0.00201989 0.00181103 0.00223463 0.00105288 0.00397027 0.00281523 0.00456733 0.000508728 0.0029811 3.16829e-06 0.000208297 0.000339684 0.000631011 6.24753e-06 0.000221931 0.000126185 0.000366434 0.000732593 0.000234462 0.000274771 1.5837e-05 3.73339e-05 1.73226e-05 3.18666e-05 1.47277e-05 1.18941e-05 1.99967e-05
0.767724 0.0279561 0.102234 0.00558641 0.0113966 0.00477121 0.00394839 0.0229601 0.00747833 0.0106019 0.00455738 0.00226331 0.00533449 0.00361214 0.00221816 0.0155797 0.000189003 9.35227e-05 3.59135e-06 0.000202361 2.44174e-05 5.09156e-05 1.06991e-05 9.90412e-05 1.00899e-06 0.000189454 7.79458e-05 6.71175e-05 1.68677e-06 8.19466e-05 0.000206872 0.000225495 1.50473e-05 2.42969e-05 6.0362e-05 1.88752e-06 4.25621e-05 1.33967e-05 1.19589e-06 2.83748e-06 3.94548e-05
0.755876 0.11219 0.0121037 0.0170455 0.0104564 0.025795 0.0189682 0.0161408 0.00372297 0.000981104 0.00201208 0.00832331 0.000408072 0.00462722 0.00224489 0.00163454 0.000928627 0.000566205 0.000583694 0.000302209 0.0015078 0.000854888 0.000105596 0.000517712 0.000449508 0.000215916 0.000661425 2.15102e-05 0.000380667 5.94716e-05 1.94743e-05 5.76703e-05 7.18293e-06 5.11326e-06 5.8626e-05 7.46269e-05 3.07687e-05 1.76386e-07 2.46745e-05 5.70045e-06 3.94502e-06 4.7286e-06 2.80514e-06 1.99818e-06 3.35459e-06 1.66798e-06 8.70838e-07 9.60016e-07 5.47232e-07 6.99574e-07
0.76452 0.0242339 0.00526044 0.112564 0.0173937 0.0184823 0.00438619 0.00741465 0.00412278 0.00677099 0.00563037 0.00869079 0.00640977 0.00237033 0.00254748 0.00370391 0.000352903 9.05454e-05 0.000635809 0.000517118 0.000776733 0.000375974 0.00078629 0.000961344 0.000248467 7.67276e-05 6.55944e-05 2.38487e-05 0.000105506 0.000159449 0.000143764 1.15384e-05 2.13363e-05 3.00897e-07 8.0389e-06 2.79359e-06 1.92751e-05
0.790737 0.0317046 0.0821144 0.00538086 0.0302476 0.0183731 0.0084379 0.00744057 0.000874621 0.00678966 0.0020297 0.00190316 0.00671064 0.00124721 0.00164359 0.00244594 5.5324e-06 0.000564135 2.16221e-05 8.46315e-05 0.000531934 9.15429e-05 6.8678e-05 9.14919e-05 0.000267577 1.62079e-05 1.13222e-05 1.14947e-05 1.79823e-05 1.23376e-05 2.19912e-05 3.41504e-05 1.95712e-05 8.88734e-06 3.89279e-06 2.53613e-06 9.02791e-07 9.40338e-06 8.53164e-06
0.713056 0.110042 0.00948574 0.0251112 0.0349859 0.0112638 0.00193127 0.0216893 0.00439664 0.010913 0.00320115 0.0168984 0.00959184 0.00968885 0.00535699 0.00163771 0.000454656 0.000609212 0.000423831 6.00065e-05 0.000741465 0.00429149 0.0013257 0.000417432 9.7584e-05 0.000535657 0.000296693 8.38885e-05 0.000712607 4.61237e-05 4.41161e-05 8.40579e-05 2.60796e-05 7.88429e-06 3.28053e-05 8.0178e-05 1.83029e-06 0.00013164 2.4943e-06 5.08742e-05 8.10002e-05 2.19593e-05 3.79191e-05 2.88702e-06 1.01012e-06 8.76712e-06 8.96719e-06 1.20734e-05 5.64849e-06 2.28848e-06 5.53741e-06
0.708422 0.131877 0.0203148 0.0402083 0.00479348 0.00833227 0.00579917 0.0189548 0.00225225 0.00574827 0.0118348 0.0109512 0.00511 0.00239696 0.00650999 0.00669617 0.00185633 0.00179422 0.0029073 0.00146652 0.000119556 3.67189e-06 0.000178186 6.98162e-05 4.28594e-05 0.000161381 0.00022183 0.00023408 4.15579e-05 0.000301349 0.000133138 7.17437e-05 1.33808e-05 2.3748e-05 5.15537e-06 4.88543e-05 2.78093e-05 8.40191e-06 2.13322e-06 2.02445e-05 1.10759e-05 2.60937e-07 1.30521e-05 9.39187e-07 8.61418e-07 2.45043e-07 6.13191e-07 4.51192e-06 1.69904e-06 2.06899e-06 1.78403e-06 2.19216e-06 4.9866e-07
0.800212 0.095489 0.0100449 0.0159301 0.00395967 0.0374515 0.00419753 0.00817637 0.00221027 0.00449613 0.000439896 0.00156835 0.00383308 0.00396444 0.0021717 0.00214942 0.00010734 6.8052e-06 0.000715801 0.00117757 3.86154e-05 1.25509e-05 7.87552e-06 0.000819268 5.00049e-05 0.000600469 5.64078e-05 1.20797e-05 1.54861e-05 4.73831e-05 3.83489e-06 4.47141e-06 6.68183e-06 1.35133e-06 4.5619e-06
0.760001 0.00448714 0.00657037 0.121977 0.0436415 0.0114753 0.0068045 0.0025201 0.0011862 0.00365367 0.00309533 0.00827122 0.00473404 0.00397555 0.00352203 0.0047041 0.00288363 0.00356168 0.000162563 0.00107 7.26889e-05 0.000542473 0.000801874 2.50032e-05 2.79282e-06 2.83625e-05 8.69262e-06 0.000124816
0.777069 0.00338792 0.115304 0.021397 0.000663108 0.0118556 0.00654577 0.0118231 0.01214 0.00374009 0.00862317 0.00149176 0.0071 0.00380629 0.00509525 0.00247448 0.0011068 0.000604643 0.00300447 0.000270678 0.000245932 0.000870566 0.000384794 1.10268e-05 0.000336207 1.77626e-05 3.74207e-05 5.07954e-05 7.55986e-07 0.00013373 8.70346e-05 4.76948e-05 3.47968e-05 5.22669e-05 1.82338e-05 6.49266e-05 1.84982e-05 1.76794e-06 5.16116e-06 1.42609e-05 1.15371e-05 1.92991e-05 7.3511e-06 3.15388e-06 1.76845e-06 4.7484e-06 8.45748e-07 7.25105e-07 2.17664e-06 2.23516e-06
0.760416 0.0261488 0.0885965 0.00594078 0.0137989 0.0144304 0.0173869 0.015699 0.0174688 0.0154582 0.00456467 0.0021254 0.00366032 0.00281399 0.001631 0.00201486 0.00150431 8.37225e-08 0.00131163 0.000217426 0.000604802 0.00118565 0.00037338 0.000297504 1.71734e-05 9.99735e-05 0.00122563 0.000225125 0.000153372 0.000196664 8.08173e-06 7.06736e-05
0.729157 0.101698 0.0160618 0.0107601 0.0221768 0.0203302 0.0305892 0.00677753 0.00727792 0.00419772 0.0134156 0.001262 0.0072496 0.00852032 0.00347682 0.00377794 0.000946776 0.00103862 0.00411719 0.000553938 0.000635569 0.00103058 0.00312725 0.000631693 5.62121e-05 0.00010614 8.81282e-05 8.00852e-05 9.86781e-05
0.739654 0.00504495 0.0436839 0.115701 0.00563497 0.00425919 0.0105164 0.0127101 0.00900229 0.00385867 0.00614571 0.00277953 0.0212451 0.00115216 0.0112392 0.00394709 0.000914741 0.000138841 0.000190576 0.000157336 0.00023373 0.000192866 0.000594613 0.000170262 0.000303634 3.82255e-05 6.4974e-05 1.56707e-05 0.000203606
0.73314 0.121212 0.00434055 0.00617302 0.00929877 0.032965 0.00461042 0.036039 0.00738618 0.0121428 0.00467042 0.00212978 0.0018858 0.0156707 0.00180514 0.00336813 0.000457609 0.000226775 0.000487758 0.000145024 0.000245657 0.000253873 8.94428e-06 0.000208311 0.000247918 0.000154711 0.000369498 3.91694e-05 7.56943e-05 3.69544e-06 3.39921e-05 0.000107013 7.80273e-06 3.94748e-06 1.26822e-05 4.88568e-06 1.09394e-06 1.98053e-05 2.37487e-06 1.50067e-06 2.08334e-05 7.26944e-06 4.48519e-06 1.75621e-06 1.06391e-06 9.28385e-07 2.52274e-06
0.7509 0.0503336 0.0932711 0.00529886 0.00594754 0.0263228 0.020683 0.00474385 0.00385485 0.0113928 0.00398955 0.00488705 0.00723447 0.00228629 0.00325119 0.00317654 0.000671333 0.000112851 0.000397023 0.000129277 2.39974e-05 3.62312e-06 8.58826e-06 0.000149266 0.000593308 1.12342e-05 0.000168387
0.0133296 0.731287 0.00796667 0.0400029 0.0236528 0.0878317 0.0117645 0.00449617 0.0112491 0.0104587 0.00468352 0.0141163 0.00849076 0.0034314 0.00698189 0.0121956 0.000328112 0.00121569 0.00183037 0.00208888 0.000351991 0.000243006 0.00022537 0.000105261 0.000246767 6.21923e-05 0.000835329 1.51682e-05 8.52683e-05 0.000293266 3.82575e-06 3.15028e-06 2.16284e-05 2.9978e-05
0.759527 0.038784 0.0314977 0.00881236 0.113641 0.00947187 0.00523996 0.00021187 0.00576544 0.00552668 0.00272382 0.00557896 0.00394261 0.00250962 0.00274349 0.00077688 0.0011391 6.96556e-05 0.000188044 0.000237945 0.000520943 0.000111293 0.000195657 9.11838e-06 0.000191505 7.45333e-05 6.20742e-08 8.44012e-05 9.17249e-06 1.592e-06 5.11059e-05 5.27078e-05 6.86059e-05 3.0212e-05 6.77741e-05 3.41075e-05 2.53467e-05 1.31772e-05 2.21828e-05 5.09875e-06 1.37011e-05 6.08443e-06 1.31067e-06 6.83664e-06
0.697274 0.155071 0.0453218 0.010748 0.00856953 0.0184677 0.0129807 0.00555957 0.0109956 0.00441458 0.00601724 0.00492844 0.00293628 0.00313415 0.00489779 0.00277943 0.000897735 0.00119519 2.49335e-05 1.632e-05 0.000399116 0.000826393 0.00110063 5.39853e-05 0.000135935 0.000195879 8.29056e-05 8.35308e-05 0.000244845 0.00024084 1.66502e-05 5.99658e-05 7.7272e-05 1.09363e-05 7.31549e-05 0.00013032 2.65437e-06 1.12926e-05 2.06675e-07 3.51274e-06
0.6971 0.0377356 0.00823769 0.0976119 0.00657065 0.00224636 0.0123623 0.00471477 0.0571928 0.0102456 0.00549588 0.0139591 0.0121757 0.00835002 0.00599935 0.00902387 0.00409366 0.00100923 0.000891517 0.00331048 4.34999e-05 0.000382313 0.00041336 0.000131251 0.000120393 5.42015e-05 0.000128936 0.00029605 3.10652e-06 2.31973e-05 2.71021e-05 9.37869e-07 1.63504e-05 1.18469e-05
0.709721 0.10932 0.0475062 0.00423219 0.0195666 0.0262164 0.00151676 0.00642211 0.0243093 0.00368065 0.0183168 0.0191634 0.00398093 0.000935041 0.00108001 0.00168266 2.34628e-05 0.000137179 0.000219215 0.00018117 3.66766e-05 0.000533517 0.000292795 0.000490604 8.55907e-05 9.3753e-05 2.52782e-06 7.59491e-06 5.35545e-05 1.715e-05 1.63514e-05
0.759634 0.113682 0.0054979 0.0464389 0.00504635 0.00373567 0.0214059 0.00192087 0.00503343 0.00359894 0.00660512 0.00215438 0.0109241 0.00241321 0.00305978 0.00378377 0.00389752 0.000293489 2.75254e-05 0.000152757 0.000243809 9.18416e-05 7.81597e-05 8.84032e-06 3.45235e-05 3.89144e-05 1.73997e-05 4.53649e-07 2.72814e-05 6.858e-06 6.7249e-05 2.3121e-05 1.82178e-05 3.5766e-06
0.725468 0.0620939 0.101214 0.0268448 0.0353645 0.00139579 0.00205349 0.0049067 0.00511405 0.00121655 0.00449573 0.0106258 0.00419316 0.00307346 0.00230069 0.00468751 0.00137669 0.000648501 0.000170054 0.000134702 0.000207249 8.39421e-05 0.000558581 5.19473e-05 0.000550715 3.23851e-05 2.90498e-05 0.000120221 0.000214848 0.000134584 0.00016763 0.000176829 7.36606e-05 5.46082e-06 1.46912e-05 3.05012e-06 6.01639e-05 2.65267e-05 5.06413e-05
0.704156 0.10915 0.00186621 0.0215838 0.0162941 0.0270942 0.0381497 0.0146995 0.00529644 0.00373384 0.0156873 0.00448701 0.00664982 0.00717954 0.016564 0.00220783 4.3416e-05 0.000121888 0.00171335 0.000620441 0.000257097 0.00029414 0.000585874 0.000851257 0.000478716
0.765579 0.10839 0.00225082 0.0436802 0.00710687 0.0147886 0.0133344 0.0064507 0.00317852 0.0100029 0.00344556 0.00264439 0.00350902 0.00379057 0.000895429 0.00578069 0.00037602 0.00117478 0.000488251 2.46587e-05 6.44149e-05 0.000678049 4.18995e-05 8.15362e-05 0.00122002 0.00036723 3.16714e-05 3.24139e-05 6.43798e-05 9.16682e-05 1.10822e-05 1.28522e-06 3.5431e-05 2.56236e-05 0.00012562 1.57401e-06 0.000111283 6.11226e-05 2.70629e-05 1.74058e-07 4.52116e-06 3.90555e-06 4.85346e-07 1.91339e-06 2.61055e-06 2.26675e-07 1.40063e-06 1.58823e-07 6.24478e-06 3.96926e-06
0.760679 0.00853094 0.102397 0.0163372 0.00606283 0.000167765 0.00816059 0.035266 0.00117955 0.00341955 0.00402093 0.0122509 0.010337 0.002493 0.00784871 0.0110676 0.000238637 0.000188633 0.00249638 0.00184676 0.000163152 0.000565953 0.001546 0.00149395 0.000131681 0.000695836 3.5415e-05 9.21024e-06 0.000112103 1.32128e-05 2.43343e-05 8.15291e-05 1.14168e-05 1.0911e-05 3.25585e-05 7.56668e-06 2.00516e-05 5.94605e-07 4.70616e-06 1.25033e-05 9.51054e-07 5.26165e-06
0.818276 0.0684497 0.00774346 0.0185006 0.00292722 0.00167047 0.00393323 0.00200643 0.0093993 0.0413909 0.00260017 0.00854658 0.000982055 0.00315924 0.00305731 0.000254005 0.000307874 0.00241583 0.000883305 0.00117109 0.000554007 0.00020009 0.000248391 4.16204e-05 0.000122118 0.000226454 0.000170542 6.38063e-06 0.000135096 0.00036231 7.8314e-06 7.96633e-05 9.76307e-06 1.40422e-05 3.80277e-05 5.6305e-05 3.547e-06 1.28423e-06 6.11097e-07 1.54667e-07 9.14804e-07 1.10829e-05 3.16506e-06 8.61843e-06 3.33938e-06 9.56214e-07 1.92928e-06
0.759276 0.100198 0.0139914 0.0781907 0.00316504 0.00333867 0.00320064 0.00138993 0.00806113 0.00183598 0.00735003 0.00349073 0.00529653 0.00623915 0.000542736 0.00114772 0.000382477 0.000820178 0.00117003 8.59936e-05 0.00017742 0.00031727 0.000211626 2.53683e-05 2.52367e-05 8.54944e-06 8.8997e-06 1.74212e-05 1.56363e-07 4.97747e-06 1.82893e-06 4.3821e-06 5.31852e-06 3.74193e-06 7.82256e-06
0.789628 0.00573192 0.0730757 0.0443084 0.00393457 0.0103551 0.00982302 0.00229527 0.00200853 0.0296796 0.00523833 0.00350426 0.00674051 0.00138445 0.00469916 0.00281846 0.00134196 0.000668176 0.000298646 0.000541918 0.000842487 0.000324812 8.37718e-05 0.00016634 0.000195391 1.10401e-05 8.538e-06 3.52068e-05 2.2465e-05 7.76195e-05 2.00602e-05 5.63898e-05 2.03565e-05 1.55184e-07 1.7936e-05 5.54549e-06 8.22513e-06 1.14542e-05 3.7508e-06 1.99447e-06 1.62648e-06 1.27769e-07 6.71514e-06
0.772122 0.114391 0.0205871 0.0315366 0.0055936 0.0058813 0.00149815 0.00871814 0.00380013 0.00259643 0.0116357 0.00124826 0.00690809 0.00175141 0.00188045 0.0050018 0.00121852 0.000374748 0.000252738 0.000146216 0.00016523 0.000288694 0.00101604 0.000422518 0.00020714 0.000166552 5.65267e-05 9.3944e-05 0.000108085 3.09101e-05 2.51317e-05 5.4671e-05 3.40302e-05 7.51909e-05 2.58514e-05 4.91108e-06 2.21547e-06 1.30042e-05
0.740808 0.11322 0.0115901 0.0298021 0.0230814 0.020405 0.00310453 0.0058802 0.00322332 0.00679849 0.00552653 0.0149889 0.0014062 0.00643127 0.00297952 0.0025891 0.00131648 0.00245378 0.0009223 0.00104123 0.000220537 0.000939485 0.000267632 5.37907e-05 0.000101111 0.000118891 1.57638e-05 0.000154624 0.000131129 4.26949e-05 6.69723e-05 9.17646e-05
0.103851 0.734785 0.00220302 0.00392611 0.0242129 0.0594944 0.00349768 0.00145622 0.0192343 0.0109725 0.00189245 0.000818442 0.0101327 0.00593041 0.00832168 0.00214662 0.00313526 0.000238581 0.000603231 8.80901e-05 0.00132933 0.000513822 1.10495e-05 0.00066799 0.000238418 3.06061e-05 1.27486e-06 0.000149986
0.764652 0.106824 0.0301662 0.0381031 0.010831 0.00888764 0.0195388 0.00147192 0.000158274 0.000890798 0.00251069 0.00183248 0.00214104 0.00268424 0.00174948 0.00388697 0.000987837 0.000463343 0.000327142 0.000622822 0.000320327 6.04115e-05 0.000435079 8.85235e-05 6.33069e-05 9.63117e-06 8.79319e-05 3.26176e-05 1.73804e-05
0.729738 0.11341 0.00493393 0.00971407 0.0025147 0.0524151 0.00325557 0.00779439 0.0152452 0.00392706 0.0072628 0.0113703 0.00387725 0.0154563 0.00974522 0.00685759 0.000219339 3.39616e-05 3.62718e-05 0.00079143 0.000364062 0.000316519 9.62345e-05 0.000102233 7.66549e-05 1.5828e-05 0.000172215 1.6973e-05 4.99211e-05 1.18029e-05 4.34332e-05
0.711542 0.0960067 0.0554715 0.00860869 0.0109038 0.00713556 0.0268102 0.00047368 0.0236439 0.0296418 0.0037618 0.00139197 0.00999461 0.0011567 0.00756034 0.000334384 0.00386235 0.000250569 0.000284383 8.79291e-05 8.4299e-05 0.000114568 0.000191471 2.2254e-05 0.000359785 0.000105183
0.701423 0.110434 0.00206765 0.0446276 0.00893586 0.00207708 0.0120233 0.0495734 0.00866002 0.0289727 0.00812127 0.00720622 0.00517034 0.00222213 0.000662941 0.00592727 0.00039222 1.3344e-06 0.000382664 0.000466687 0.000268381
0.763654 0.0890348 0.0167819 0.00326996 0.00757976 0.0461039 0.00890396 0.00168019 0.00315437 0.00225899 0.0117863 0.0139204 0.00877455 0.00733807 0.00219675 0.00362621 0.000203462 0.000120555 0.00188929 0.000263567 0.00112191 0.00219141 0.000233777 0.00105119 0.000117076 0.00111933 9.02024e-05 0.000850821 0.000116716 0.000119361 2.82675e-05 4.17319e-05 7.3775e-05 3.7052e-05 6.57918e-05 4.07054e-05
0.767303 0.121347 0.00684787 0.0112922 0.0257297 0.00179903 0.00879221 0.00871618 0.00724193 0.00591587 0.00291891 0.00459641 0.00834959 0.00827902 0.00252778 0.00101237 0.000766145 0.000474851 0.000231159 0.00155726 2.88155e-05 0.000186863 0.000158441 0.00117515 0.000183144 1.46167e-05 0.00112581 0.000982421 9.3906e-05 9.82822e-05 1.45055e-05 4.11056e-05 9.16163e-06 2.8052e-05 1.50991e-06 6.05206e-06 3.40543e-05 1.77792e-06 5.85189e-06 9.44956e-06 2.00582e-05 1.36365e-06 2.34878e-05 7.07264e-07 1.48766e-05 4.92548e-06
0.00596484 0.730264 0.102266 0.01148 0.0307708 0.00625985 0.0590337 0.0177563 0.00530902 0.004639 0.00249088 0.0133867 0.00209625 0.00275969 0.00220619 0.00105158 0.00026298 0.000122541 0.000548453 0.000144257 0.000102281 0.000106976 0.000316973 4.37138e-06 0.000395012 1.93255e-05 4.05607e-05 3.49533e-05 5.63436e-05 6.94502e-06 7.19188e-06 3.91511e-06 2.12498e-05 2.91854e-05 2.68297e-05 3.48033e-06 1.37651e-06 1.85823e-06
0.738406 0.0951089 0.0404517 0.00456625 0.0166272 0.0298686 0.0227933 0.0086293 0.00310061 0.00139767 0.00333196 0.00738788 0.00254581 0.00643479 0.0061934 0.0041268 0.000170292 0.0016326 0.00159442 0.000605338 0.000643981 0.0010805 0.000252133 0.000622196 0.000168943 0.000446411 8.58446e-05 0.000146039 0.000341191 0.000192456 0.000117431 0.000506178 0.000109882 6.56745e-05 3.01829e-05 1.83817e-05 7.13966e-05
0.68934 0.0275852 0.0128114 0.165171 0.0221251 0.005432 0.0096102 0.0202409 0.00354485 0.000341675 0.00559568 0.0109267 0.00697668 0.00312472 0.00773036 0.00489748 0.00182903 0.000193558 0.000292176 3.34555e-05 1.81529e-05 0.000404469 0.000407331 0.000114611 8.22165e-06 0.000252636 5.14315e-06 0.000283856 9.4485e-06 2.94358e-05 0.000110338 5.97512e-05 8.51446e-06 4.19118e-05 0.000200129 3.78255e-05 3.03359e-05 5.58534e-05 4.56163e-05 3.69313e-05
0.66909 0.17244 0.0464605 0.0121226 0.00973673 0.0106793 0.00231957 0.00934547 0.00960702 0.0107783 0.0045561 0.00823822 0.00100003 0.00558286 0.0112651 0.0054892 0.00365186 0.00325289 0.000433353 0.00102661 0.000349787 0.00057287 0.000143234 0.000745722 0.000365748 0.000233604 0.000124682 0.000182774 5.83442e-06 1.87241e-05 1.64228e-05 4.79653e-06 5.76736e-05
0.752217 0.11799 0.0333327 0.0168172 0.0053416 0.0203702 0.00462367 0.00441624 0.00249902 0.0131861 0.0126402 0.00364386 0.00368513 0.000953602 0.00168968 0.00299048 0.000651543 0.00135783 0.000169001 0.000112552 0.000443167 0.000117844 0.000225598 6.02187e-05 7.26115e-05 6.65064e-05 0.000100818 1.48678e-05 0.000107036
0.794292 0.0874396 0.0128168 0.0218146 0.0260966 0.00773567 0.00386804 0.00432867 0.0027893 0.0184723 0.00884972 0.00292434 0.000816308 0.0036617 0.00147925 0.000184069 0.000866756 4.23389e-05 0.00102616 3.12769e-05 2.28963e-05 8.33318e-05 5.27569e-05 4.87482e-06 2.50113e-05 6.21832e-06 1.16902e-05 2.50855e-05 1.02215e-05 4.76831e-05 4.77076e-05 5.50631e-05
0.765135 0.10389 0.00114056 0.000720839 0.0223504 0.00200229 0.0194289 0.0111214 0.0460216 0.000776684 0.00726419 0.000829355 0.00444897 0.00855769 0.00121214 0.00175314 0.000562633 0.000239741 0.00123571 0.000374614 0.000210173 8.23579e-05 3.33852e-06 2.67561e-08 6.46635e-05 1.25838e-05 5.15076e-05 7.27181e-05 4.79198e-05 4.63779e-05 6.97614e-06 0.000109424 5.12975e-05 1.5205e-05 3.28419e-05 7.36536e-06 6.87567e-05
0.751886 0.0862017 0.0100223 0.0142514 0.04651 0.0159334 0.00610332 0.0148218 0.00329632 0.00380024 0.020819 0.00469852 0.00644489 0.00872526 0.00315807 0.000581818 7.78422e-05 0.00165438 0.000412739 7.03377e-05 2.29456e-05 6.7582e-05 0.000263655
0.775654 0.00461021 0.0135591 0.0348675 0.09261 0.0129832 0.00584066 0.00463626 0.00249786 0.00436559 0.00650683 0.0297114 0.00116745 0.00530812 0.000549757 0.00133565 0.00127685 0.000722262 0.000154302 0.000331337 0.000127454 0.000555834 0.000385844 7.63196e-05 2.45542e-05 6.26938e-06 9.401e-07 5.56628e-05
0.750576 0.110106 0.0184073 0.0157482 0.0011002 0.0186667 0.00987115 0.00648975 0.018639 0.0164994 0.0107127 0.00359822 0.00305607 0.00296058 0.00484393 0.00124985 0.000113248 0.00214903 0.000207391 0.000826078 0.000262175 0.000354301 0.00087199 0.000654932 2.88619e-05 0.000532513 0.0001175 7.02704e-05 0.000306428 0.000245885 0.000141468 9.92168e-05 2.99599e-05 2.21e-05 0.000118888 4.53661e-05 6.8085e-05 5.1421e-05 3.54275e-06 1.10501e-05 1.81127e-05 1.40769e-05 2.71774e-05 2.9494e-05 6.1577e-06 1.05655e-06 7.42088e-06 6.65167e-06 1.37495e-06 1.68594e-06 4.13932e-07 5.72774e-06 5.82047e-06 4.28889e-06 1.93069e-06 1.63355e-06 4.70894e-07 2.09526e-06 2.17369e-06 6.43434e-07
0.701865 0.125433 0.00418206 0.0388986 0.0451154 0.00380311 0.0214001 0.0106913 0.00394738 0.0030276 0.00397653 0.0059794 0.00277759 0.0157818 0.00137533 0.00326798 0.00177761 0.00187496 0.00135996 0.00145667 0.00107215 0.00067953 4.86657e-05 4.41945e-05 2.75894e-05 4.00829e-05 2.35889e-05 1.04009e-05 5.31092e-06 1.34122e-06 5.21797e-06 3.19146e-07 2.01104e-06 3.3925e-07 3.95447e-07 2.90267e-05
0.781173 0.0180349 0.106957 0.0290867 0.0052347 0.01281 0.00863692 0.00699643 0.00374373 0.00372007 0.00335507 0.00615036 0.00149729 0.00481884 0.00287337 0.000203003 0.000688561 0.000820608 0.000687886 5.65881e-05 0.000256279 0.000890404 0.00014497 0.000186334 0.000203926 0.000168741 9.45739e-05 0.000209445 0.000154652 4.04289e-05
0.729958 0.0531675 0.00518932 0.081765 0.0114934 0.00565597 0.0208692 0.00283934 0.0116922 0.0272614 0.00796852 0.0151964 0.00623949 0.00471357 0.0113862 0.001109 0.000300313 2.41124e-05 0.000381724 0.000196729 0.000148128 0.000429788 0.000567463 0.000655328 9.11204e-05 0.000129592 4.64092e-05 0.000234329 9.55454e-06 2.09007e-05
0.759519 0.114075 0.0197419 0.00912611 0.0277222 0.00367957 0.0221667 0.0140403 0.000896524 0.00221952 0.00678235 0.00596178 0.00273846 0.00381774 0.00205684 0.00143424 0.00065598 0.000664766 6.77508e-06 0.000221965 0.000684293 0.000421729 3.14117e-05 0.000361295 0.000605426 7.74614e-05 3.10938e-05 6.58686e-05
0.744794 0.134898 0.0207968 0.00374899 0.00566999 0.0173707 0.0122578 0.014669 0.00753996 0.00363886 0.00401494 0.00441592 0.00819288 0.00765589 0.00549853 0.00331583 0.000621977 0.000412728 1.33194e-07 1.05466e-05 0.000141521 4.3788e-05 1.87582e-05 6.93831e-05 5.52398e-05 5.58803e-05 2.40426e-05
0.703227 0.137757 0.0031512 0.0169162 0.0143705 0.0160671 0.0231141 0.00325309 0.00437308 0.00468762 0.0274955 0.00616513 0.0231923 0.00696967 0.00165217 0.000648715 0.000940828 0.00114995 0.000383227 0.000521102 0.000337118 0.00036544 0.000247942 0.000693486 0.000738979 0.000156874 0.00043297 0.000455956 0.000105935 8.72653e-05 5.56848e-05 1.12108e-06 1.27937e-05 6.34951e-05 1.05865e-05 3.86776e-05 4.49331e-06 1.59806e-05 2.20913e-05
0.713382 0.0426414 0.0114967 0.133395 0.0178149 0.0213759 0.0100841 0.00784241 0.0119435 0.00388831 0.0133112 0.00238659 0.00120604 0.00268663 0.00110401 0.00302143 0.000403922 0.000158249 0.000162286 0.000108775 0.000666908 4.56823e-05 0.000260072
0.752102 0.111263 0.0385985 0.00607603 0.003304 0.0179574 0.0103329 0.00123815 0.00842997 0.0184863 0.00789539 0.00611595 0.00350284 0.00311392 0.00115989 0.0052739 0.00276869 0.000602382 4.79776e-05 0.000297965 0.000926047 7.95013e-05 0.000119464 2.46929e-05 5.84267e-05
0.71506 0.127416 0.0353812 0.0125225 0.0046998 0.00645 0.0296075 0.00947448 0.00107387 0.0212749 0.00177243 0.00381887 0.0150055 0.00383628 0.00589565 0.00192286 0.00161493 0.00113205 0.00079628 0.000234827 0.000159958 0.000309742 0.000179734 2.98747e-05 0.000143408 9.83976e-05
0.754981 0.0255831 0.00324863 0.105557 0.0121908 0.0275508 0.023547 0.00275627 0.00127742 0.00907387 0.00828619 0.00862745 0.00748204 0.00316456 0.00283572 0.000369989 0.000202483 0.000712805 2.74173e-05 0.000278353 0.000483786 0.000536381 7.05053e-05 0.000479231 2.90742e-05 2.7515e-06 7.50196e-05 3.00916e-05 7.33128e-05 4.83735e-06 6.85581e-05 9.0228e-05 1.62089e-05 7.15842e-05 8.22732e-05 3.04524e-05 1.11753e-05 6.357e-06 1.39292e-05 3.47217e-06 5.06279e-06 1.48638e-05 1.18341e-06 4.86986e-06 2.08402e-06 2.36441e-06 1.29201e-05
0.801635 0.0260939 0.0118035 0.0801804 0.00318047 0.0116992 0.00410968 0.0166227 0.00401545 0.00414103 0.00434718 0.00590348 0.00314443 0.000728641 0.00228252 0.00358248 0.0077828 0.000827335 0.00249471 0.000884945 0.000175218 0.00203081 0.00115467 1.74748e-05 0.000204383 0.000507433 6.90571e-05 8.95865e-05 4.87647e-06 8.09108e-05 3.13466e-05 4.12944e-05 4.66203e-06 4.48018e-05
0.79993 0.00495755 0.0740892 0.0412465 0.0075508 0.0041187 0.00783865 0.00577375 0.0235666 0.00195487 0.0216205 0.00161867 0.00121869 0.00195021 0.000687951 0.000765927 0.000239415 2.569e-05 0.000487911 4.87155e-07 2.63124e-05 5.76228e-05 1.95433e-05 9.64632e-05 2.49413e-05 1.25574e-05 1.63596e-05 3.37959e-05 4.51629e-05
0.745141 0.0470315 0.106394 0.00709915 0.00703092 0.0195523 0.00778874 0.0174729 0.00761377 0.00694652 0.00423045 0.00431076 0.000421077 0.00420714 0.00361184 0.00518457 0.00363709 0.000358274 0.000164587 0.000695459 0.000172179 3.36957e-05 0.000247268 0.000235091 6.55779e-05 2.77257e-06
0.781954 0.0297606 0.0445081 0.00158267 0.0847164 0.00767399 0.0099174 0.00533724 0.00781335 0.00441682 0.00286768 0.00138779 0.00844446 0.00204227 0.00228371 0.00176133 0.000757551 0.00110941 1.85922e-05 0.000345798 5.97616e-05 0.000540869 9.6414e-05 0.000137606 9.75263e-06 0.000147706
0.73299 0.133549 0.0274511 0.0144525 0.00175737 0.00324754 0.0157923 0.0100656 0.00974182 0.00882581 0.00902747 0.00337466 0.00565816 0.00333511 0.00969652 0.00412456 0.00178078 0.000484053 0.00100855 0.00111364 0.000860429 0.000566283 0.000145875 0.000440157
0.745488 0.0578558 0.116245 0.0133998 0.00391945 0.00542337 0.00719012 0.00193019 0.0113444 0.00584814 0.0101699 0.00542776 0.00195468 0.00166345 0.00433857 0.00147423 0.00233943 0.000905466 0.00153917 0.000682079 4.12519e-05 4.34091e-05 2.86273e-05 5.6151e-05 7.4052e-05 0.000136616 4.24718e-05 0.000305304 6.46728e-06 9.50189e-06 5.74147e-07 1.22733e-06 8.81152e-06 1.50531e-05 1.90195e-05 9.84814e-06 1.04241e-05 2.11931e-05
0.723012 0.0379932 0.110384 0.0317625 0.0244387 0.00207166 0.00105435 0.0152584 0.00928198 0.00852324 0.00272347 0.00248173 0.0144815 0.00798807 0.00135741 0.00165247 0.000736251 0.00269732 0.000301499 0.000340204 8.37891e-05 3.56924e-05 0.00012771 5.55082e-05 0.00027399 0.000276487 0.000158221 0.000262376
0.783497 0.0929044 0.021483 0.00736665 0.0127847 0.0150661 0.00853043 0.000311978 0.00244994 0.022159 0.0030872 0.0086372 0.00629911 0.000182284 0.00135023 0.00324577 0.0026828 0.000626243 0.00380433 0.00203749 0.000121578 0.000473832 0.000154981 0.000111119 4.11044e-05 0.000118178 8.23941e-05 6.67311e-05 7.0156e-05 0.000146686 2.0183e-05 6.2041e-06 1.50756e-05 2.46443e-06 1.37559e-05 7.4267e-06 2.5733e-06 1.71833e-05 3.44655e-06 1.90226e-06 2.09156e-06 2.42487e-07 7.56367e-06
0.0149809 0.742744 0.0679497 0.0750132 0.0054448 0.00243811 0.0113124 0.0184662 0.00330918 0.00422396 0.0041267 0.0157926 0.014331 0.00465957 0.00633877 0.00196403 9.81797e-05 0.00463664 0.000421494 0.000681344 0.000319943 0.000198712 2.76418e-05 0.000144664
0.0065519 0.786024 0.072563 0.000320936 0.045064 0.0116781 0.0193755 0.00674888 0.00958404 0.0183102 0.00296506 0.0117071 0.00116917 0.00156811 0.00186053 0.00172357 0.000603764 0.000268481 0.000583407 9.3562e-05 5.732e-05 0.000183335 0.000169911 7.30947e-05 0.000178234 0.000310575 2.88402e-05 6.59497e-05 8.94598e-05 1.40495e-05 2.36085e-05
0.722225 0.0581738 0.0129205 0.0739585 0.0142607 0.0370404 0.01293 0.00858041 0.0109323 0.0109167 0.00665485 0.00800091 0.00630784 0.0130918 0.000492393 0.00227209 0.000700924 9.53887e-05 0.000200667
0.74309 0.0851555 0.0851084 0.00945175 0.00633264 0.00557418 0.00447322 0.00875406 0.00266459 0.00385503 0.00741579 0.00107578 0.0121557 0.00210247 0.00221484 0.00767172 0.00197864 4.2256e-05 0.000494824 0.00289914 0.00207537 0.000594221 0.000257251 0.00132568 0.000392499 0.000593457 0.000131674 0.000185535 0.000124842 0.00019527 0.000133913 0.000227731 9.66196e-05 1.76369e-05 0.000156557 8.09904e-05 0.000525539 0.000172217 8.67004e-05 1.7027e-05 3.14427e-06 1.14197e-05 1.29812e-05 2.92369e-06 1.78944e-05
0.731319 0.015742 0.0394173 0.112871 0.0131966 0.00886958 0.00878744 0.0141404 0.0114017 0.00336513 0.000744803 0.00521517 0.0112319 0.00306821 0.00542972 0.00161735 0.00142099 0.00100846 0.00165879 0.000876006 0.000252201 0.000452814 0.00211994 0.000577963 0.00311125 0.00038142 4.24404e-05 6.04918e-05 0.000340793 0.00010548 0.000311721 0.000195937 0.000312317
0.778444 0.0015757 0.0582481 0.00901121 0.0444944 0.0121644 0.00613985 0.0159552 0.00601365 0.00470939 0.0063545 0.00804201 0.0114348 0.00441929 0.00220104 0.0216263 0.00323865 0.000654229 0.000146159 0.000198802 0.000566793 0.00124903 0.000237002 0.000905047 0.000811523 4.21338e-05 0.000345916 0.000358402 7.9783e-05 9.59701e-05 3.87504e-05 4.17764e-05 5.50499e-05 1.95505e-05 5.24648e-07 1.35963e-05 4.0429e-06 1.5068e-05 2.07555e-06 2.72967e-06 1.35318e-05
0.756052 0.109161 0.0532932 0.00956845 0.00284474 0.00453239 0.0229529 0.00358701 0.00265688 0.00709126 0.00433048 0.00936331 0.00247058 0.00250698 0.00452 0.000795844 1.49368e-05 1.38934e-06 7.88143e-05 0.00202456 0.000612661 0.000354516 0.000296954 0.000309458 5.55961e-05 0.000159656 1.05282e-05 0.000184287 1.72155e-05 2.50917e-05
0.75952 0.0665547 0.0202678 0.0695612 0.00734271 0.00748961 0.00175492 0.00354094 0.00858424 0.0112883 0.0177624 0.00636907 0.0102293 0.00132562 0.00443632 0.00229223 0.000415371 0.000157097 0.000258658 0.000173784 0.000221331 0.00011665 8.02783e-05 4.69658e-05 1.53137e-05 3.20329e-06 0.000127318
0.683024 0.0662554 0.125045 0.0406154 0.00622551 0.0202278 0.00307461 0.0143894 0.00577204 0.00408922 0.00664266 0.00180601 0.00581502 0.0112754 0.00081218 0.00161091 0.000564446 0.000697154 0.000192543 0.000156197 0.000635793 2.69501e-05 0.000407683 5.56159e-05 9.6345e-05 3.9299e-05 0.000115655 9.03053e-06 5.93965e-06 0.000106893 2.19139e-05 2.3929e-05 9.51351e-05 4.67232e-06 8.02734e-06 4.20218e-06 2.74696e-07 1.34074e-05 1.03415e-05 1.05673e-06 2.26762e-06 2.44996e-06 7.01717e-06 7.76215e-07 1.85169e-06 1.48861e-06 2.04412e-06
0.754971 0.0811555 0.0176456 0.00742933 0.0438424 0.010724 0.0159492 0.00282617 0.00286437 0.0179512 0.00406859 0.00940625 0.0134498 0.00211649 0.00484488 0.00245973 0.000739957 0.00194196 0.000680614 0.000858601 0.00107041 0.000947795 2.89369e-05 0.000162172 0.000567698 0.000270922 0.000475297 0.000312633 1.78049e-05 3.48126e-05 1.90743e-05 7.99605e-06 1.98372e-05 3.83228e-05 5.60055e-06 6.06099e-06 1.26021e-05 5.99041e-05 1.95731e-07 1.612e-06 1.23024e-06 3.56361e-06 2.35386e-06 2.92331e-07 2.10621e-06 8.59634e-07 1.31938e-06 1.32594e-07 3.18561e-07 1.05422e-06
0.744797 0.0778134 0.0225607 0.0225895 0.0202516 0.0169194 0.0317204 0.00169062 0.00434284 0.0137436 0.003928 0.0093154 0.00757833 0.00671201 0.00129404 0.00148872 0.00354528 0.00356555 0.000549885 0.000474155 0.00115529 0.000245275 0.000336326 0.000224232 7.31943e-05 9.58012e-05 0.000871956 0.000300592 0.000275338 1.12499e-05 0.000223224 0.000157156 0.000224111 7.38172e-05 6.95088e-05 0.000400971
0.729364 0.106599 0.0118801 0.0038442 0.0776822 0.0295675 0.00191966 0.0078047 0.0079649 0.00436025 0.00103005 0.00429312 0.00139815 0.00177814 0.00533078 0.000343024 0.000379034 0.000658298 0.000193719 0.000470137 0.000979015 8.47717e-06 0.000125093 0.000895324 0.00027595 0.000394251 0.000227977 9.06154e-06 2.97233e-05 3.42088e-05 7.38317e-05 3.8565e-06 1.43363e-05 3.52809e-06 1.79666e-05 2.82084e-06 8.84417e-06 6.16743e-06 9.45538e-07 6.87775e-06 5.26296e-07 2.41811e-06 1.22739e-05
0.734812 0.0226768 0.0393254 0.112689 0.00670715 0.0146875 0.0076466 0.00489972 0.00643762 0.00427485 0.00375662 0.00574413 0.011999 0.00349526 0.00930803 0.00411439 0.000220955 0.00128594 0.000665279 0.00107813 0.00124787 0.000949536 0.000567016 0.000231431 0.000319879 0.00012237 0.000613656
0.773131 0.0365787 0.0929829 0.0196148 0.0140464 0.00128613 0.0226296 0.00427813 0.00954384 0.00322558 0.00319087 0.00431606 0.00208326 0.00172847 0.00297831 0.00430426 0.00112678 0.000521304 0.000861704 0.000499266 6.59271e-05 9.09554e-05 0.000322301 0.000274678 7.84138e-05
0.773464 0.0934132 0.0293965 0.000154215 0.000845541 0.0221112 0.0110157 0.0164341 0.00659948 0.00294526 0.0127591 0.00472217 0.0126928 0.00183873 0.00217306 0.00627867 0.00018006 0.000488957 0.000335105 0.00101372 1.38924e-05 0.00013051 4.74502e-05 0.000605979 4.35072e-05 7.13221e-06 4.75907e-05 0.000115314 4.75738e-05 1.47943e-05 3.41389e-05
0.723671 0.0321336 0.0355126 0.0122293 0.112488 0.000438228 0.00713883 0.0218038 0.00420228 0.00558722 0.0128711 0.00854475 0.00361589 0.00415479 0.00211965 0.00267932 0.000377321 0.00207385 0.00350952 0.00198957 0.000252275 0.000249956 4.38475e-05 0.000409496 0.000496436 6.89072e-05 1.92828e-05 0.000416827 0.00028336 0.000304046 2.81276e-05 3.62257e-06 0.000147514
0.689331 0.138651 0.058487 0.00216166 0.00544189 0.0122738 0.00514692 0.00452673 0.00982446 0.013163 0.0247982 0.00904676 0.00151955 0.00312953 0.0118776 0.004131 0.00313301 0.000708247 0.00100549 0.00099817 0.000165823 0.000156159
0.758763 0.024317 0.100727 0.035169 0.019987 0.00541592 0.00280335 0.00763422 0.00716145 0.0116721 0.0081955 0.00504212 0.0013037 0.00252554 0.00223149 0.00166122 0.00125486 0.00077927 0.000294031 0.000959526 0.000195422 0.00127087 0.000185634 1.49483e-06 0.000110829 4.41907e-05 0.000159445 1.54476e-05
0.745212 0.0125832 0.0942585 0.0067857 0.0224494 0.0482626 0.00368409 0.0100049 0.00964745 0.00799207 0.00505429 0.00795473 0.00830777 0.00422005 0.00336586 0.00615679 0.00217589 0.000488462 0.000221126 7.28957e-05 0.000389365 0.000102023
0.756882 0.103684 0.0481293 0.00893592 0.0130034 0.000360122 0.00499509 0.00549315 0.000480195 0.0143219 0.0121862 0.00942329 0.0126509 0.00175065 0.00144594 0.00184157 0.000961775 0.00100525 5.30381e-05 0.000648048 0.00037925 0.000178544 5.7606e-05 0.000218331 0.000159395 8.21347e-05 8.81327e-05 0.000244379 8.44099e-05 3.83369e-06 0.000135593 1.78321e-05 5.35357e-05 3.26665e-06 1.44591e-05 3.92179e-06 1.39831e-06 1.62324e-06 3.06582e-06 1.10265e-06 2.15624e-06 2.00946e-06 3.7593e-06 2.40658e-06 1.32785e-06 1.43211e-07 9.93627e-08 1.79603e-06 4.90203e-07 2.80851e-07 4.37594e-07 5.51939e-07 2.82427e-07 8.22268e-08 4.96622e-07
0.754231 0.0131197 0.117435 0.00642132 0.00169187 0.000853217 0.0130352 0.047086 0.00927868 0.00477167 0.0149413 0.0061733 0.000940061 0.00395018 0.000883891 0.00340952 0.00044734 0.00025059 0.000172558 0.00021993 0.000177409 0.000131765 7.92219e-05 0.000145529 4.18448e-05 1.86905e-05 4.79704e-06 8.23537e-06 1.71987e-05
0.736623 0.0997474 0.0139079 0.00295606 0.0417097 0.0157391 0.0288615 0.0120645 0.00190789 0.00895051 0.00784274 0.00420133 0.00401053 0.00613008 0.0017019 0.00253871 0.000778769 0.00078553 0.00133157 1.35764e-05 0.000722897 0.00130693 0.00190116 0.000701369 0.000104346 1.93328e-05 8.04272e-05 4.80146e-05 0.000186273 0.000112096 0.000253871 0.000178165 0.000298604 0.000232579 0.000130612 8.46761e-05 0.000223499 3.60527e-05 0.000339223 0.000231154 0.000115435 0.000161669 0.000116486 0.00025605 6.52903e-06 2.28056e-05 0.000128118 2.83333e-06 4.21403e-05 4.42288e-05 1.85373e-05
0.774798 0.040905 0.0795741 0.00787564 0.0176994 0.00674234 0.013294 0.0135801 0.00706775 0.00623188 0.0030004 0.00369048 0.0012254 0.00485891 0.00666979 0.00336589 0.00258163 0.0025482 0.00117059 0.000447204 0.000617159 0.00038894 0.000181108 1.67616e-05 0.000226712 0.000516622 0.000221087 0.000160883 2.30769e-05 4.72902e-05 4.52223e-05 1.4869e-05 1.87043e-05 3.91247e-05 1.87254e-05
0.0048083 0.708336 0.0192738 0.0351005 0.0134627 0.0171114 0.129893 0.00443677 0.0141435 0.0169221 0.00346206 0.0171742 0.00634523 0.00298867 0.00275655 0.00237287 0.000743384 3.63223e-05 0.000384081 6.14012e-05 3.46413e-05 8.22501e-05 3.33075e-06 1.15834e-06 2.91048e-06 3.46761e-05
0.746841 0.10552 0.0486083 0.00733405 0.00152907 0.00512644 0.0191796 0.0073822 0.00145692 0.00540413 0.018252 0.0104028 0.00426464 0.00517959 0.00199266 0.00527031 0.00118654 0.00389395 0.000213172 4.05146e-05 8.83224e-05 0.000562903 4.93223e-05 2.51355e-05 9.11573e-05
0.772102 0.0921699 0.0246196 0.00457933 0.00422241 0.041305 0.00728317 0.00474114 0.0102993 0.0118995 0.00382341 0.00354979 0.00562774 0.00589169 0.00186469 0.00155099 0.00070952 0.000265889 0.000418806 0.00115227 0.00130668 1.93249e-05 5.24812e-05 4.50393e-05 4.06399e-05 9.52981e-05 2.12358e-05 5.59991e-05 7.17318e-05 4.19426e-06 8.21128e-05
0.785324 0.0844695 0.0222466 0.00941557 0.0312302 0.00414583 0.0107182 0.00560227 0.00709914 0.00142849 0.0120596 0.00455842 0.0059018 0.00270345 0.0053674 0.0058965 0.000276309 0.000432136 8.08706e-05 0.000105339 5.09927e-05 0.00019727 0.000103245 0.000288096 7.37275e-06 0.000179534
0.735165 0.11795 0.0125179 0.00263608 0.0291737 0.0151293 0.0076809 0.00702849 0.00720394 0.00218479 0.0117317 0.0080891 0.0241626 0.00619236 0.00217527 0.00207196 0.000813209 0.00188585 0.000310919 0.000790868 0.00295975 0.000277602 9.20268e-05 0.000246172 0.000296636 0.000487479 2.0885e-05 8.96185e-06 0.000312282
0.739925 0.00452346 0.117735 0.0103354 0.0134552 0.00665235 0.0338098 0.0105479 0.0191163 0.00583416 0.00499277 0.00652698 0.00820296 0.00383645 0.00342699 0.00544409 0.000291764 0.000455936 0.000250978 0.000450661 2.06824e-05 0.000170246 0.00136691 0.000907692 0.000371524 0.000920474 7.42715e-05 7.13551e-05 3.91307e-05 4.28753e-06 2.74566e-05 3.19064e-06 5.41755e-05 6.77136e-05
0.748021 0.0954157 0.0315867 0.0315201 0.0196395 0.00457892 0.00745788 0.00871902 0.0159536 0.00306036 0.00444869 0.00669837 0.0077978 0.0053262 0.00265587 0.00151861 0.000304609 0.00023456 0.00151114 0.0016821 0.000318652 2.47008e-05 0.000403889 5.84102e-05 0.000307967 0.000651737 2.09929e-05 4.16473e-06 2.00751e-06 3.53083e-05 5.62097e-06 1.1593e-05 6.47236e-06 3.00399e-06 9.47447e-06
0.782707 0.0067613 0.0949187 0.00710849 0.0162688 0.00588867 0.00444198 0.00396688 0.0274966 0.0275222 0.00365808 0.00344709 0.00488788 0.0017184 0.000201793 0.00443925 5.50682e-05 0.00131163 0.000330298 0.000388519 0.000249558 0.000866666 9.68331e-05 0.000332561 5.01337e-05 0.000137574 0.000219232 4.12112e-05 4.65544e-06 3.79451e-05 9.81865e-05 6.72652e-05 8.66775e-05 7.73188e-05 3.70131e-05 5.70451e-05
0.778205 0.0154578 0.0148319 0.0801835 0.000802634 0.00304236 0.0396602 0.0120178 0.0243165 0.00301072 0.00356116 0.00280901 0.00213687 0.00137445 0.00240994 0.00418494 1.19112e-05 0.00254043 0.000397494 1.82463e-06 0.000740368 7.17964e-05 0.00170351 0.00153029 0.00090736 0.00042093 0.00208899 0.000391595 0.000355858 2.26779e-05 0.000398237 2.74573e-05 0.000116941 7.42963e-05 8.1824e-05 2.80369e-05 4.0606e-05 9.87667e-06 3.07063e-06
0.745733 0.0935573 0.0336318 0.00813405 0.0193652 0.0206249 0.00782567 0.0137858 0.00389297 0.00993114 0.00779682 0.020749 0.00351108 0.00459279 0.00189668 0.000859263 0.000826467 0.000519418 0.000636865 0.00034514 0.000157978 8.34001e-05 0.000628673 0.00033786 0.000115397 0.000249121
0.798282 0.00843733 0.0733002 0.00422231 0.00595293 0.0356069 0.000483955 0.0230723 0.021103 0.00932021 0.00428713 0.000938385 0.00242056 0.000993577 0.00202052 0.002964 0.00311367 0.00058999 0.000263228 0.000353395 0.000639599 0.00019691 0.000873263 6.13767e-05 0.000139441 6.47272e-05 0.000103005 1.73802e-05 3.13313e-05 1.41454e-05 1.90344e-05
0.68915 0.0499258 0.0109479 0.105222 0.0474823 0.00654719 0.0376055 0.0124512 0.00179923 0.0146617 0.00341684 0.00414795 0.00502248 0.00242823 0.00388988 0.000443545 0.000717609 0.00101139 0.000426538 0.000629262 2.44036e-05 0.000215173 0.000224214 0.000752334 0.000208418 4.43583e-07 3.31608e-05 7.01592e-05 8.22129e-05 9.8011e-06 7.83942e-05 8.36049e-06 9.59187e-05 0.000183496
0.735896 0.00756825 0.10448 0.0436789 0.0123938 0.00857105 0.010403 0.0107564 0.00923349 0.0096281 0.0115798 0.00345514 0.00296101 0.0141279 0.00317004 0.00362434 0.00144707 0.000633622 0.000673894 0.000431414 0.000200064 0.000220868 0.00310608 0.000646687 2.84644e-07 0.000270345 8.71484e-05 0.000258902 2.47126e-05 7.61724e-05 6.76991e-05 0.000115144 2.95733e-05 1.29405e-06 0.000108408
0.747713 0.144701 0.0153925 0.0327382 0.00689742 0.00690595 0.00287838 0.0026729 0.0145621 0.00269766 0.00290271 0.000675801 0.00208424 0.00197683 0.000682403 0.00646454 0.000595071 0.0029949 9.95254e-05 0.00116266 0.000590244 2.75739e-05 0.000251557 0.000185596 0.000389297 0.000770337 0.000555609 3.12712e-05 0.000231746 5.48871e-06 3.64679e-05
0.783959 0.0548025 0.0625187 0.00333436 0.00562636 0.0124303 0.00385726 0.0085516 0.00522117 0.00896267 0.00524126 0.00254409 0.00902595 0.016215 0.00296718 0.00417783 0.00204847 0.00181587 0.000914307 0.000705029 0.00175696 0.000604557 0.00049729 0.00168951 9.35273e-05 6.92866e-05 1.16821e-05 0.000138362
0.772152 0.00362265 0.0913004 0.0139552 0.0331284 0.009597 0.00118408 0.0156205 0.0138914 0.00284212 0.0118626 0.0109085 0.000923752 0.00387813 0.00135695 0.00480941 0.00242683 0.00116673 0.00221955 8.93014e-06 0.00135745 0.000600299 5.43518e-05 0.000193456 4.02826e-05 7.41845e-05 4.99491e-06 1.73202e-05 0.00025224 0.000199476 2.37265e-05 8.53881e-05 0.000114193 5.59761e-06 2.64137e-05 3.27306e-05 5.31028e-06 3.40011e-05
0.763536 0.077435 0.0497988 0.00194045 0.0246334 0.00371147 0.0149849 0.00826104 0.00464122 0.00458203 0.00497019 0.00335226 0.00678086 0.0100249 0.00417892 0.00695716 0.00237731 0.00218033 0.000884131 0.000401767 0.000511871 9.54058e-06 0.000792971 0.00071982 8.48452e-05 0.00011808 0.000615627 0.000177721 7.43296e-05 0.000381689 3.15611e-05 0.000130839 0.000271663 4.22381e-05 8.46398e-05 0.000113132
0.781357 0.0182498 0.0843298 0.00886067 0.00479549 0.00929554 0.0416996 0.000879594 0.00837792 0.00449044 0.0135745 0.00980475 0.0053184 0.00227886 0.00176303 0.000772351 0.00116078 0.00123687 0.000186426 4.01701e-05 6.92951e-06 0.000156617 0.000130935 0.000656876 1.93382e-05 9.45841e-05 0.000173452 8.3623e-05 2.65894e-05 0.000102038 2.01451e-05 6.59778e-07 9.4355e-06 1.33552e-05 1.44811e-05
0.753516 0.0126261 0.0937617 0.0230187 0.0243399 0.00927168 0.00283525 0.013271 0.0190186 0.00669376 0.00753244 0.00496956 0.00404189 0.00224321 0.0104544 0.00420977 0.00106866 0.00157401 0.000476789 0.00218156 0.00122745 0.00019714 8.56036e-05 7.60765e-05 0.000419817 0.000158826 6.76826e-05
0.720681 0.0215746 0.150567 0.00806675 0.0436855 0.00371897 0.017984 0.00752166 0.00508986 0.00333386 0.00197499 0.00681477 0.00353091 0.000267131 0.00114509 0.000993723 0.000714691 0.000230566 2.74609e-05 0.00091703 0.000371572 1.83876e-05 0.000194063 0.000341646 1.84033e-06 3.00553e-05 2.57714e-05 8.24015e-05 4.21364e-05 1.64925e-06 1.45472e-06 1.14176e-05 8.86952e-06 2.26982e-05
0.718376 0.0970306 0.0432119 0.00239412 0.0204608 0.00461509 0.0170389 0.0256987 0.00745498 0.0173447 0.00523679 0.013441 0.00179818 0.00352661 0.00572486 0.00862933 0.00177603 0.000654299 0.00181409 0.00139337 0.000944191 6.20487e-05 0.000231896 3.07367e-05 0.000167053 0.000108778 0.000418698
0.718575 0.117723 0.0459163 0.0138939 0.0391518 0.00740913 0.00465649 0.00181738 0.00279039 0.00150787 0.00320599 0.00235485 0.00998131 0.0136044 0.00340707 0.00820344 0.000120921 0.000171583 0.00190322 0.00141519 0.000240563 0.000435 0.000523268 0.000257945 7.57235e-05 0.000116817 1.51717e-05 6.58567e-05 1.94288e-05 0.000251324
0.794307 0.0103131 0.0246642 0.0959887 0.0174514 0.00722198 0.00702423 0.0142042 0.00234128 0.0020882 0.00232574 0.00415654 0.00624342 0.00362904 0.000311809 0.000838544 2.05576e-05 0.000572589 0.000944988 0.00106998 0.000151785 0.000166733 0.000682282 0.000241855 0.00136903 0.000227847 0.000287155 0.000170223 0.000430106 7.86391e-05 2.4933e-05 8.84358e-06 7.56458e-05 5.3274e-05 2.75958e-05 3.03998e-05 5.89149e-05
0.709599 0.114603 0.0385162 0.0210211 0.0442514 0.00373128 0.0198359 0.00371691 0.00107866 0.0208041 0.00615488 0.00247019 0.00186173 0.00427253 0.00207453 0.00202844 0.000115894 0.00142839 0.000741303 0.000336277 1.89974e-05 0.000393843 0.000397246 0.000160678 6.06444e-05 0.000172197 5.04409e-05 8.87775e-06 1.68907e-05 3.22611e-05 1.57356e-05
0.750243 0.0276559 0.00773457 0.00911792 0.121 0.0104448 0.0262563 0.00309864 0.00888292 0.0122351 0.00302089 0.00547078 0.00264047 0.00302636 0.00167861 0.0028432 0.000859785 0.00138758 0.0012305 0.000111059 0.000484591 5.94359e-07 3.7909e-05 3.88102e-05 9.65911e-05 4.31534e-07 8.14374e-05 0.000151377
0.710426 0.127731 0.0192956 0.0537322 0.0236795 0.00379029 0.0134861 0.00467815 0.00266467 0.00354808 0.00149572 0.00935633 0.00673963 0.00783431 0.00110148 0.00438386 0.00165346 0.000214867 0.000148325 0.000565858 0.000779899 0.001743 0.000292204 0.000120524 8.79853e-05 5.45422e-05 5.24135e-05 4.41296e-05 0.000158038 7.05394e-05 2.8125e-05 1.51809e-05 9.70454e-07 5.31037e-06 4.86983e-06 1.0095e-06 1.73286e-07 5.10534e-06 6.25478e-07 7.46602e-08 1.19311e-06 2.88252e-06 1.82886e-06
0.684745 0.0565151 0.00410975 0.0361908 0.11174 0.00845179 0.0150643 0.00860519 0.0105385 0.0138645 0.00922888 0.0134142 0.00355539 0.00640951 0.00157592 0.00408069 0.000279368 0.00154104 0.00502747 0.00124853 0.000318259 0.000233711 0.000866735 0.000255987 0.000488546 0.000829233 8.89401e-06 9.93904e-06 4.75478e-05 0.000152537 0.000282298
0.774174 0.00331724 0.00688834 0.0381018 0.0176701 0.0146381 0.0887316 0.00985838 0.00649075 0.0112203 0.00508138 0.00405108 0.00927649 0.00412955 0.000704527 0.00144114 0.000363671 0.000554217 0.00124078 0.00119485 0.000108 2.88518e-05 9.14545e-05 3.51001e-05 0.000199531 7.52285e-05 7.52374e-05 9.70432e-05 6.30766e-06 4.98641e-06 3.37865e-05 4.55899e-05
0.767441 0.00457601 0.100241 0.0394517 0.0106925 0.0276192 0.00416019 0.0134655 0.00175477 0.00278 0.00963462 0.00581974 0.00428582 0.00204794 0.00255933 0.00203604 0.000231126 0.00015957 8.7848e-05 7.99777e-05 7.46642e-05 0.000129883 0.000162087 6.83101e-05 0.00013955 1.31528e-05 3.75302e-05 6.50642e-05 5.33787e-05
0.673669 0.0212446 0.137338 0.066036 0.0337188 0.00664525 0.0161696 0.00260027 0.000673908 0.00230641 0.0117008 0.00765031 0.00523423 0.00220602 0.00522784 0.00309647 0.000143292 0.000583207 0.00123179 5.11045e-06 0.00050899 0.000239655 0.000321591 1.81601e-05 0.00019035 0.000261274 0.000495729 0.000244471 1.36048e-05 0.000130611 2.14876e-05 1.2251e-05 1.15423e-05
0.721404 0.0361594 0.0893349 0.00720028 0.0254605 0.0107539 0.0275529 0.00958437 0.00560686 0.00491319 0.0160135 0.00635364 0.00774687 0.00704567 0.00181212 0.00368325 0.00290384 0.00593414 0.00745138 2.84975e-05 0.000770131 4.99392e-05 0.00131457 0.000187155 4.45596e-05 6.00589e-05 0.00025903 0.000202091
0.768281 0.0979124 0.0453066 0.0024378 0.00806193 0.0035148 0.00619412 0.00789229 0.003363 0.00231254 0.00586935 0.0163567 0.0059871 0.0115691 0.00478878 0.000538275 0.00340232 0.000771734 0.00237142 0.000287765 7.70403e-05 0.000288871 0.000400482 0.000286983 0.000251666 5.43372e-05 0.000298651 5.58945e-05 8.42355e-06 0.000252417 0.000365759 0.000254163
0.767624 0.106738 0.0226865 0.00768658 0.0422899 0.00340007 0.00691007 0.00392261 0.0075124 0.0199602 0.00126438 0.00302643 0.00108225 0.0012197 0.0030313 0.000789777 1.24048e-05 0.000413941 0.00021925 2.56614e-05 1.15143e-05 6.14719e-05
0.748576 0.0994221 0.0053734 0.0544058 0.00435549 0.0101663 0.00465105 0.0249069 0.0047799 0.0072301 0.00559209 0.00367368 0.00245846 0.00952109 0.00160987 0.00425496 0.000869937 0.00198883 0.00138693 0.000542798 0.000996569 0.00138701 0.000307402 0.000243009 0.000110466 0.000351586 0.000347818
0.768768 0.0833083 0.0603452 0.0256685 0.0165677 0.00633999 0.00477098 0.00893268 0.00854701 0.00377337 0.00375913 0.00302034 0.00156461 0.000284537 0.00106653 0.000594885 0.000110921 0.0014796 4.86479e-05 8.33603e-05 3.6654e-05 6.21719e-05 4.45966e-05 0.000211016 2.66414e-05 0.000218111 0.000147377 3.56765e-05 0.00011089 1.93468e-05 1.7113e-05 9.66036e-08 1.45165e-05 4.6536e-06 1.13375e-06 3.45417e-06
0.716342 0.12684 0.0150161 0.049035 0.00593579 0.00870206 0.00343424 0.0136253 0.0139881 0.00328547 0.0148516 0.0131746 0.00112332 0.00514348 0.00408649 0.00228554 0.000301814 0.000112632 0.00168264 0.000177957 3.9852e-05 0.000207555 5.80766e-05 1.08822e-05 2.22486e-05 0.000124458 7.01996e-05 4.79329e-06 1.88003e-05 6.08808e-05 4.92496e-05 1.78207e-05 4.55959e-05
0.749839 0.0264534 0.0969949 0.0286611 0.0138381 0.0162701 0.00947651 0.00576171 0.00707324 0.00251784 0.0139812 0.0108658 0.00369522 0.00541296 0.00208251 0.000371346 0.00227606 2.69454e-05 0.000576834 0.00188253 8.07116e-06 0.000660303 0.000162101 4.51977e-05 9.34511e-06 0.000173396 0.000322528 0.000127324 3.37697e-05 5.98733e-05 5.17302e-05 1.63608e-05 9.82869e-05 4.95193e-05 3.06785e-05 2.38651e-05 6.15547e-06 2.80423e-06 7.81909e-06
0.720815 0.117766 0.0174205 0.00850517 0.00777778 0.0378046 0.00275108 0.00749544 0.00446856 0.0145258 0.0229847 0.00984884 0.0128624 0.00658816 0.0046278 0.000715882 0.000605293 0.00107286 0.000333331 0.000404237 1.08794e-05 4.67488e-05 2.90142e-05 2.04109e-06 0.000242226
0.697667 0.126587 0.0106403 0.0150296 0.0341891 0.00143255 0.0407654 0.00217074 0.023307 0.00166271 0.00323299 0.0117095 0.0137949 0.00396451 0.00486653 0.00244611 0.0019615 0.000332998 0.000908883 0.00103535 0.000511092 0.000234324 8.663e-05 0.000166606 0.000179494 0.000372022 5.04786e-05 5.50823e-06 0.000132515 5.46956e-05 6.44517e-05 2.72226e-05 0.000128558 0.000150249
0.762146 0.0937943 0.00884237 0.00783094 0.00342993 0.0158781 0.00671938 0.0421541 0.00849867 0.00809069 0.00763184 0.00807017 0.00590869 0.0145908 0.00194152 0.00139102 0.000930076 0.000578545 0.000101825 0.000448237 3.14741e-05 3.75807e-05 0.000292474 0.000145448 6.90982e-05 8.164e-05 6.67971e-05 8.19538e-05 8.13486e-05 2.40705e-05 4.85015e-06 5.32865e-05 9.99003e-06 5.42028e-06 7.87472e-06
0.684914 0.140412 0.0230039 0.0387445 0.0205401 0.025004 0.00357853 0.0288397 0.00439547 0.0118125 0.00136035 0.00322783 0.0088391 0.000211997 0.00368135 0.000988933 0.000140392 3.04794e-05 4.68068e-05 0.000105479 1.10777e-05 4.44875e-06 2.42388e-06 3.59892e-05 1.71336e-05 7.82256e-06 8.12924e-06 4.83995e-06 7.41124e-06
0.772045 0.0059701 0.00866628 0.07231 0.0332201 0.0376883 0.0130103 0.00984579 0.00139709 0.00739179 0.00260689 0.0130222 0.00732149 0.00472387 0.00308975 0.00305656 0.00068599 0.000765836 0.000853713 9.92838e-05 0.000279668 1.87384e-05 0.000659856 0.00039145 0.000602363 1.04189e-05 9.16803e-05 4.42185e-05 1.29695e-05
0.705524 0.0297464 0.131378 0.0124291 0.00766712 0.0144495 0.0401226 0.00930945 0.0074099 0.00232999 0.00370249 0.00988584 0.00122219 0.00890425 0.00341409 0.00559093 0.000681535 0.00263306 0.000440808 0.000901364 0.000677182 0.000101266 0.000103551 0.000553805 8.78433e-05 0.00029965 7.81666e-05 1.13045e-05 0.000193486 1.70764e-05 1.79999e-05 1.7865e-05 1.65883e-05 2.56003e-05
0.745662 0.100876 0.0349921 0.0126279 0.0344394 0.00399314 0.00910742 0.00328426 0.0130072 0.00563067 0.0020865 0.00714175 0.00403678 0.00824008 0.00901944 0.00462769 0.000316798 0.000102192 7.53296e-07 0.000261394 0.000228406 0.000199542 2.29375e-05 1.7314e-05 2.32076e-05
0.769578 0.0680975 0.0206199 0.0143492 0.0121663 0.0071453 0.0359156 0.0158433 0.00463772 0.00594275 0.00303297 0.0139354 0.0095407 0.00143766 0.0109266 0.00246118 0.000247451 0.00094484 0.000703819 0.00032684 0.000700345 8.05399e-05 8.94067e-05 0.000648956 0.000359903 7.18369e-06 0.000161501 3.04829e-05 1.22872e-05
0.763359 0.0784041 0.00436303 0.038377 0.0292945 0.0117458 0.00671599 0.00536894 0.00361174 0.00581321 0.00969709 0.0116209 0.00749301 0.00229125 0.0135398 0.0017379 0.00365676 0.00054666 0.00116121 0.000218477 0.000415331 0.000294446 1.99485e-05 4.69984e-05
0.752389 0.0599966 0.00640766 0.0818236 0.0169337 0.00462781 0.00427187 0.00532956 0.0075364 0.00964561 0.023709 0.00277586 0.00559793 0.00855122 0.00444497 0.00226144 0.000620317 0.000567714 5.09555e-05 0.00016878 0.000126053 0.000111608 0.000369876 0.000103989 5.84495e-05 0.000160371 0.000387069 4.48111e-06 0.000303956 0.000357069
0.666927 0.120326 0.0261207 0.0121934 0.00250102 0.00547029 0.0505581 0.0191374 0.00549691 0.00776233 0.0318863 0.0153642 0.00171875 0.0128474 0.01083 0.00368454 0.00275742 0.000154967 0.00112534 0.000130165 0.000911794 0.000245091 0.00126123 0.000130228 2.30033e-05 8.82215e-05 0.000132818 3.12376e-05 6.99519e-05
0.71777 0.104224 0.0271831 0.0102525 0.0556377 0.00812084 0.00219241 0.0256452 0.0176286 0.00546548 0.00889547 0.00910683 0.000803374 0.00319648 0.00151409 0.00045096 0.000108122 0.0001048 4.22073e-05 0.000214716 0.000987264 0.00028755 5.34618e-08 0.000104006
0.766823 0.00504438 0.064227 0.0539707 0.0174338 0.00518742 0.00373014 0.00160682 0.0193809 0.0101415 0.00612126 0.00871597 0.0028782 0.0217823 0.00292374 0.00201442 0.00237982 0.00075923 0.000290547 0.000759995 0.000146366 0.00114847 0.000642772 0.000505563 2.92357e-05 0.000568913 2.11785e-06 0.000380351 0.000230636 1.76301e-06 1.93689e-05 5.67259e-05
0.782424 0.0838673 0.0143135 0.0043896 0.00927944 0.00837739 0.0512727 0.0039824 0.00118358 0.0134741 0.00802135 0.00066867 0.00656153 0.00564962 0.00161616 0.000929942 0.000670854 0.000613439 0.000184449 0.000595467 6.98132e-05 0.000636804 0.000143072 0.000191416 0.00012285 5.67025e-05 8.0346e-06 0.000191262 0.000252879 5.75473e-05 9.22276e-05 1.57213e-05 3.66007e-05
0.710796 0.00783711 0.00478094 0.109249 0.00821985 0.0270856 0.0506141 0.0231677 0.00386673 0.00287823 0.0112547 0.00442787 0.00456177 0.0032357 0.0057081 0.0128647 0.0030592 0.00176307 0.00104698 0.000561245 0.000264647 0.00101243 0.000343073 0.0003988 0.000233466 0.000119032 4.16925e-05 4.46741e-05
0.748979 0.118823 0.0549929 0.00898676 0.00644403 0.00550372 0.00443761 0.00358119 0.00605644 0.0133497 0.00497568 0.0060136 0.00547775 0.00633877 0.00116199 0.000474901 0.00047501 0.000183063 0.000502443 0.00057696 0.00168524 1.5082e-05 0.000323487 8.16661e-05 0.000101645 9.56731e-05 1.87758e-05 1.90051e-05 5.70353e-05 0.000117439
0.783079 0.0815123 0.0064793 0.0314703 0.0122522 0.00185979 0.0365083 0.0028099 0.00737152 0.00766114 0.00240459 0.000681126 0.00408726 0.00793966 0.0073327 0.0020292 0.00134328 1.79099e-05 0.000528214 0.000473955 0.000849964 0.000559213 0.00024415 0.000214605 0.00010126
0.729985 0.113965 0.0507348 0.00873168 0.0278622 0.00318057 0.0101997 0.0231723 0.00333834 0.00395016 0.00326817 0.00963301 0.00210314 0.00222264 0.0011807 0.00503616 0.000288003 9.51535e-05 0.000687063 0.000188966
0.783104 0.020263 0.0166296 0.0918837 0.0109366 0.00904672 0.00685142 0.016503 0.00143451 0.016324 0.0123764 0.00235887 0.00218454 0.00185584 0.0025375 0.00222512 0.00130766 0.00104045 7.6222e-05 7.97576e-05 0.000489126 1.40901e-05 0.000353351 7.2174e-05 1.9901e-05 6.17533e-06 1.18589e-05 3.94653e-06 6.48233e-06
0.0085767 0.736558 0.0857713 0.0676634 0.0049329 0.00584534 0.00141138 0.00384277 0.0111266 0.00626285 0.00241987 0.0242034 0.00550691 0.0140629 0.00163498 0.0110399 0.00420557 4.62233e-05 0.00165962 0.000807092 0.00104216 0.000612172 0.000415519 0.000185057 6.73763e-06 1.1194e-05 1.71913e-05 3.37973e-06 2.87462e-05
0.784829 0.00109693 0.0901812 0.0260462 0.00343633 0.00760751 0.00300603 0.0151432 0.0307599 0.00335911 0.00358767 0.00382783 0.00629558 0.00832353 0.00780559 0.00241519 4.7682e-05 0.00082572 0.000229428 0.000348026 0.000120491 9.57799e-05 0.000349317 8.141e-07 1.45962e-05 2.99616e-05 1.86798e-06 1.65837e-06 6.77729e-05 2.6368e-05 3.53778e-05
0.757197 0.0404981 0.0921006 0.00363913 0.00311362 0.0164025 0.0127769 0.0079905 0.014193 0.0180978 0.0005966 0.00192522 0.0107346 0.00303625 0.00531615 0.00295136 0.00311467 0.0015246 0.00157568 8.30725e-05 4.47986e-05 0.00148067 1.96039e-05 0.000586919 0.000393114 4.39322e-05 0.00015505 5.83315e-05 0.000114935 4.28675e-05 9.44229e-05 3.27796e-05 2.79764e-05 5.94782e-06
0.78414 0.0982566 0.0383386 0.00908165 0.0158986 0.014961 0.0164541 0.0015805 0.00118928 0.00531829 0.00222456 0.00131003 0.00535644 0.000834682 0.00247448 0.00108396 0.000244546 0.000195393 0.000130089 0.00017483 5.47387e-05 0.000102914 7.14423e-05 6.19251e-05 0.000168292 5.03095e-06 0.000214239
0.722375 0.118883 0.0520281 0.0107566 0.0263794 0.00961118 0.0136894 0.00356791 0.00630173 0.00639322 0.00976313 0.00494259 0.00059915 0.00349259 0.00138173 0.00208546 0.00019699 0.00244438 0.00165178 0.000860054 0.000280103 0.000500761 0.000339735 0.000264621 9.79293e-05 0.000273903 8.77765e-05 3.01598e-05 0.000156453 0.000197306 8.99227e-05 0.000116461 3.36859e-05 1.70512e-05 1.73266e-05 2.06049e-05 4.2872e-06 4.98281e-06 1.69386e-05 8.89018e-06 5.09449e-06 4.96071e-06 1.37794e-05 6.34609e-06
0.713675 0.095213 0.0316514 0.0186391 0.00249262 0.0507903 0.00448971 0.00896281 0.0190996 0.00413748 0.00768195 0.00725659 0.00877825 0.012258 0.00249092 0.00291407 0.00087798 0.00119093 0.00126551 0.00488155 7.41425e-05 0.000134712 0.000208972 2.01881e-05 0.00013714 2.44112e-05 0.000399928
0.745189 0.008787 0.0330001 0.0074744 0.104396 0.0291119 0.00462201 0.000321714 0.0102138 0.00958218 0.00741504 0.0113381 0.00652064 0.00549376 0.000826826 0.00347763 0.00492291 0.00311426 0.000423493 0.000514756 0.000980821 0.000676795 0.000395437 7.06667e-05 0.000314508 0.000145814 0.000159683 8.30247e-05 5.2708e-05 0.000168416 1.09651e-05 2.31331e-05 1.17922e-05 1.15352e-05 4.66435e-05 7.61081e-06 2.77536e-05 4.85974e-05
0.733333 0.102791 0.0470078 0.0279647 0.00791308 0.0267516 0.00407293 0.00486406 0.00344272 0.0047608 0.00736559 0.00894608 0.00501611 0.00452039 0.00482976 0.000538758 0.000525826 0.00233672 0.00067144 0.000289157 0.000275018 1.34605e-05 0.000202869 1.72647e-05 0.000389906 0.00017278 0.000195294 0.00012174 0.000299846
0.720897 0.0166674 0.0065997 0.100194 0.0332882 0.0077388 0.0113979 0.00327047 0.028809 0.00118822 0.00990907 0.0108329 0.00661333 0.0148691 0.0116062 0.0140093 0.000759867 6.87039e-06 0.000428725 6.95236e-05 0.000150353 1.22995e-05 0.000236607 0.000136713 1.58958e-05 7.7461e-05 1.40611e-05 4.97287e-05 2.65812e-05 2.55917e-05 2.85779e-05 2.73303e-05 2.59858e-05 9.35682e-07 6.87156e-06 3.88742e-06
0.673485 0.148236 0.023204 0.00393153 0.0138771 0.0378413 0.00403621 0.0195921 0.0175647 0.0106838 0.0016048 0.00880819 0.0133768 0.00141546 0.0106151 0.00493094 0.00124921 0.00118115 0.000479743 0.000726561 0.000638155 0.000231014 7.40078e-05 0.000566854 0.000159259 0.000224385 0.000221711 0.000178968 1.03988e-05 0.000159893 0.000285846 0.000106161
0.763596 0.0120492 0.118658 0.0207207 0.0110452 0.0227831 0.0130595 0.00928974 0.00793591 0.00184966 0.00145964 0.00170493 0.00260792 0.0008837 0.00191193 0.005435 0.00140188 0.000515401 0.000712059 0.000151639 0.000693881 0.000262427 0.000368692 1.46e-05 0.000116997 0.000154027 8.28116e-05 4.76813e-05 0.000255755 1.25914e-05 1.52017e-05 4.75817e-05 3.63623e-05 8.09676e-06 8.37714e-06 1.19034e-06 2.78331e-05 4.97143e-05 1.75597e-06 5.02126e-06 8.95794e-07 7.18749e-06 9.91556e-07 1.46459e-07 5.00071e-06 6.76655e-07 1.05365e-06 7.26004e-07
0.701487 0.0141234 0.0378403 0.126561 0.0213143 0.0228983 0.00914882 0.0093317 0.0158808 0.0103597 0.00839573 0.00674834 0.00162564 0.00199452 0.00204204 0.00383156 0.00159475 9.37947e-05 0.000312199 5.72828e-05 0.000151942 0.000573306 0.000634335 0.000495159 0.000354292 5.97175e-05 0.000377374 0.000135212 0.000406253 0.000581034 5.40912e-05 8.41594e-05 9.24597e-06 0.000114369 4.0686e-06 1.53916e-05 9.86145e-06 8.38895e-05 2.10175e-05 2.38615e-05 2.8297e-06 6.12613e-06 3.06848e-05 4.43528e-05 7.44747e-06 1.68966e-06 8.60798e-06 2.30498e-06 1.46401e-05 5.13635e-06 2.50108e-05 4.28452e-06 1.33331e-06 2.27836e-06 1.04316e-06 4.79569e-06 8.12901e-07 2.82292e-06
0.735982 0.0416587 0.101719 0.0285296 0.00710905 0.00377817 0.0398124 0.00138147 0.0113838 0.00676262 0.00678019 0.00142331 0.00304396 0.00220482 0.00104937 0.00257292 0.00150512 0.00129971 4.39933e-05 2.7648e-05 8.03821e-05 8.59684e-06 0.000239583 0.000111607 0.00024688 0.000265364 3.40938e-05 0.000156394 0.000246875 4.46893e-05 0.000125164 3.83419e-05 2.41208e-05 0.000136763 3.78625e-05 2.86668e-05 1.27885e-05 1.52174e-05 9.26215e-07 9.01475e-06
0.784465 0.0888975 0.026161 0.0353448 0.0051365 0.0073303 0.0039177 0.0161872 0.00301437 0.00474762 0.00268515 0.0040063 0.00990411 0.00177333 0.000843284 0.000488415 0.000937645 0.000560065 0.000647909 0.00107121 5.96124e-05 0.000718877 0.000573125 0.00014303 0.000108491 9.77043e-05 5.52368e-05 2.28804e-05 1.27871e-05 5.44497e-05
0.79657 0.0177335 0.0764456 0.00458813 0.0107487 0.00598115 0.0153163 0.0376474 0.00307396 0.00190811 0.00743364 0.0102724 0.0016897 0.00375701 0.00266501 0.00119741 0.000739392 0.000207718 0.00040887 0.00050394 0.000605488 0.000161924
0.691188 0.141324 0.0464619 0.0467185 0.00573224 0.00830944 0.0128607 0.00913093 0.00963131 0.0031757 0.00288782 0.00401451 0.00841863 0.00569348 0.00210227 0.000426849 0.000459198 0.000243354 0.000245628 0.000408874 5.38475e-05 0.000118266 3.82192e-06 6.43322e-05 5.46884e-05 4.64434e-06 6.48541e-05
0.778548 0.0852653 0.0225228 0.0331423 0.0155754 0.00532342 0.00715276 0.0201223 0.0036712 0.00513162 0.00458375 0.00398051 0.00275863 0.00538163 0.000952342 0.00118551 0.00140462 1.62314e-05 9.921e-05 0.00114737 1.98652e-05 6.09193e-05 0.00027476 9.95463e-05 9.2973e-05 0.000259237 1.28776e-05 0.000392219 4.33494e-05 6.7772e-05 7.57659e-05 0.000123451 5.54704e-05 8.08764e-05 6.6029e-05 5.51439e-05 1.53127e-05 5.0162e-05 8.49085e-05 3.33967e-05 7.74576e-06 3.96153e-06 5.46103e-06 8.60687e-06 5.11667e-06 3.63563e-06 1.0487e-05 8.78166e-06
0.76386 0.0932291 0.0144111 0.0112959 0.00805858 0.00129876 0.0343202 0.00422345 0.0187546 0.00534932 0.00879295 0.0189104 0.00218595 0.00101706 0.00865047 0.00106821 0.000294112 0.000820096 0.000819585 0.00019078 0.0008693 2.14683e-05 0.000243066 0.000675835 6.56177e-05 0.000217641 7.16619e-05 7.31117e-05 0.000111129 5.51519e-05 7.3474e-07 1.9457e-05
0.740349 0.0528016 0.118028 0.00537786 0.00734286 0.0200574 0.00500798 0.00811091 0.0121968 0.00520248 0.00429476 0.00792802 0.0022295 0.00175475 0.0043847 0.0011115 0.000236891 0.000843275 0.000811624 0.000101196 0.000305982 0.000367826 0.000470857 0.000177878 7.40692e-05 2.56441e-06 0.000196778 2.40575e-05 2.6514e-06 5.91771e-06 4.56632e-05 9.09147e-06 1.71122e-05 6.71758e-05
0.689798 0.118719 0.010494 0.0602706 0.0169993 0.012557 0.00867077 0.036383 0.00240903 0.00164697 0.00928507 0.00500666 0.0056589 0.00285893 0.00501253 0.00217648 0.000551235 0.00651587 0.000232448 0.000838627 0.00191895 0.00040004 0.000716125 0.000233236 0.000112849 0.000119275
0.779385 0.00104824 0.00441428 0.0708035 0.0136243 0.0144164 0.0173926 0.0451343 0.0138394 0.0150502 0.00443687 0.00388207 0.000916612 0.00635616 0.00671805 0.00136393 0.000519723 1.85545e-05 0.000251497 7.49077e-05 1.15366e-06 1.36237e-05 0.000135978 1.03809e-05 0.000110037
0.767571 0.0986569 0.0389024 0.0063951 0.02452 0.0107624 0.00414538 0.00355393 0.00273577 0.00450717 0.00766591 0.00579128 0.00146455 0.00467392 0.00271684 0.00650722 0.00240747 0.00158881 0.000332993 0.000156805 0.000707037 0.000609186 0.00101498 0.000332322 0.000206479 6.00035e-05 0.000655349 9.66472e-05 0.000144827 0.000121594 9.29859e-05 1.67316e-05 0.00033515 6.08381e-05 7.6445e-05 0.000198522 4.36768e-05 6.00175e-06 1.28235e-05 2.38732e-05 2.26662e-05 5.17112e-05 2.99722e-05 2.71322e-07 2.67623e-06 1.36549e-06 8.73564e-06 3.1396e-07 2.76332e-07 3.27032e-09 3.28203e-08 8.83064e-07
0.718963 0.0982345 0.00917084 0.0101624 0.0178446 0.0327189 0.00020343 0.0350238 0.0044051 0.0178459 0.0103022 0.0143769 0.00551439 0.00534884 0.00378817 0.00736651 0.00117616 0.00121699 0.000552929 0.00199289 0.000337655 0.00053189 0.000179586 0.000199675 0.000970161 0.000850666 0.000291746 8.16332e-06 7.59772e-06 4.67446e-05 1.7181e-05 2.30822e-05 7.97433e-07 3.89313e-05 0.000134133 7.17895e-05
0.77298 0.110033 0.0283512 0.025859 0.00370651 0.00584049 0.00419862 0.013403 0.00720606 0.00763745 0.00552816 0.00141481 0.0033159 0.00332112 0.00365934 0.000805241 0.000467159 0.000595061 0.000155558 0.000250416 0.000136538 4.91393e-05 0.000277269 0.00021453 7.49337e-05 7.30197e-05 5.93232e-05 0.000326222
0.749623 0.0135605 0.108446 0.00829728 0.0405298 0.0165611 0.00959385 0.00386103 0.00273481 0.00360078 0.0147715 0.00518061 0.00689363 0.00356303 0.00247095 0.00147773 0.000552546 0.00157309 0.00122629 0.00163009 0.00175642 0.000574733 0.000647246 0.000289958 0.000138186 9.57876e-05 2.62593e-06 9.06219e-05 0.000159987 2.71257e-05
0.0571591 0.757729 0.0720777 0.00815101 0.00805878 0.0336352 0.0121163 0.00227524 0.0165532 0.00506813 0.00623294 0.00947483 0.00227551 0.00259905 0.00152831 0.00135108 0.000546527 0.00134538 0.000101136 0.000758041 0.000220717 0.000204304 0.00026928 8.32231e-05 0.000106224
0.753637 0.025687 0.114064 0.0234644 0.0128168 0.0184692 0.00163452 0.00353187 0.00255354 0.011064 0.00181858 0.0101163 0.00736895 0.00349734 0.00217986 0.00220806 8.92747e-05 0.000135362 0.000237714 0.000382745 0.00271484 0.000172165 0.000763355 0.00057343 0.000320697 0.000278402 5.96451e-05 2.3391e-05 6.02401e-05
0.788304 0.0747407 0.00738912 0.00453919 0.0180099 0.00342075 0.00357513 0.0168122 0.00782037 0.00456302 0.0117001 0.019037 0.00420993 0.00251669 0.022359 0.00216961 0.00159777 0.00118717 0.000427753 0.00304739 0.000376006 0.00076859 0.000355207 0.000580738
0.785481 0.0995644 0.00695212 0.0159695 0.0106439 0.00425712 0.00808256 0.0115466 0.0237965 0.00295438 0.00158822 0.000808119 0.00767125 0.00304176 0.00235984 0.00490918 0.00297694 0.00208579 0.000352408 0.000128279 0.00186472 0.00141881 0.000546981 5.22737e-05 0.000289614 9.09199e-05 0.000174812 6.12746e-05 4.43382e-05 2.80146e-06 4.02515e-05 0.000126672 8.51048e-06 1.95661e-05 3.02499e-06 6.16802e-06 2.35073e-05 1.79175e-05 1.35361e-05 7.07431e-07 1.30957e-05 1.50099e-06 5.51024e-06
0.740467 0.122077 0.0083186 0.0244027 0.000758763 0.0311824 0.00403081 0.00775373 0.00397024 0.0137034 0.00714342 0.0129354 0.0136991 0.00562787 0.000954337 0.000322155 0.0010866 0.000908004 0.000236596 0.000118456 1.24282e-05 3.14862e-06 1.33485e-05 1.74463e-05 7.2674e-05
0.7248 0.106478 0.0468657 0.0311239 0.0161798 0.00982386 0.00591475 0.00616383 0.00444402 0.0189563 0.0112134 0.00363532 0.00616724 0.00352281 0.000557225 0.00216238 0.000518657 8.83492e-06 2.245e-05 0.000387075 0.000249871 0.000111745 0.0003458 2.53982e-05 5.69144e-05 0.000164617 3.73495e-05
0.72987 0.000591059 0.121599 0.00785931 0.00918537 0.0353159 0.0111406 0.00648627 0.00791317 0.0213967 0.00942369 0.00314535 0.00177857 0.00690688 0.0200718 0.00202477 0.000155927 0.00140453 0.000919785 0.000514644 0.000136428 0.000184133 0.000551963 0.00028545 9.7001e-05 0.000255126 3.69383e-05 3.82278e-05 1.5088e-06 0.000137077 0.000253821 4.11027e-05 2.94678e-05 6.33095e-05 1.82071e-05 6.16036e-05 4.01298e-05 1.51255e-05 2.45211e-05 9.04142e-06
0.732976 0.122497 0.0166174 0.0101815 0.00311047 0.00733389 0.0236796 0.0257593 0.00769846 0.00979081 0.0113789 0.00656376 0.00102164 0.00144324 0.0128178 0.00151585 0.000823158 0.000144914 0.0015126 0.000574713 0.000409646 0.000589528 0.000164671 0.000265347 2.81842e-06 0.000439697 3.63788e-05 0.000109538 0.000148588 0.000119951 6.99062e-05
0.742922 0.0704205 0.00846616 0.0222195 0.0272242 0.0442597 0.00470078 0.00910086 0.00634797 0.0126188 0.0179862 0.00904914 0.00541072 0.00414899 0.00381935 0.0064088 0.00104099 0.00219084 0.000380939 0.000169557 0.000482559 0.000138223 6.12073e-05 0.000199487
0.762269 0.112253 0.00560856 0.00333143 0.00806287 0.00774538 0.027081 0.0122796 0.00782855 0.00260924 0.0377261 0.000865809 0.00253616 0.0031346 0.0002757 0.00285788 0.00114697 0.000646306 0.000746003 0.000158843 0.00053773 6.33384e-05 2.88136e-05 7.43842e-06 5.40094e-05 4.27254e-05 2.86886e-05 1.97603e-05 1.86765e-05
0.740228 0.0129131 0.107695 0.0161967 0.0077254 0.0238744 0.0386157 0.00622952 0.0163869 0.0010384 0.00505217 0.00389431 0.0017254 0.00631091 0.00556575 0.00324193 0.000699009 0.000228262 0.000194459 0.00020402 0.000724574 0.000312744 8.54405e-05 0.000103384 1.70159e-06 0.000199004 7.22069e-05 1.25035e-06 0.000171898 0.000108217 5.05276e-05 3.98836e-05 1.28447e-06 1.92677e-05 4.14493e-05 5.97018e-06 2.17228e-05
0.75299 0.00656932 0.0244664 0.127225 0.00257376 0.0067275 0.0197035 0.00431319 0.00187869 0.0137848 0.00752352 0.00235465 0.0109319 0.00554633 0.00386184 0.000889374 0.00170583 4.23526e-05 0.00210988 0.00224135 0.000111476 0.00029258 0.0003738 0.000515901 6.69667e-05 0.000295306 0.000109928 0.000109145 0.000146231 0.000113129 0.000172095
0.73223 0.0401946 0.00617682 0.0977451 0.00671382 0.00365445 0.025997 0.0384452 0.00835927 0.00673394 0.00321349 0.00198058 0.00386699 0.00704563 0.00324717 0.00416147 0.000805399 0.00147447 0.000294257 0.00104202 0.000100317 0.00346322 0.000942606 0.000191873 0.00024361 0.000224528 6.94236e-05 0.000384084 0.000220776 0.00028988 0.000192046 4.16964e-05 4.99415e-05 4.72621e-05 5.10625e-05 9.96641e-06 1.81732e-05
0.0393972 0.767848 0.00493678 0.01253 0.0722878 0.0141941 0.00248232 0.00492664 0.0223637 0.00681208 0.0155595 0.0028959 0.00750195 0.000830294 0.00872875 0.00783865 0.000796709 0.00286523 0.00117993 0.000614334 0.00111143 0.000420157 0.00019187 0.000280196 0.00052395 4.76675e-07 0.000587549
0.702483 0.135051 0.0394073 0.00873897 0.00612352 0.00300904 0.0127536 0.0399131 0.00953748 0.0027572 0.00117864 0.00187878 0.0123556 0.00345868 0.0139501 0.00244677 0.00254687 2.7483e-05 0.000308442 0.000583677 0.00014282 0.000341015 3.48303e-05 0.000110362 9.77842e-05 0.000226991 1.96922e-05 1.71494e-05 0.000257372
0.719524 0.0467055 0.103515 0.0190378 0.0127756 0.017419 0.014729 0.00204742 0.00949068 0.0221729 0.00992354 0.00201283 0.000303763 0.00634595 0.00539624 0.000583511 7.58845e-05 0.00281807 0.00253881 0.000459457 0.000671651 0.000264568 0.000358417 5.24987e-05 4.26379e-05 0.000322914 4.77293e-05 2.00674e-05 1.43717e-05 3.34123e-05 1.54393e-05 3.21397e-05
0.726063 0.096943 0.001717 0.0211905 0.0153793 0.00616998 0.00665607 0.020841 0.0378555 0.00719654 0.00784207 0.00573145 0.00808685 0.0237761 0.000562501 0.0073386 0.00197465 0.00119245 0.000278048 2.82598e-05 0.000198344 0.000840978 0.000481871 0.000191438 0.000872213 8.87054e-05 4.3333e-05 3.68534e-05 7.83851e-05 7.9749e-05 2.04332e-05 5.77394e-05 8.56776e-05
0.748447 0.0143878 0.0137676 0.106904 0.00329009 0.00338693 0.0254905 0.0419677 0.00254576 0.0109285 0.00428002 0.0040437 0.00687277 0.00558445 0.00217556 0.000281606 0.0038787 0.000220738 0.000797929 0.000108616 0.000355661 0.000144259 8.86202e-06 3.1465e-05 6.01919e-06 6.15644e-06 8.08155e-06 4.23394e-06 1.32865e-05 1.03131e-06 3.90121e-05
0.687714 0.0976492 0.0584533 0.0056884 0.0236393 0.00731971 0.0080317 0.052769 0.00175961 0.0147356 0.0169952 0.00888829 0.00139409 0.00314809 0.00594613 0.00291798 0.000211779 0.00035718 0.000393497 0.00119059 2.29078e-05 0.000128164 5.70757e-05 2.26319e-05 0.000346806
0.717039 0.0168058 0.1275 0.0151336 0.0222104 0.00751873 0.0145178 0.00594734 0.0301925 0.00308943 0.00215784 0.000812842 0.0059228 0.0101989 0.000396423 0.00370994 0.00289468 0.00146445 0.00141827 0.00280108 0.00207756 0.000622255 0.0001941 9.73098e-06 0.00186065 0.000846717 0.000798961 0.000506018 0.000519749 0.000139941 0.00017196 8.09886e-06 0.000187566 1.21182e-05 0.000170537
0.741023 0.0111625 0.126227 0.0142463 0.0374429 0.00318358 0.0164945 0.0141649 0.00624694 0.00186914 0.000935072 0.00785054 0.0078522 0.00334312 0.00263707 0.00176348 0.00090573 0.00112165 0.000267759 0.000366166 0.000201151 0.000102428 0.000103082 0.000106929 4.1983e-05 3.63463e-05 4.63904e-05 0.000114921 9.41948e-06 5.0465e-05 1.70936e-05 1.08653e-06 5.25914e-06 1.78259e-05 1.43068e-05
0.752189 0.0997772 0.0437816 0.0212162 0.0153986 0.00764722 0.0132984 0.00736222 0.00100705 0.00111451 0.00280072 0.0109006 0.000840259 0.0122151 0.00653476 0.00245777 0.000577963 0.000637939 2.08376e-05 4.45436e-05 2.64902e-05 9.46844e-06 1.24206e-05 3.68845e-05 2.49553e-05 1.0522e-05 1.0286e-06 7.53809e-07 1.16177e-05 1.2863e-05 7.75544e-06 4.17364e-06 7.65191e-06 5.33616e-06 1.91793e-06 4.20403e-07 3.91369e-07 8.19459e-07 8.04557e-07 8.69704e-07
0.778706 0.113821 0.0207317 0.0152315 0.00556991 0.00113109 0.00869467 0.0166068 0.00129918 0.000531109 0.0109599 0.00220675 0.00753638 0.00425386 0.00431313 0.0020301 0.000199167 0.00164487 0.000573265 0.000856116 0.000766247 3.74952e-05 0.000484666 0.000136841 1.13958e-05 0.00015277 0.000427029 0.000279579 0.000308922 0.000262476 5.46039e-05 7.09463e-05 2.72866e-07 1.10331e-05 5.09135e-05
0.71133 0.0169626 0.12848 0.0117362 0.0417016 0.0208727 0.00172404 0.0103272 0.00966261 0.00619866 0.0114449 0.00707074 0.00816276 0.00220319 0.00277996 0.00474445 0.000662009 0.00172684 0.000547129 3.09184e-05 0.000661309 0.000322802 8.31597e-05 2.64957e-05 4.24475e-05 0.000114567 0.000114664 9.58578e-05 2.59579e-05
0.705455 0.0369572 0.0892889 0.0115914 0.0288605 0.0189419 0.0438813 0.00964585 0.0116767 0.00718138 0.00894289 0.00382489 0.0022113 0.00573041 0.0014121 0.00764653 0.00269906 0.00350675 8.30948e-05 0.00021486 1.5087e-05 6.10234e-05 6.03877e-06 1.59581e-05 1.17742e-05 3.30593e-05 1.20535e-05 6.93852e-05
0.683228 0.0628319 0.0436896 0.0214077 0.136524 0.00846474 0.0115299 0.0057674 0.00158835 0.00561178 0.00208754 0.00315691 0.00340654 0.000441662 0.00618273 0.000380131 0.00164884 0.000155206 0.000921263 7.1775e-05 2.30081e-05 0.000114363 5.54067e-05 0.000232776 6.55404e-05 9.28911e-05 1.39145e-05 5.25623e-05 4.36017e-05 3.33874e-05 2.09019e-05 5.43288e-05 1.39894e-05 1.02921e-05 2.07687e-05 4.39408e-05
0.764583 0.0971641 0.061606 0.0201654 0.00619994 0.00748431 0.000787775 0.00480236 0.00120344 0.00791705 0.00385496 0.00201134 0.0106854 0.00351927 0.00211165 0.00293116 0.000484821 0.000499356 0.000123702 0.000486883 0.000256955 7.49959e-06 3.90007e-05 0.000588983 9.42544e-05 2.15009e-05 6.9537e-05 2.88874e-05 6.87234e-05 0.000171774
0.689362 0.00853049 0.149444 0.0164879 0.0126461 0.00798211 0.0385466 0.00525248 0.00824948 0.010241 0.0157326 0.0104056 0.00908948 0.00465092 0.00241966 0.00114704 0.00392095 0.000346566 0.0017329 0.000532714 0.000489541 0.000315036 0.0011471 0.000294175 0.000171957 7.4662e-05 0.00029841 8.3301e-06 7.18043e-05 3.35158e-05 0.000193401 2.6e-05 1.76006e-05 3.3854e-05 5.44715e-06 1.50971e-06 1.68601e-05 1.47016e-05 1.07773e-05 4.03736e-06 5.69228e-06 1.4372e-06 1.02e-05 7.73209e-06 8.63922e-07 6.01416e-06 4.27116e-06
0.786118 0.0841957 0.00357129 0.0280284 0.00274665 0.0078597 0.0220736 0.00585461 0.00408106 0.00860277 0.0012142 0.0027857 0.00615448 0.0177924 0.00536547 0.00422767 0.00042322 0.000683875 0.00111696 0.00146527 0.00290711 0.000256678 4.08328e-05 0.000215888 0.000768636 0.000267457 0.000285832 0.000123043 4.55538e-05 0.00031198 9.44354e-05 1.58263e-05 0.000148142 8.87125e-05 1.60173e-05 9.37084e-06 1.99253e-05
0.720804 0.0375861 0.0129268 0.0794452 0.0157903 0.0540601 0.0156936 0.00465785 0.0178561 0.00355656 0.00139219 0.0169529 0.00576498 0.00539453 0.00415824 0.00162159 0.000175466 0.000338139 0.000159778 0.00045206 1.57156e-05 4.94489e-05 0.000331023 0.00010093 5.59083e-05 0.000340409 2.93566e-05 2.29734e-05 2.36143e-06 7.00951e-06 6.12322e-07 7.66109e-05 8.72493e-05 3.71576e-06 2.10253e-05 2.38362e-05 8.63872e-06 9.81112e-06
0.771911 0.0293373 0.0153745 0.0754563 0.0114237 0.0361261 0.00341497 0.00987747 0.00114817 0.010907 0.013761 0.00567027 0.00257022 0.0049368 0.003354 0.00169383 0.000137782 8.96967e-06 0.00199723 8.43623e-05 0.00048795 0.000116638 6.45134e-05 3.45351e-05 1.24076e-05 2.17584e-05 2.40046e-06 2.35628e-05
0.781842 0.0787848 0.026167 0.0249184 0.00412907 0.0357347 0.00424758 0.0145579 0.00284429 0.000743212 0.00476091 0.00610368 0.00616284 0.00098172 0.00340965 0.00159506 0.00196074 0.000534817 4.65847e-05 0.000154059 7.65302e-07 5.16445e-05 3.87644e-05 5.73427e-06 4.87584e-06 1.72862e-05 7.42491e-05 1.93102e-05 5.58126e-05
0.761489 0.111917 0.0182185 0.0167671 0.0252911 0.00154179 0.00695359 0.00684907 0.00150715 0.011769 0.00710018 0.00120274 0.00958034 0.00319901 0.00663178 0.00640056 0.000649394 0.000689934 0.000728983 0.000164806 0.000159456 0.000104158 4.0211e-05 3.21678e-05 8.09134e-05 0.000238189 0.000402225 7.30807e-05 7.0946e-05 8.71317e-05
0.751811 0.124317 0.0259571 0.00428266 0.0281117 0.00825552 0.00327457 0.00414742 0.00355441 0.00876143 0.00505865 0.000987535 0.0065883 0.00882688 0.00719564 0.00231779 0.00164143 0.0014655 0.00056069 0.00183187 0.000304478 4.66837e-05 0.000166634 8.55033e-06 7.76298e-05 0.000114185 3.68466e-05 0.000165787
0.725714 0.00438544 0.0501194 0.0822198 0.0232714 0.00567349 0.0244241 0.00329613 0.0356823 0.0163172 0.00139719 0.00476748 0.00226876 0.00688733 0.00717377 0.00103015 9.51436e-05 0.000844227 0.00055942 0.000121125 0.00113762 0.000427695 0.000637133 4.24336e-05 0.00057956 0.000213088 2.58765e-05 0.000104182 0.000175996 7.61813e-05 0.000135188 9.48399e-05 1.01111e-05 1.08575e-06 1.24394e-05 1.5248e-06 2.25563e-05 3.64951e-06 4.26179e-07 2.70787e-06 8.81398e-07 1.11156e-05 1.43269e-05 7.56016e-06 1.45188e-06 3.18966e-06 3.32826e-06 8.48286e-07 1.34138e-06 7.45203e-08 2.9442e-08 7.01751e-07 5.25944e-07 4.90226e-07 6.46612e-07 1.81652e-07 1.81929e-07
0.734175 0.100642 0.0447113 0.0126781 0.00319049 0.00466476 0.0108496 0.0167543 0.00644238 0.0122894 0.0108994 0.00483987 0.0105405 0.00126209 0.0107401 0.00739077 0.00091333 0.000773586 0.000643308 0.00100883 0.00171444 0.00106605 9.19158e-05 0.00077173 0.000259286 4.27834e-05 0.000152903 0.000183437 0.000164224
0.782349 0.00830437 0.0265031 0.0775085 0.0185328 0.00401122 0.0148115 0.00847212 0.0109295 0.0152252 0.00867932 0.00541852 0.00866153 0.00236535 0.00345496 0.000348607 0.000164793 0.00156463 0.000247679 0.000392898 0.000245046 0.00122772 6.35575e-05 4.67395e-06 5.14557e-05 2.76156e-06 1.9551e-05 5.88125e-05 8.86569e-05 1.95719e-05 7.32109e-06 8.79167e-06 5.11197e-05 7.28945e-06 2.6058e-05 6.55369e-05 2.59106e-05 2.26077e-05 3.501e-05
0.754555 0.113223 0.0382932 0.00705289 0.00711022 0.0183361 0.00260121 0.025685 0.00477149 0.000383711 0.00686962 0.00423273 0.00612358 0.00252449 0.00396371 0.00111578 9.27579e-05 0.000194436 0.00166039 0.000107156 0.000195005 0.000329111 1.65988e-05 2.75917e-05 3.89266e-05 0.000134542 0.000159387 3.75793e-06 0.000100047 4.39631e-05
0.760914 0.108356 0.00908236 0.0466665 0.00817149 0.00240993 0.0278097 0.00579279 0.00683694 0.00870918 0.00144023 0.00102 0.00319077 0.00127684 0.000314662 0.0051201 0.00112461 2.36218e-05 0.000145209 0.000224367 0.000345713 0.000449704 8.31314e-06 8.27492e-05 2.24807e-05 2.5169e-05 5.54412e-05 5.95212e-05 5.92803e-05 0.000108694
0.754771 0.0142077 0.00482445 0.0969134 0.0245248 0.0133784 0.0221038 0.0285629 0.00164337 0.0130483 0.00445028 0.00310733 0.00293595 0.00314152 0.00516 0.00118952 0.000120638 2.00274e-05 8.05286e-06 0.000241246 0.00260187 0.000556279 4.63738e-05 0.000202449 0.000647555 4.17389e-06 0.000690772 6.05119e-05 0.000404732 0.000159295 6.82142e-05 4.79079e-05 5.34814e-05 4.86587e-05
0.746058 0.0204267 0.0189627 0.00873172 0.0870991 0.0186525 0.0305814 0.0160156 0.00572299 0.00472904 0.00234149 0.00442117 0.00928445 0.00593302 0.000417578 0.00151387 0.000186365 0.00196793 0.00614593 0.00178351 0.0018595 0.000561119 0.00134737 0.00100547 0.000222402 0.000142347 0.000484943 0.000976214 0.000210788 0.000595571 0.000209937 0.000743138 8.84743e-06 2.59127e-05 0.000237659 8.81451e-05 8.97374e-06 6.21313e-06
0.730003 0.0861061 0.0616995 0.00320459 0.010499 0.0170714 0.0087957 0.00423546 0.0273233 0.00665505 0.00454398 0.00620314 0.00231314 0.00312909 0.0124407 0.00806502 0.000504505 0.00154678 0.00111779 0.0038221 1.77594e-05 0.000110766
0.778347 0.00617464 0.0783859 0.0132464 0.0121359 0.0330563 0.0160038 0.0066632 0.00992215 0.00450297 0.00541352 0.0169764 0.00415811 0.00204408 0.00568109 0.00226902 0.000944305 6.60267e-05 0.00121025 0.00117572 2.31994e-05 0.00015638 5.64317e-05 0.000385697 0.000580801 6.17008e-05 1.41526e-05 6.21031e-05 6.98696e-05 1.63215e-05 1.74127e-05 1.63703e-05 1.68391e-06 9.87029e-06 5.45331e-05 3.31501e-05
0.698946 0.0207172 0.00930781 0.0375558 0.0403188 0.123558 0.00776832 0.0308045 0.00248466 0.00202987 0.0140264 0.000523507 0.00120919 0.00152233 0.000911431 0.00169071 0.00151031 0.000935576 0.000622348 0.000267758 0.0011416 0.000393993 7.40184e-05 0.000384963 1.05462e-06 0.000494921 0.000109125 3.45886e-05 0.000111123 0.000106739 8.39551e-05 0.000165997 2.88466e-05 2.01046e-05 3.76577e-06 3.24352e-05
0.708973 0.0783431 0.059019 0.00921066 0.00779747 0.0341395 0.00615802 0.012566 0.023222 0.0189761 0.00770497 0.00855288 0.0025923 0.00835403 0.00263389 0.00303078 0.00248438 0.00116862 4.16994e-05 0.00021113 0.000376367 0.0016016 0.000814118 0.000142543 0.000297778 0.000114798 0.000317726 7.02552e-05 0.000505116
0.742644 0.0241634 0.0353804 0.120973 0.00651452 0.0252632 0.00371722 0.00720658 0.00490831 0.00432017 0.00189443 0.00432691 0.00572733 0.00570132 0.00344924 0.000660033 0.000299862 0.00113691 0.000592849 0.000522655 5.75873e-05 5.94099e-05 0.000137209 3.4251e-05 5.89538e-05 1.51571e-05 4.92033e-05 4.71805e-05 1.11879e-05 2.52583e-05 2.46853e-05 1.77203e-05
0.78377 0.0928079 0.0316969 0.0101906 0.0190783 0.0169775 0.0064715 0.00795169 0.00417999 0.0103878 0.00854537 0.00122544 0.000724213 0.00104664 0.00282186 0.000210047 0.000350923 0.000977817 2.60148e-05 0.000156492 4.90928e-05 3.0912e-06 6.09219e-05 2.33801e-05 4.84173e-05 0.000123905 3.12776e-05 4.2576e-05
0.727767 0.0424944 0.126764 0.0015072 0.00966035 0.0126989 0.0254632 0.00697568 0.0126349 0.00880876 0.00224826 0.00555834 0.00283708 0.00636274 0.00522859 0.00183964 3.99534e-05 7.08929e-05 4.48034e-05 0.000647363 3.5563e-05
0.740873 0.0651682 0.00383444 0.0881187 0.0114672 0.000919946 0.020266 0.0171373 0.00493915 0.0121747 0.00302757 0.00475391 0.00394698 0.00060011 0.0026497 0.00731191 0.00124944 0.00093204 0.000369746 0.000730584 0.00216012 0.000151652 0.00122817 0.000767485 0.00079122 0.000836493 0.000456843 0.000322701 0.000275807 0.000129973 0.000445484 0.001199 0.000314025 0.000120365 0.000135513 1.09705e-05 4.52213e-06 3.79226e-06 1.05263e-05 2.68449e-05
0.729691 0.0258594 0.0363442 0.125458 0.00445176 0.0404098 0.0110586 0.0105602 0.00241587 0.000742096 0.00071197 0.00241279 0.00135664 0.00312989 0.0012522 0.00191798 0.000735332 6.4034e-05 0.000680617 6.58913e-05 0.00016518 3.61952e-05 3.53637e-05 5.07361e-05 1.54519e-05 0.00023511 2.03478e-05 3.725e-06 4.93491e-05 4.41895e-06 1.20503e-05 4.54661e-06 2.59066e-05
0.708462 0.144761 0.0213381 0.03486 0.00315786 0.00488481 0.0224435 0.0099145 0.0181288 0.0101769 0.00594231 0.00132255 8.52446e-05 0.00511279 0.00380323 0.00323252 0.000277237 0.00104759 0.000128616 0.00014979 0.000119614 0.000108171 0.000353373 2.41408e-05 2.97224e-05 1.32412e-05 1.9227e-05 4.18692e-05 3.52821e-06 2.99407e-06
0.754176 0.0951789 0.0415581 0.00200958 0.0225236 0.0300726 0.00264834 0.00745758 0.0110424 0.00249145 0.00475344 0.00703364 0.00229453 0.0101271 0.00127428 0.00157801 0.000885173 0.00119042 0.000901346 7.28785e-05 9.9401e-05 8.42611e-05 0.000184063 6.62376e-05 0.000148906 9.62778e-06 4.69963e-06 3.6993e-05
0.724581 0.0880068 0.0276697 0.0106196 0.0477304 0.00792032 0.00716122 0.0164609 0.00222496 0.00375287 0.0093978 0.00229127 0.00790756 0.00841349 0.00464986 0.0242743 0.0020442 0.00268328 0.000207427 0.000486404 0.000657968 0.000304344 4.59278e-05 0.0001402 0.00013214 1.33183e-05 1.33215e-05 0.000105327
0.71962 0.110833 0.0053949 0.0367169 0.0028629 0.0156631 0.0126766 0.012296 0.0416218 0.00658906 0.00713101 0.00348859 0.00694615 0.00142943 0.00433814 0.00254629 0.00187134 6.57881e-05 0.00461731 0.000586134 0.000782661 0.000282678 0.00036196 0.000286051 0.000310388 0.000103147 1.49869e-05 0.000143869 7.34534e-05 0.000221007
0.751042 0.0275042 0.0091578 0.110705 0.0324697 0.00730147 0.0104736 0.0067304 0.00854666 0.00467014 0.00203752 0.00344895 0.00575792 0.00965567 0.00638126 0.00208867 0.000610915 0.000300233 3.46779e-05 0.000164141 0.000130129 0.000162483 0.000150699
0.73767 0.0411108 0.131734 0.00263925 0.0208581 0.00432821 0.00697789 0.00294948 0.00818206 0.0046863 0.00195214 0.00603443 0.00742155 0.00263994 0.00634999 0.00743841 0.000658178 0.000363148 0.000208083 0.000650866 0.000181795 0.000331718 0.000259389 0.000572104 0.000666566 0.00112079 0.000972104 0.00026057 7.69569e-05 0.000252559 8.58959e-05 7.0356e-05 7.72808e-05 3.96083e-06 4.43817e-05 3.78405e-05 1.23268e-05 3.85514e-05 1.53409e-05 1.67377e-05
0.771451 0.0796693 0.0594095 0.0164003 0.00533685 0.0175901 0.00535558 0.00474046 0.00663013 0.00675643 0.00352657 0.00574087 0.000265137 0.00453348 0.0066657 0.000981235 0.000584973 0.000374097 0.000230143 0.00282556 0.000188069 2.51217e-05 6.59511e-05 1.87532e-05 0.000115354 0.000208585 3.12951e-05 1.18792e-05 8.31818e-05
0.661324 0.118064 0.0600683 0.00576641 0.0503927 0.0204317 0.0107452 0.00900227 0.00943246 0.00272543 0.00188223 0.0111115 0.00249295 0.0198456 0.00450232 0.00363792 0.000411418 0.0011445 0.00267631 0.0008664 0.000242419 0.000662843 0.000949935 0.000106654 3.64925e-05 0.000146506 3.03842e-05 0.000621015 0.000101952 0.000222024 0.000175024 7.67627e-05
0.75621 0.126754 0.00329633 0.0465112 0.0125442 0.00885407 0.00890913 0.00931036 0.00703347 0.00384312 0.0015377 0.00459329 0.00271895 0.00310181 0.00208901 0.000677333 0.000737127 0.000592142 0.000238326 6.62851e-05 4.99236e-05 5.00519e-05 7.13315e-06 7.03668e-05 1.79302e-05 7.60793e-05 1.81027e-05 4.56158e-05 9.07517e-06 2.78861e-06 9.3333e-06 5.32824e-06
0.771289 0.037928 0.0864776 0.0076514 0.00947836 0.0190646 0.0108221 0.000749866 0.00942245 0.0100235 0.00817364 0.00521596 0.0046198 0.00553996 0.00589849 0.00496491 0.000173257 0.00031327 0.000588342 0.000759501 0.000119004 9.41056e-05 0.000336024 3.53472e-05 1.47414e-06 1.80587e-05 1.35341e-05 1.77934e-05 4.86554e-05 7.39239e-06 9.28807e-05
0.695151 0.097737 0.00909529 0.0182627 0.0344483 0.0133067 0.0207062 0.00513273 0.0478344 0.0127782 0.00765689 0.000188425 0.0156431 0.00209956 0.00712071 0.0029601 0.000693462 0.000344211 0.00086691 0.00077742 0.00125246 0.00116685 0.00186832 0.000128244 0.000664348 0.000568072 0.00050786 0.000159378 0.000186663 0.000152334 0.000201364 0.000236806
0.780195 0.0103921 0.0297449 0.131558 0.00325184 0.000462487 0.00772607 0.00222769 0.00191512 0.0062791 0.00829524 0.000641748 0.00533406 0.00302914 0.00362477 0.00345938 5.89166e-06 0.00123064 7.62676e-05 4.70829e-05 8.0727e-05 2.7449e-05 8.28454e-05 5.71952e-05 9.49249e-06 9.86391e-07 6.03814e-05 8.12197e-05 3.9069e-05 1.57509e-05 5.83228e-06 1.37434e-05 6.4933e-07 3.51029e-06 3.89537e-06 4.1108e-06 9.55099e-07 1.06418e-07 7.18398e-06
0.766471 0.0565126 0.0103574 0.0890368 0.014966 0.00805908 0.00185907 0.00544877 0.0184334 0.00624141 0.00197123 0.00562798 0.00227133 0.00349519 0.00207099 0.002487 0.00107484 0.000433062 0.00126907 0.00101838 6.63653e-05 0.000189648 5.32988e-05 9.64558e-05 4.64999e-05 0.000138743 5.23717e-05 8.08636e-06 2.39141e-05 0.00012571 4.81982e-05 6.96114e-06
0.719912 0.14962 0.038392 0.0165137 0.0221209 0.00348275 0.00294192 0.00374803 0.00696229 0.000786135 0.0077987 0.00951954 0.00810251 0.00191319 0.00419283 0.000702331 1.59509e-05 0.000956793 0.000199607 0.000457137 0.0005872 8.40414e-05 0.000137881 0.000320747 1.00564e-05 0.000295151 1.52568e-05 3.53249e-05 5.67438e-05
0.707237 0.00778607 0.0170416 0.129479 0.00371127 0.0398104 0.00602383 0.0128842 0.00287427 0.00649612 0.00575394 0.0155409 0.00333633 0.0177736 0.0090662 0.0036474 0.000503721 0.000470523 0.00123791 0.00105317 0.00192132 0.0019287 0.0023212 0.00047141 6.31009e-06 0.000787096 8.41539e-05 8.84899e-05 7.6365e-06 0.000197837 0.000154489 1.13457e-05 5.25911e-05 1.96464e-05 4.34033e-05 4.22883e-05 2.52548e-05 3.21188e-05 3.00782e-06 1.07469e-05 8.32515e-06 1.33895e-05 2.49572e-06
0.80803 0.0656966 0.0323798 0.0120073 0.00366256 0.0225305 0.0133049 0.00731207 0.00379817 0.00260412 0.00610428 0.00433806 0.00312602 0.000962974 0.0011565 0.00292303 0.00057206 0.00252026 0.00300002 0.000569884 0.000556714 0.000261563 0.000164655 0.000424931 0.00021894 0.000741176 0.000324224 0.000120107 0.000163313 0.00012484 3.18619e-05 9.96134e-05 9.67624e-05 1.79984e-05
0.784874 0.0716224 0.00544048 0.0317667 0.00631165 0.00865489 0.0263526 0.00762013 0.00410519 0.00623647 0.0117588 0.00856284 0.00463479 0.00154594 0.00642616 0.00490579 0.000995196 0.00156316 0.00140187 0.000429495 0.00012345 0.00157598 0.000283592 0.000506254 0.000379218 0.000224578 0.000138515 0.000101825 7.57974e-05 9.78367e-05 0.0005454 2.49893e-05 9.99276e-05 0.000362917
0.761484 0.1163 0.0253461 0.000667295 0.0258907 0.0111868 0.0169282 0.00578454 0.00861562 0.00322887 0.000563292 0.00116392 0.00381883 0.00801089 0.00248826 0.00335768 0.00154377 0.0012407 0.000655655 0.000788853 0.000643881 2.99915e-05 2.30873e-05 2.31088e-05 3.12094e-06 6.78606e-07 4.42923e-05 5.65406e-06 2.80115e-06 3.9813e-05 1.8656e-05
0.726079 0.012668 0.105104 0.00937411 0.0295592 0.00453487 0.00808081 0.0143467 0.0212075 0.0147843 0.00613744 0.00542181 0.00661369 0.00985463 0.00564311 0.00131642 0.00149007 0.000496007 0.00256904 0.00209336 0.000497354 0.00177762 0.00103612 0.000602043 0.00153645 0.00329796 0.000826309 0.000201794 0.000518236 0.000189856 0.000141118 0.000533372 0.000178548 0.000657695 3.92781e-05 0.000214363 1.25182e-05 0.00010089 0.00015827
0.762097 0.00439832 0.0206782 0.0763906 0.0459687 0.0213428 0.0194491 0.0170138 0.00625453 0.00258195 0.00377921 0.00465121 0.00299302 0.00543348 0.00216195 0.000382414 0.000788075 0.00125661 0.000973493 3.75605e-05 0.000234864 0.000320518 3.97657e-06 8.0604e-05 5.38753e-05 5.55069e-05 0.000274917 3.82881e-05 4.98459e-05 5.93346e-06 8.75988e-05 1.74013e-05 1.43226e-05 2.11316e-05 7.67407e-06 1.88263e-05
0.725322 0.127161 0.00741279 0.0163763 0.00991244 0.00594195 0.0463132 0.0108082 0.00266401 0.0238596 0.00138928 0.0114835 0.00416369 0.00160046 0.00175948 0.00117624 0.000581896 0.000135308 1.54823e-05 0.000954618 0.000138905 0.000212807 0.000221354 0.000104687 9.39355e-05
0.72208 0.0443351 0.00746296 0.125738 0.00501655 0.0217762 0.00750324 0.00746255 0.00748125 0.00530567 0.00348254 0.0138053 0.00332539 0.0103584 0.00557607 0.000199846 0.000787209 0.000983549 0.00458877 8.37954e-05 5.71356e-05 0.0009993 0.000282863 0.000418533 8.13885e-05 0.000204451 3.90641e-05 8.97577e-05 0.000151716 1.51389e-05 0.000181024 3.77234e-05
0.744149 0.0126561 0.100672 0.00480586 0.0127197 0.0145193 0.03597 0.016119 0.00145267 0.00423021 0.0218491 0.00259964 0.00884825 0.00145471 0.00625843 0.00447397 7.47319e-05 0.00216967 0.00203381 0.000406949 0.00083833 7.12257e-05 8.67988e-05 0.000292694 0.000438083 3.21173e-05 0.000103141 2.59496e-05 5.32048e-05 0.000146009 0.000252891 8.51265e-05 5.52986e-06 9.92234e-06 5.33173e-05
0.121985 0.7264 0.0333927 0.0425576 0.00906492 0.00565045 0.00772001 0.000546021 0.00748789 0.00309648 0.0121605 0.00621355 0.00274664 0.0134762 0.00127414 0.00128354 9.13501e-05 0.000138582 0.00109387 0.000722113 0.000498685 0.00055205 0.000286545 0.000803943 4.38334e-05 7.5102e-05 4.6823e-05 0.000327854 1.04337e-05 4.02466e-05 6.66568e-05 1.87394e-05 4.60446e-05 1.82527e-05 2.52262e-05
0.763738 0.0987842 0.00828107 0.0229077 0.00720317 0.0226781 0.00188412 0.0061651 0.00237706 0.0094206 0.00379801 0.0114225 0.0262298 0.00162321 0.00456064 0.00176489 0.00274351 0.000944411 0.000612842 0.000565808 0.000775717 0.000258999 1.48415e-05 0.000375905 0.000397585 1.72704e-05 0.000258906 2.11614e-05 2.22622e-05 2.6686e-06 2.84086e-05 3.65454e-05 1.37304e-05 2.04295e-05
0.00973277 0.735656 0.118631 0.0265302 0.0526316 0.00708402 0.00723658 0.00436384 0.0104256 0.00543059 0.00218121 0.00927459 0.000247474 0.00519023 0.000134801 0.00132062 0.00134355 3.27859e-05 0.000165017 0.000275244 0.000381449 0.000437564 0.000271333 0.000200766 0.000144244 7.26894e-06 2.09163e-05 5.44723e-05 0.000143665 4.04163e-06 1.59338e-05 2.14218e-05 1.1417e-05 9.31203e-05 9.71409e-05 9.87654e-06 2.5666e-05 2.28893e-05 2.18674e-05 3.42187e-05 6.13512e-05 1.77379e-06 1.47237e-06 4.8524e-06 2.10949e-06 4.84647e-06 3.70529e-07 1.53124e-06 1.64236e-07 6.57461e-06
0.760447 0.0075845 0.0891903 0.00216241 0.0328909 0.0208975 0.00855575 0.0226429 0.00910658 0.00942733 0.00760897 0.0106357 0.0068817 0.00196014 0.00559062 0.00042225 0.000877862 0.000191998 0.000817784 0.000218478 0.000321178 0.000614008 0.000268951 2.33093e-05 3.69436e-05 7.20663e-05 8.18123e-05 3.87194e-05 0.00011779 1.69481e-05 6.88192e-06 9.0758e-05 3.98536e-05 4.10881e-05 1.58417e-05 2.3095e-06 4.40983e-05
0.720123 0.119862 0.0163399 0.0269444 0.0115119 0.0304272 0.00320576 0.00894878 0.00358867 0.0114602 0.0114797 0.011281 0.00281645 0.00885828 0.00293499 0.00560892 0.000878974 0.000351307 0.000498021 0.00157393 7.29857e-05 0.000433879 0.00014201 9.91109e-05 7.52985e-06 4.7507e-05 6.72437e-05 0.000135462
0.77154 0.0329612 0.0724325 0.00805232 0.0209254 0.0038623 0.00496084 0.0542797 0.00395482 0.00290677 0.00192927 0.00168327 0.00612416 0.00632436 0.0052808 0.00117558 0.000410586 7.1142e-05 0.000876701 6.32143e-05 2.2722e-05 2.94627e-05 9.01735e-05
0.708404 0.121256 0.0035194 0.0123961 0.00382029 0.00360757 0.0588101 0.0158741 0.0101057 0.0216583 0.00389671 0.00220204 0.00956955 0.0102686 0.0102509 0.00305597 1.1526e-05 0.000546162 7.71579e-05 6.17454e-05 0.000365867 2.77359e-05 3.32198e-05 6.52569e-05 4.12915e-06 7.14472e-06 4.19686e-06 2.13357e-06 1.75057e-05
0.798205 0.0878826 0.0121003 0.00347732 0.00258557 0.00886177 0.0424557 0.0248994 0.00609395 0.00386434 0.000897192 0.00211695 0.00206023 0.00181335 0.000989144 0.00101317 0.000197691 3.341e-05 0.00020319 3.79167e-06 5.70868e-05 1.55749e-05 4.78795e-06 9.12063e-06 1.94797e-05 3.02481e-05 3.83328e-05 3.66791e-08 6.3544e-06 1.23099e-05 2.09624e-05 9.16665e-06
0.752187 0.038037 0.046291 0.0957387 0.00842244 0.00881404 0.00896666 0.00585644 0.00780008 0.00810205 0.00299986 0.00192347 0.00774681 0.0010105 0.00200689 0.00161396 0.000861365 1.45864e-05 0.000532163 3.33445e-05 0.000175724 0.000244489 3.416e-05 0.000257239
0.752758 0.106603 0.0452559 0.00680946 0.0104133 0.012983 0.00151089 0.0014826 0.0164915 0.0237244 0.00619946 0.000432257 0.00271625 0.00245446 0.00237351 0.00513195 0.000285002 0.000251757 0.000742662 0.000283687 0.000163744 0.000159379 1.64391e-05 4.76624e-05 0.000464557 5.19382e-05 1.38844e-05 6.02243e-06 7.34953e-06 5.4693e-05 2.79598e-05 2.02623e-05 3.86203e-06 1.37096e-05 1.93379e-05
0.712465 0.107644 0.0170796 0.00755379 0.00778025 0.0283677 0.00949923 0.0435344 0.00685475 0.0160555 0.00773628 0.0047495 0.020088 0.00153151 0.00497824 0.00236347 0.000527337 0.000449953 5.01299e-05 0.000184177 9.5197e-05 1.21345e-06 1.48635e-05 0.000153089
0.739796 0.133207 0.0178832 0.0158288 0.0100218 0.00578265 0.0105918 0.0141807 0.00285284 0.0172665 0.00431083 0.00707853 0.00522344 0.00191592 0.00497359 0.00159285 4.56636e-05 6.81338e-05 0.0024765 0.000557291 0.000175743 4.05359e-05 0.000198629 0.000988413 7.43144e-05 6.18893e-05 0.000400567 0.000845014 0.00055313 1.30842e-05 0.000114381 0.000154971 0.000214223 4.01406e-05
0.726917 0.0806447 0.136145 0.00739156 0.00401002 0.00681991 0.0062678 0.00153109 0.000917693 0.00336321 0.00735307 0.00175155 0.000787512 0.00472943 0.00144651 0.0051247 0.00014347 0.00104045 0.000302382 0.00185841 5.10361e-05 0.000359764 0.000337983 1.73821e-05 3.6243e-05 1.64798e-05 4.57748e-05 0.0002687 0.000169926 5.84894e-05 1.18515e-05 1.69106e-06 2.98891e-06 3.25025e-05
0.752532 0.00718308 0.00590346 0.0927843 0.00233661 0.0518146 0.0118978 0.0192614 0.00656747 0.00521149 0.00198712 0.00752738 0.00424 0.0034209 0.00794902 0.00974325 0.00207151 0.00317322 0.000769508 0.0010863 0.000282365 0.000112154 0.000328455 0.000141884 1.00913e-05 2.95889e-05 0.00095166
0.0011519 0.763302 0.042533 0.0797388 0.0226231 0.0167036 0.0253862 0.00420889 0.0112546 0.00497559 0.00314565 0.0054469 0.00498669 0.00818851 0.0011479 0.0013523 0.00103529 0.00119682 0.000356805 0.000116267 0.000462719 0.00026031 0.000221081 3.47641e-05 3.26427e-05 2.58097e-05 2.82604e-05 1.42551e-05 7.17891e-06 3.63891e-05 7.10359e-06 3.03345e-06
0.709162 0.0499512 0.00820128 0.149944 0.00518108 0.0121423 0.00253889 0.0110635 0.00210587 0.00232527 0.0156157 0.00453915 0.00617565 0.0103468 0.00127832 0.00296565 0.000826269 0.00214819 0.000158308 0.000252509 0.000142443 0.000143024 2.56921e-05 0.000859927 0.00033994 0.000309905 0.000250294 0.000238444 7.78196e-05 0.000120498 1.94631e-05 0.000107804 0.000176016 3.35382e-05 2.61288e-05 1.75033e-06 2.96073e-05 1.17129e-05 2.0091e-05 1.39069e-05 5.54769e-05 1.25119e-05 4.75324e-06 3.16524e-05 6.90152e-06
0.769681 0.0645272 0.0397146 0.0374998 0.0145545 0.00826089 0.00462678 0.02375 0.00168465 0.00545065 0.0109874 0.00247194 0.00216114 0.00087917 0.00238319 0.00731694 0.00147831 0.000413715 0.00051221 5.39561e-05 0.000374976 0.000278984 0.000215291 8.26593e-05 6.92482e-05 3.25372e-05 5.572e-05 0.000116638
0.825205 0.0677056 0.0242002 0.00595829 0.00712699 0.00533325 0.0134733 0.00961078 0.0231782 0.00145244 0.00958442 0.000261019 0.000905797 0.0008578 0.000859205 0.00123443 7.51621e-05 0.00085316 0.000128939 0.000160953 0.00040246 0.000345865 0.000290992 8.1054e-05 5.99673e-05 0.000192582 6.13376e-05 3.38127e-05 0.000125586 6.14522e-06 2.98466e-05 9.509e-06 5.94301e-05 4.03461e-05 1.86475e-05
0.731078 0.102342 0.0162607 0.0548679 0.00400148 0.00568251 0.0104161 0.00348451 0.00379751 0.000481875 0.00868988 0.0119048 0.0120987 0.0160619 0.0112848 0.00175752 0.00143006 0.000309122 0.000438812 0.000252995 0.00113657 0.00118074 9.04653e-05 0.000202864 0.000106327 2.00548e-05 1.25653e-05 0.000165825 4.67546e-05 5.22941e-05 2.15664e-05 2.11967e-06 7.47533e-05 1.89804e-05 1.65507e-05 7.99294e-05 1.38753e-05 2.4079e-05 3.18651e-06 1.9755e-05 1.71826e-05
0.719887 0.00712378 0.0158131 0.0109996 0.0287964 0.125047 0.00086108 0.0352026 0.0176409 0.00373083 0.011007 0.0029376 0.00483203 0.00364841 0.00259354 0.00225359 0.00530015 0.00013295 3.00771e-05 0.0003435 0.000632591 0.000285194 0.000201543 0.000215747 9.57396e-05
0.753179 0.00858347 0.090699 0.0441437 0.00196967 0.00231816 0.0209707 0.0203264 0.0164476 0.0125104 0.00390322 0.00391046 0.00234746 0.00412675 0.0058666 0.00414375 0.000844627 0.000337035 0.000120528 0.000144781 0.00045994 0.00156648 0.000491699 0.000151707 0.00010193 4.6973e-06 6.52693e-05 2.75787e-05 6.99791e-05 1.21029e-05 2.33173e-05 2.57017e-05 2.2453e-05
0.0289397 0.740982 0.107188 0.00875863 0.0107379 0.0081562 0.00865605 0.00862331 0.00988004 0.0018521 0.0119841 0.00172939 0.00865792 0.0216823 0.00147539 0.00303096 0.00211497 4.8616e-05 0.000346192 0.0018964 0.00269695 0.00376062 0.00248242 0.00148442 0.000205327 0.000394762 0.00061747 1.90092e-05 0.000890736 0.000108714 8.27249e-05 2.38023e-05 7.25976e-05 1.53287e-05 6.23497e-05 4.87876e-05 0.000121285 9.87999e-06 0.000120847
0.746172 0.0712259 0.0110266 0.0178192 0.0229553 0.0160839 0.00549907 0.0117374 0.0417333 0.00674231 0.0186801 0.0074082 0.0017929 0.00461065 0.00312727 0.00506222 0.000759108 0.00124835 0.000214961 0.000740478 0.000174513 0.00211279 0.000469476 0.000471088 0.000269756 0.000515373 5.12803e-05 0.00041236 0.000179664 0.000204348 6.01224e-05 0.000108188 7.75327e-05 2.088e-05 9.9518e-06 7.74114e-05 5.57464e-05 4.59237e-07 3.67435e-06 6.83964e-05
0.753379 0.00278191 0.116537 0.0288987 0.00658815 0.00680619 0.0235558 0.00951438 0.0193697 0.000619405 0.00270687 0.00457994 0.00633137 0.00240722 0.00813776 0.0027429 0.0012394 0.000384087 0.000807491 0.00052393 0.00034645 0.000384542 1.71078e-05 0.000505848 4.02107e-05 9.85481e-05 0.000155734 0.000119048 4.40123e-06 1.50531e-05 5.10557e-05 0.000134395 7.91051e-05 1.26943e-05 5.33226e-05 1.16056e-05 6.02667e-07 1.81915e-06 2.25983e-06 1.39963e-05 2.5439e-06 1.25992e-05 5.49159e-06 9.63126e-07 8.0604e-07 3.77086e-07 7.1756e-06 3.48013e-07 2.65395e-06 1.99199e-06 1.14185e-06 6.64168e-07 1.78622e-07 2.19028e-07 4.11099e-07
0.750749 0.130228 0.0333964 0.0071571 0.0263811 0.00728181 0.00298139 0.00532695 0.00775446 0.00187799 0.00128665 0.00582239 0.00754092 0.00812428 0.00170338 0.00127014 0.000524761 0.000268189 2.63049e-06 8.21142e-05 3.34503e-06 6.79636e-05
0.771553 0.0868136 0.0133947 0.0145755 0.0233695 0.00155504 0.00941515 0.005661 0.0166792 0.028448 0.00588537 0.00726819 0.00506182 0.00328717 0.000939334 0.00246339 0.000217429 0.000115192 0.000433439 0.00070844 0.000620324 2.09274e-05 6.9217e-05 0.000751582 0.000425539 1.85532e-05 2.99741e-05 5.31561e-05 2.8327e-05 1.1708e-05 8.71269e-05 2.45609e-06 4.98316e-06 1.91731e-06 4.92373e-06 5.23784e-06 7.10228e-06
0.764711 0.12827 0.0134076 0.0191244 0.0092676 0.0063884 0.00494297 0.0136713 0.0143929 0.00381809 0.000910013 0.00163949 0.00313729 0.00345649 0.00765398 0.00220893 0.000469191 0.000428712 0.000613073 0.000276282 0.000280324 0.000186562 0.000127428 2.9707e-05 7.52556e-06 3.10535e-05 5.32775e-05 4.79151e-05 3.92488e-05 0.000157547 8.62901e-05 3.53944e-05 1.88716e-05 1.50035e-05 1.68201e-05 1.24665e-05 2.25786e-05 8.73892e-06 2.13802e-06 2.98761e-06 1.42226e-05 2.45605e-06 1.11523e-06 1.82225e-06 1.62172e-08 1.81182e-06 2.23133e-06
0.00362363 0.736689 0.00577624 0.0965596 0.00829747 0.00668265 0.0237543 0.0196503 0.0256285 0.00327634 0.0119013 0.0102598 0.00654561 0.00289129 0.0241586 0.00717941 0.000706072 0.000161481 0.00124872 0.000457868 2.46309e-05 0.000848898 0.000234237 0.00142483 0.000234622 2.22422e-05 0.000496074 0.000169116 0.000405584 4.34684e-06 4.9549e-05 8.28953e-05 0.000294476
0.744361 0.00594034 0.0418182 0.0185184 0.0107538 0.0906786 0.0181156 0.00285313 0.0242129 0.0149722 0.0040384 0.00427986 0.00397788 0.000987826 0.00655093 0.000566002 0.00278724 0.00184588 0.000465261 0.000430176 0.000648799 0.000177538 0.000267662 0.000125195 0.000192572 0.000174171 4.34251e-05 5.95375e-05 6.9918e-05
0.764122 0.108165 0.00922376 0.0066842 0.0357706 0.00812015 0.0151015 0.00170212 0.00917412 0.00660079 0.00820783 0.00715322 0.00372018 0.00207375 0.00905926 0.00246598 0.000713401 0.000980407 4.12558e-05 2.11074e-05 0.000182602 0.000185823 0.000227063 1.00252e-05 2.83558e-05 0.000144994 8.98559e-06 2.8985e-05 4.03113e-06 2.16969e-05 2.74587e-05
0.658962 0.0497709 0.16206 0.0163976 0.00372751 0.00546841 0.00850517 0.0249236 0.0135841 0.00110058 0.012654 0.0112363 0.00192093 0.00894867 0.00986943 0.00526729 0.00128929 0.00201086 0.000818904 7.59897e-05 0.000375751 0.000181839 2.06131e-05 0.000239047 2.4177e-05 0.000109971 0.000147353 1.37995e-05 2.80495e-05 7.98926e-05 2.10138e-05 7.76879e-05
0.734589 0.0118145 0.109238 0.0395081 0.0396262 0.00264216 0.00500977 0.00871732 0.00179447 0.00822016 0.00795125 0.00126185 0.0064142 0.00217275 0.00351487 0.00370533 0.00502905 0.000348426 0.000222525 0.00184547 0.00296909 0.00137922 0.000237287 0.000290147 0.00019901 0.000434303 2.42424e-05 0.000135857 0.000107999 6.19661e-05 0.000129627 3.59361e-05 5.36453e-05 1.08245e-05 3.16383e-05 6.57997e-05 7.37806e-06 1.28168e-05 8.23057e-05 1.06082e-06 3.9588e-05 3.89302e-06 3.2746e-06 9.08697e-06 2.12794e-06 3.25478e-06 1.05495e-05 6.36022e-08 2.55003e-06 1.49434e-06 9.34821e-06 1.1601e-06 9.51985e-06
0.706801 0.103433 0.08324 0.0066875 0.0186118 0.00347992 0.00371212 0.00823772 0.0305975 0.00542237 0.00357978 0.00285 0.0052883 0.00260256 0.0101694 0.00133556 0.000805039 0.000861241 0.000463501 0.00067026 3.36342e-05 0.000122441 9.37985e-05 0.000148266 3.31499e-06 4.72827e-06 3.66106e-05 0.000380331 0.000193543 3.20632e-07 5.02841e-06 3.14148e-06 2.92325e-05 2.51906e-05 2.76068e-05 3.81097e-06
0.689615 0.157833 0.0188537 0.00433382 0.0247759 0.0386381 0.000114254 0.00109118 0.00210245 0.0123054 0.00929742 0.010689 0.0110367 0.00144769 0.00567014 0.0071925 0.000837214 0.0003281 0.000197694 0.000628876 0.00119176 0.000780724 0.000246262 2.06847e-05 0.000121117 0.000308909 9.6652e-06 5.77148e-05 6.3171e-05 0.000129669 1.5968e-05 6.64114e-06 1.85242e-07 1.78561e-05
0.787844 0.00389461 0.0782976 0.0129327 0.00391018 0.0341386 0.0163544 0.016755 0.00898029 0.0025867 0.000975806 0.000906211 0.00664989 0.00336232 0.00765495 0.00129179 0.00288291 0.0041362 0.0016703 0.00012879 0.000278787 9.68211e-05 5.2468e-06 0.000327829 0.000147638 0.00169009 0.000134372 0.000266033 0.000442865 0.000447537 0.000125909 8.5256e-05 3.12166e-06 0.000232445 0.000101553 3.01205e-05 5.78195e-05 5.60809e-05 2.52928e-05
0.692388 0.146098 0.0042604 0.00351961 0.0203577 0.038595 0.00384941 0.0161016 0.0114967 0.0194227 0.0245631 0.00101129 0.00302255 0.00415873 0.00434987 0.00374453 0.000299098 5.08118e-05 0.000287386 0.000795076 2.75964e-05 0.000224255 0.00066091 2.37277e-05 0.000101907 0.000100552 1.76812e-05 0.000166035 6.79903e-07 1.58091e-05 6.64066e-05 0.000176382
0.181048 0.689115 0.0203812 0.0262461 0.00620299 0.0100908 0.0147158 0.0134142 0.0093567 0.00474519 0.00447985 0.00325156 0.00324612 0.00580932 0.00313481 0.000800945 0.000571452 0.00055581 0.000490045 0.000236336 0.0001443 7.82386e-06 0.000437513 0.00031577 0.000376856 4.81701e-05 5.19879e-05 0.000191892 8.61933e-05 0.000113628 1.07198e-05 7.26554e-06 0.000102182 2.44023e-05 2.9462e-05 5.79739e-05
0.74903 0.110144 0.00351319 0.0282671 0.00872144 0.0179163 0.0279767 0.00373436 0.0031827 0.00908932 0.00599554 0.00648717 0.00852878 0.00553392 0.00304458 0.00295466 1.35512e-05 0.00110387 0.00227543 0.000672001 7.88481e-05 5.81441e-05 0.000324185 0.000127583 0.000426323 0.000288165 0.000177046 7.32684e-05 8.77789e-05 3.31067e-05 9.55437e-05
0.785987 0.0910881 0.0226619 0.00294797 0.0289457 0.00283072 0.00418526 0.00216243 0.00338152 0.000162394 0.0163734 0.0149791 0.00594411 0.00366051 0.00173449 0.00663254 0.000585344 0.000426653 0.00155642 0.000367785 0.00130273 3.80545e-05 2.29677e-05 3.04049e-06 0.000442162 0.000386048 0.000136824 2.52527e-05 0.000119295 2.99325e-05 0.000464433 4.88951e-05 2.06172e-05 9.23189e-05 0.000128002 3.50779e-05 1.0084e-05 3.64596e-06 4.84674e-05 2.58624e-06 6.64047e-06 4.67226e-06 3.39498e-06
0.750612 0.040542 0.0927134 0.0138057 0.0317974 0.0152897 0.00551345 0.00569233 0.015999 0.00514201 0.00325252 0.00730427 0.00116169 0.00376798 0.00469063 0.000371293 0.000506622 0.000385541 0.000204431 5.12629e-05 0.000199026 0.000584416 9.1308e-05 7.56172e-05 0.000101455
0.736558 0.0102717 0.130591 0.0381298 0.0169218 0.00722527 0.00132861 0.00171551 0.00820194 0.00590899 0.0133727 0.00374302 0.00685977 0.0010625 0.00997791 0.00118544 0.00166894 0.00017065 0.000967153 0.000868507 1.54849e-05 0.00043174 0.000249057 0.000359517 0.000161722 0.00092757 0.00021993 2.77278e-05 0.000189378 0.000279926 2.89566e-05 3.04086e-05 5.68394e-05 5.44511e-05 5.33632e-05
0.751499 0.111965 0.0399658 0.00378424 0.0183217 0.00989365 0.00415457 0.0192615 0.00605438 0.00812956 0.00231771 0.00625417 0.000924249 0.00431526 0.00140566 0.00875651 0.000184906 0.000225902 0.000509237 0.000356106 0.000691947 9.60893e-05 7.4312e-05 0.000176567 0.000229226 0.000288123 3.70651e-05 6.5854e-06 4.99996e-06 1.60417e-05 3.97814e-05 2.75759e-06 1.2794e-05 5.49279e-06 5.222e-06 2.13891e-07 1.34702e-05
0.768824 0.0219687 0.103512 0.00519614 0.0297885 0.000978456 0.00446653 0.00625706 0.0062991 0.0109747 0.0110625 0.00276148 0.00320582 0.00929921 0.00697487 0.00180519 0.000457169 0.000567915 0.000961698 0.00089108 0.000734242 3.24834e-05 0.000888276 0.00017977 0.000438331 0.000160994 0.000253203 0.000130278 9.87516e-05 8.08173e-07 0.000137749 0.00018053 0.000140009 7.05682e-05 7.27306e-05 9.87902e-05 5.22291e-06 3.72751e-05 1.25813e-05 5.0443e-06 5.55445e-06 6.10432e-06 1.38163e-05 5.44051e-06 5.48428e-06 6.14631e-06 7.46105e-07 1.01917e-05 1.25072e-06 7.73926e-07 5.23503e-06 1.9234e-06 2.23364e-06 4.56856e-07 1.65737e-06 8.34612e-07 2.55598e-08 5.01627e-07 1.25382e-06
0.71622 0.116052 0.0211736 0.00755801 0.0148118 0.00418697 0.0477214 0.00405457 0.0181964 0.00654171 0.0122511 0.00185874 0.00693923 0.00836599 0.00514897 0.00393698 0.000733927 0.000668226 0.00103758 0.000487981 0.000648105 0.000246446 0.000509507 1.40046e-05 0.000152195 0.000211039 0.00011913
0.75687 0.103 0.00238084 0.0168439 0.0496365 0.0170079 0.00569157 0.0078923 0.00700552 0.00603438 0.00408123 0.00188297 0.000667659 0.00867829 0.00144553 0.00389889 0.00101478 0.000637466 0.000467541 0.00121151 0.00182192 0.00132771 0.000184929 3.10426e-05 7.33781e-05 3.97258e-06 3.28376e-05 5.88469e-05 5.60562e-05 3.89556e-06 1.22841e-05
0.771654 0.0667856 0.0498346 0.0197499 0.0128937 0.00272334 0.00333239 0.0127652 0.0102792 0.00508737 0.00905971 0.00486123 0.0163145 0.00300682 0.0033301 0.00650383 0.000497537 0.000104265 4.06753e-06 0.000183314 0.000140805 6.11593e-05 0.000142825 0.000203959 5.56186e-05 4.51759e-05 2.79978e-05 0.000140394 8.85113e-05 1.40971e-06 1.60179e-05 4.76477e-05 7.71729e-07 2.14351e-05 8.94765e-07 4.35259e-06
0.751918 0.116565 0.041855 0.00595324 0.0139393 0.0048143 0.00927527 0.0100578 0.00494032 0.00507282 0.00417554 0.00569284 0.00579764 0.00108421 0.0110491 0.00316091 0.000506956 0.00132089 0.000393101 0.000915547 0.00050885 8.40193e-05 6.22332e-05 0.000217659 5.23781e-05 1.15241e-05 1.02331e-05 2.19858e-06 0.000162375 0.000151424 6.7838e-05 5.01893e-06 3.52519e-05 2.15018e-05 3.51567e-05
0.758819 0.0347361 0.0264844 0.011409 0.111583 0.00570036 0.016212 0.0121905 0.00437439 0.00195812 0.000528469 0.0016577 0.00227161 0.00604153 0.00274911 0.000255202 0.0014596 5.34644e-05 0.000406957 0.000540984 8.46632e-06 0.000218002 3.07002e-05 4.6066e-05 4.62958e-05 9.92315e-06 8.03303e-05 9.50756e-07 3.36663e-05 2.94939e-05
0.761479 0.00140757 0.0159166 0.0411992 0.109615 0.00645082 0.0146857 0.0207295 0.00182003 0.00141422 0.000375136 0.0133986 0.000161464 0.00413262 0.00513198 0.000522027 5.34538e-05 0.000106554 0.000520449 0.000117874 1.55829e-05 2.73294e-05 0.000330193 0.000160116 5.5704e-05 3.18321e-05 5.50638e-06 4.64055e-06
0.726883 0.0176008 0.1153 0.0214459 0.0104019 0.0229321 0.0197536 0.00146592 0.00525393 0.018408 0.00825399 0.00192566 0.0066674 0.00433804 0.00350573 0.00326206 0.00128561 0.00242199 0.000432398 0.00344559 0.00151377 0.000585463 0.001119 0.000467979 2.89746e-05 0.000279454 6.03487e-05 0.000121386 0.000423519 0.000111661 4.64214e-05 0.000103297 4.25854e-05
0.74263 0.0699245 0.0138567 0.0210928 0.0266881 0.00951243 0.0186723 0.0167082 0.00466838 0.0162773 0.00249681 0.00549643 0.0367289 0.00120137 0.00615522 0.00174474 0.00026825 0.000663667 0.0010165 0.000536872 0.000207518 0.000714402 0.000481518 8.59555e-05 0.000169988 0.000636747 0.000607751 0.000288634 0.00010511 3.47506e-05 0.000105374 2.66075e-05 2.50436e-05 1.42826e-05 5.14765e-05 2.21482e-05 2.89521e-05 2.26935e-06 3.1443e-06
0.701867 0.0568296 0.010032 0.115839 0.00670034 0.0222477 0.00221766 0.0105474 0.00371049 0.00800887 0.00590228 0.00412312 0.0279891 0.00792678 0.00804288 0.000191984 0.00224265 0.000570612 0.00112308 0.000827156 0.00015632 0.000465102 0.000685586 4.07073e-05 0.000190187 0.000106309 5.25568e-05 0.000322251 0.000124144 0.000188946 8.33617e-05 0.000199659 2.1324e-05 0.000113805 2.6156e-05 1.82011e-05 2.30834e-05 2.24492e-05 2.25699e-05 9.05118e-06 7.94113e-06 2.79186e-05 5.05366e-05 4.81549e-05 1.23944e-05 9.40708e-06 9.81462e-06 2.06415e-06 2.56048e-06 1.03272e-05
0.0981168 0.789089 0.0380079 0.00349379 0.00630815 0.0212975 0.00702399 0.00435956 0.00750012 0.00350935 0.00308161 0.000934968 0.00817815 0.0016899 0.000939569 0.000702385 0.00247395 1.92635e-05 0.00102778 0.0012286 0.000147192 0.000312929 5.74533e-06 7.59283e-05 9.88282e-05 7.4203e-05 6.61552e-05 0.000138279
0.701168 0.0356233 0.128298 0.0162337 0.0386654 0.00866236 0.0153235 0.00356862 0.0129217 0.0156904 0.00352229 0.00338551 0.00256087 0.00405791 0.0014327 0.00402731 0.000258287 0.00091339 0.00128972 0.000986805 0.000187565 0.000323976 0.000419032 5.58364e-05 9.02356e-05 2.51746e-05 7.86308e-06 0.000111811
0.769443 0.0805194 0.0116402 0.00203372 0.018703 0.0322131 0.0118105 0.00161617 0.0084565 0.0231987 0.00686037 0.00298275 0.00484332 0.00235799 0.00395987 0.0104274 0.000404067 0.000329176 0.00454552 0.000349059 0.00184778 0.000466992 0.000110584 0.000168047 0.000337407
0.682979 0.120222 0.0354971 0.00742745 0.0137267 0.00467759 0.0229443 0.0150234 0.00862776 0.00453419 0.0446733 0.00584595 0.00221096 0.00440953 0.00811514 0.00737416 0.000437812 0.000110557 0.00281578 0.000388493 0.00329615 0.00011344 0.00100898 0.000681987 0.000222018 0.000291926 0.000726395 0.000752501 2.30668e-05 5.03086e-05 1.10498e-05 6.19002e-05 5.42536e-05 8.47146e-05 8.66903e-05 0.000101365 6.81943e-05 4.63103e-05 8.44539e-05 4.15668e-05 2.73574e-05 5.69072e-05 6.57533e-06 5.82602e-06 3.64203e-06 1.14028e-05 5.04045e-06 9.72484e-08 2.4995e-05 2.3785e-06
0.75555 0.0453072 0.00815012 0.114654 0.0134231 0.0070405 0.0177524 0.00406418 0.00563936 0.00102816 0.0142089 0.00452826 0.00124013 0.000976346 0.00294563 0.00038065 0.00046039 6.20667e-05 0.000579284 0.000430937 0.000942503 4.90877e-05 1.28176e-05 0.000240823 0.000114679 2.3089e-05 7.56919e-05
0.730189 0.00900236 0.132175 0.0455056 0.010786 0.00837138 0.0145731 0.00973877 0.00600615 0.00144636 0.00565705 0.00885577 0.00285986 0.00307013 0.00902201 0.000886691 0.000502266 0.000118696 0.000481132 0.000183952 0.000265868 3.61676e-05 2.09882e-05 5.57464e-05 0.000131279 5.94268e-06 2.04703e-05
0.709685 0.131964 0.0147695 0.0274621 0.00557284 0.0113359 0.0103384 0.00500272 0.0181878 0.0198487 0.0085709 0.0043684 0.00282941 0.00316683 0.0128632 0.00614119 0.00037716 0.0016055 0.00256051 0.000185025 1.61145e-05 0.00135374 0.000162495 0.00120768 7.30376e-05
0.110841 0.775727 0.0314536 0.0123763 0.0270769 0.0090151 0.00929765 0.00143737 0.00797227 0.00370017 0.00102567 0.00429252 0.000896372 0.000650478 0.00260754 0.000799463 0.000179144 0.000147742 7.2751e-05 9.5961e-05 1.98267e-05 0.000159145 3.99152e-05 4.70361e-05 1.55679e-05 3.36007e-06 4.89776e-06 3.93886e-06 1.32427e-05 6.06188e-06
0.683883 0.119993 0.0134834 0.0554107 0.0317466 0.010704 0.0132239 0.0186669 0.00685589 0.00712673 0.00475491 0.00398622 0.00557407 0.00861005 0.00560266 0.00139472 0.00187032 0.000226782 0.00111089 0.00393707 8.76367e-06 5.86386e-05 0.00046759 0.000150775 0.000127829 0.000378634 6.62559e-05 0.000205225 9.25269e-05 5.12634e-05 3.92497e-05 6.28951e-05
0.776884 0.0840227 0.0131858 0.0118396 0.0186848 0.00766448 0.00493834 0.015677 0.0312763 0.0129201 0.0060389 0.00277066 0.00116361 0.00541406 0.001855 0.000167557 0.00227569 0.00111113 0.000155544 1.42277e-05 0.000400778 5.17641e-05 0.000300004 6.86455e-05 0.000297714 0.000105322 0.000366652 6.22031e-05 3.44622e-05 2.91349e-05 4.58946e-05 1.15673e-05 5.39012e-05 1.08993e-05 1.88325e-05 2.86576e-05
0.765245 0.0805709 0.0181738 0.0501997 0.0074661 0.00585119 0.0335293 0.0055465 0.00518887 0.00310595 0.00397191 0.00253726 0.00422356 0.00597245 0.00232298 0.00135988 0.000363448 0.00155778 0.000162082 4.03918e-05 0.000120052 0.000525185 0.00038018 0.000672129 0.000205053 7.11472e-05 9.16655e-05
0.822436 0.0794337 0.0229922 0.0161768 0.00611375 0.00269112 0.00680598 0.0137129 0.00441557 0.00259767 0.00125562 0.0019414 0.0110827 0.00502377 0.00146193 0.000460779 0.000180587 0.000827318 0.000126989 3.13709e-05 6.67091e-05 3.07531e-05 2.90522e-05 8.24716e-06 1.99181e-05 2.43984e-05 5.16834e-06 1.80107e-06 3.79972e-08 7.85029e-06
0.724988 0.0187498 0.00966143 0.00326416 0.018438 0.0910434 0.0362232 0.0143558 0.00257257 0.0230492 0.0209012 0.000607617 0.00450586 0.0154147 0.00302477 0.00132872 0.000665386 0.00259814 0.000186028 0.00142288 0.00194822 9.14554e-05 0.00157861 4.98873e-05 0.00119562 0.000329092 1.41356e-05 0.000163014 0.000562665 0.000356965 0.000102385 0.00015905 0.000118377 0.000181849 1.53846e-05 6.00704e-06 5.18311e-06 1.77308e-06 6.03104e-05 1.74742e-05 5.64918e-06 1.59698e-07 3.13174e-06 3.09809e-06 6.37828e-08 4.30089e-06 4.16795e-06
0.00251094 0.764985 0.101284 0.0335359 0.0198058 0.0193771 0.0146711 0.00555311 0.0037475 0.00371587 0.00541104 0.00198444 0.00854416 0.00245115 0.00191643 0.00640406 0.00012665 0.00145422 0.00101821 0.000229526 0.000329695 0.000259512 5.53232e-05 0.000117162 1.97382e-05 6.6693e-05 8.52671e-05 7.42786e-06 0.000113499 9.52953e-05 6.37637e-05
0.78618 0.00565729 0.0861505 0.0158022 0.00705848 0.00890416 0.00812618 0.0143696 0.0242626 0.0161561 0.0130757 0.00369969 0.0050415 0.000971088 0.00119426 0.00214776 0.00057616 0.000205421 5.37381e-05 3.82146e-05 0.000116885 1.5147e-05 2.7861e-05 6.042e-06 1.69738e-05 3.97694e-06 1.06171e-05 2.23662e-06 9.08284e-05 4.84932e-07 8.60584e-07 2.5402e-05 2.45848e-06 8.96498e-07 4.04e-06
0.735529 0.0780848 0.103057 0.0178961 0.00463362 0.00995627 0.00854405 0.0132232 0.00564199 0.00237419 0.00242366 0.00621575 0.00150214 0.00416362 0.000816719 0.00142892 0.000482971 0.000164006 0.000109705 0.000339581 0.00151007 0.000236661 0.000348039 0.000518446 0.00017825 2.09237e-05 0.000238843 0.000185942 1.50394e-05 5.54976e-06 2.92538e-05 1.59492e-06 1.83592e-05 4.71563e-06
0.762662 0.0400677 0.115709 0.00995545 0.0202211 0.00975152 0.0065125 0.00448484 0.00739224 0.00497631 0.0020938 0.00259688 0.00538418 0.00189414 0.000347309 0.00395378 0.000556108 0.000566894 0.000134881 0.000179112 0.000247956 0.000118722 4.69948e-05 4.19934e-05 5.15771e-06 1.54079e-05 3.09521e-06 2.80435e-05 3.10859e-06 6.62254e-06 3.58372e-06 6.95054e-06
0.766338 0.0809538 0.00807296 0.0222039 0.0428241 0.0156947 0.023215 0.00927769 0.00460477 0.00404958 0.00989125 0.00288153 0.00169267 0.00214897 0.00133603 0.00111228 9.98198e-05 0.00125387 0.000423015 0.00014185 0.000757452 1.54985e-05 3.15855e-05 0.000140813 0.000132406 0.000275228 9.03354e-05 1.19464e-05 8.89945e-05 8.99021e-05 5.66656e-05 1.18404e-05 1.41477e-05 2.89079e-06 4.81459e-06 3.61869e-06 1.27316e-05 1.05533e-05 3.47902e-06 1.04978e-05 1.10427e-06 1.58941e-06 4.11604e-06 1.55295e-06 1.3811e-06 3.06434e-06 4.87844e-06
0.767513 0.0140889 0.0872901 0.0290894 0.0234107 0.00296713 0.00453987 0.00263755 0.00716299 0.00974331 0.0110192 0.00199921 0.0123447 0.00441383 0.00776022 0.00141984 0.00303137 0.00302519 0.000257707 0.00133926 0.0010131 0.000432171 0.00108054 8.32794e-05 0.000550413 0.000967374 0.000148229
0.742425 0.104235 0.0442702 0.00897895 0.0414743 0.00438287 0.0117841 0.00861107 0.00686042 0.00200319 0.00424234 0.00299376 0.00475259 0.00202371 0.00590719 0.000653392 0.000666567 0.000526164 0.000861084 8.68466e-05 4.09901e-05 0.000155949 0.000660179 0.000207887 0.000141256 0.000411281 3.35926e-05 3.24173e-05 0.000171748 1.31564e-05 1.14017e-05 2.39436e-05 0.00020901
0.733468 0.0177462 0.113855 0.0382778 0.0120599 0.0166972 0.00252957 0.0126673 0.00540113 0.00926276 0.0071156 0.00689414 0.00443607 0.00996951 0.00233328 0.00334861 0.000775725 0.000872574 0.00022067 0.000793845 0.000352015
0.69428 0.0141846 0.0359307 0.104683 0.00925513 0.0386744 0.00744679 0.00958195 0.022564 0.0229199 0.000889185 0.0119381 0.0112777 0.0085529 0.00212605 0.00292118 0.00136877 0.000254478 0.000408176 3.72304e-05 3.97211e-05 5.48069e-05 0.000122049 3.73745e-05 0.0001641 4.81233e-05 4.22935e-05 8.47249e-06 2.70281e-05
0.76852 0.13766 0.00891622 0.030772 0.0054966 0.00713755 0.00208847 0.00257984 0.00360027 0.006397 0.00657175 0.00465248 0.00230684 0.00229552 0.00251699 0.000169343 0.00041947 0.00380648 0.000130853 9.98619e-05 0.00280568 0.00059387 3.03339e-05 0.000324378 3.50762e-05 2.56554e-05 1.12861e-06 1.24282e-05 1.5151e-06 1.26595e-05 7.03691e-06
0.780247 0.0114699 0.0658598 0.0108108 0.00509676 0.00651419 0.00904126 0.0163257 0.00404721 0.0748326 0.00504475 0.0002465 0.0044486 0.000834382 0.00255453 0.000673402 0.00138439 0.000136224 1.2029e-05 4.16956e-05 6.69954e-05 7.01684e-06 1.24607e-05 0.000151347 1.0995e-05 2.33175e-05 1.58878e-05 1.00376e-05 4.12502e-05 1.87527e-05
0.692636 0.0298258 0.00248035 0.139279 0.0021777 0.0249843 0.0396574 0.0204141 0.00208185 0.0030674 0.00981106 0.00780995 0.00438112 0.00770144 0.00680113 0.00326368 0.000187477 0.00114547 0.000288516 0.000889512 0.000113269 2.72247e-05 0.000171605 6.0522e-06 4.90612e-05 0.000180262 0.000172947
0.740982 0.114217 0.0100279 0.0070619 0.0163821 0.000715439 0.013131 0.00772525 0.0536469 0.00266219 0.00238245 0.00355917 0.00498911 0.00703904 0.00570845 0.00401752 0.00151339 0.00125647 0.000673537 8.13451e-05 0.000278234 0.00116802 0.000130998 1.88182e-05 0.00020971 0.000114841
0.742278 0.00797278 0.0173374 0.122923 0.0154697 0.0316581 0.00168692 0.0067375 0.0131133 0.00492113 0.00552313 0.00413814 0.00361177 0.0100639 0.00652445 0.00209469 0.00221252 0.000371067 0.000129176 0.000191378 0.000285958 3.277e-06 3.76416e-05 0.000226293 1.03924e-05 8.75856e-05 5.95629e-05
0.759795 0.0950636 0.0118589 0.0294568 0.00980325 0.00272228 0.00106701 0.0440823 0.00645617 0.00454355 0.00495166 0.00412304 0.00707897 0.00637849 0.00414413 0.00432967 7.98603e-05 0.000293405 0.000796812 0.000614008 0.000513645 0.000100998 0.000212188 0.000249019 0.000126399 0.000130234 0.000126783 0.000212571 6.68793e-05 2.92402e-05 2.67616e-06 1.68373e-05 1.82524e-05 6.43504e-07 0.000339956 6.65849e-05 2.6714e-05 7.66177e-07 4.14128e-05 1.34421e-05 1.22004e-05 1.92853e-06 1.87862e-05
0.741592 0.109227 0.0197017 0.0328914 0.0105136 0.00933105 0.0111578 0.00827842 0.0140961 0.0128531 0.00489058 0.0043453 0.00467794 0.0126473 0.00100301 0.000427498 3.36214e-05 0.0014618 0.000162623 0.000266676 0.000173213 9.5633e-05 9.05402e-06 3.92786e-05 6.97096e-07 1.30234e-05 1.54653e-05 4.37516e-07 7.13883e-06
0.730953 0.131482 0.0326995 0.0108311 0.00597954 0.00414356 0.0115168 0.0305698 0.0016838 0.00430504 0.000753002 0.00637277 0.0118541 0.010261 0.000698106 0.00306548 0.00167094 3.49129e-05 0.000101601 0.000209461 0.000405814 6.88202e-06 6.57403e-06 8.0477e-05 0.000108575 8.76027e-05 4.62052e-05
0.712771 0.1307 0.0301144 0.0131795 0.0111923 0.00965384 0.00362541 0.0248579 0.00533053 0.0207825 0.00608139 0.00216917 0.00448363 0.00745258 0.00630549 0.00422928 0.00111795 0.00028608 0.000132964 0.00106203 0.00146885 0.0015877 0.00030849 4.52644e-05 2.4244e-06 2.84305e-05 0.000418934 1.67416e-05 0.00012989 0.000188037
0.761031 0.0912427 0.0449548 0.0365209 0.0072816 0.0152441 0.00298621 0.00407731 0.00507222 0.00573567 0.00155796 0.00762634 0.00391259 0.00179677 0.00275971 0.0025314 0.00257951 0.000803596 4.62072e-06 0.000441362 0.000359195 0.000379106 4.76853e-05 0.000255805 0.000158506 0.00019832 0.000104998 3.5277e-05 6.16819e-05
0.689246 0.0104661 0.138113 0.00430321 0.0200055 0.0155507 0.0372506 0.00900275 0.0232065 0.0156428 0.00506654 0.00835512 0.00765752 0.00464328 0.00128568 0.00208916 0.00209816 0.000197632 0.00126265 0.000487672 4.65978e-05 0.00188798 5.20647e-05 0.000988251 0.000284937 8.80984e-05 0.000338793 1.5124e-06 0.000192698 3.16068e-05 3.06978e-05 2.33139e-05 4.04417e-05 3.49492e-05 4.49133e-07 3.2649e-06 2.78745e-06 1.8192e-06 4.28341e-07 5.09011e-06 2.61343e-06
0.719381 0.12144 0.026073 0.0181877 0.0105609 0.0510974 0.0106914 0.00495491 0.00472087 0.0017538 0.0105901 0.00263031 0.00179913 0.00220647 0.00369459 0.00327848 0.00134521 0.00120155 0.000569531 0.000508856 0.000292161 0.000204087 0.00156761 0.000115423 8.99675e-05 0.000278032 0.000100286 0.000144774 0.000158215 1.91728e-05 9.14479e-05 0.000115999 3.14793e-05 1.24606e-05 3.57228e-05 1.04536e-05 1.88808e-05 1.9019e-06 2.53858e-06 9.87258e-06
0.739631 0.134186 0.00343802 0.00991939 0.0153985 0.00915435 0.00283281 0.00233102 0.0282394 0.0187552 0.00580657 0.00267212 0.0111857 0.00409723 0.00181168 0.00433532 0.00202725 0.000371041 0.000361705 0.00133617 0.000132721 0.000298054 0.000760137 0.000112369 0.000203723 3.21661e-05 2.95938e-05 5.7659e-05
0.799667 0.0720369 0.0453676 0.0127771 0.00300991 0.00216282 0.00501468 0.00417829 0.0106114 0.00119503 0.0164956 0.0081802 0.00320283 0.00403702 0.00473909 0.00300992 0.000396651 0.000983686 5.01116e-05 0.000338816 0.00128633 0.000336128 0.000204179 0.000174434 7.8111e-05 9.17912e-05 3.68003e-05 1.04771e-05 0.000194851 1.58503e-05 2.92077e-05 4.58104e-05
0.731049 0.108 0.0446995 0.00250895 0.00801207 0.00727907 0.0050349 0.0144276 0.00182881 0.0149078 0.0280701 0.00141997 0.00376506 0.00588473 0.00862213 0.00622948 6.43232e-05 0.00314402 0.00195093 0.000323195 0.000208076 0.00156757 4.15973e-05 4.91561e-05 0.000182167 9.3636e-05 0.000174199
0.774634 0.0969642 0.0125863 0.0259456 0.0337071 0.00886462 0.00194616 0.00921401 0.00523296 0.00125817 0.00801241 0.00601503 0.00264497 0.00328264 0.000229643 0.00392587 0.000244773 0.00196956 0.00101057 0.000283304 0.00133095 0.000253862 6.93993e-05 0.000111026 3.08559e-05 2.59188e-05 5.03078e-05 8.04029e-05 1.36741e-05 3.59979e-05 1.35521e-05 4.62945e-06
0.71675 0.152028 0.00974804 0.0400921 0.0184837 0.00418587 0.00645391 0.00338965 0.00722624 0.00596856 0.0107144 0.00463771 0.00502146 0.00314146 0.00309128 0.00211415 0.000473248 0.00116709 0.000266925 0.00382886 0.000190736 0.000158906 0.000286898 5.19371e-05 7.88952e-05 4.11194e-05 0.000106594 4.60561e-05 7.28643e-05 4.00722e-05
0.76588 0.0163792 0.111741 0.00167619 0.0362898 0.00844802 0.0113671 0.00889538 0.00604198 0.00169819 0.0037863 0.00423662 0.0114387 0.0014778 0.00528512 0.00162964 0.00108798 4.77475e-05 4.12928e-05 8.59491e-05 0.000561565 0.000754177 8.54537e-05 8.94124e-05 6.16616e-05 0.000230354 0.000240465 6.59731e-08 4.15811e-06 0.000205429 4.20373e-05 1.95019e-05
0.783999 0.0857622 0.0469179 0.0225727 0.00418134 0.00373161 0.00576019 0.0121642 0.00296436 0.0071311 0.00817814 0.00173664 0.00231919 0.00121179 0.00159373 0.0042073 0.000547172 0.000590779 0.000152861 6.73341e-06 0.000792464 0.000550549 0.000108028 0.00160369 0.000297851 0.000222433 1.3791e-05 1.34129e-05 8.21116e-05 0.000182373 2.43489e-05 0.00022176 3.44887e-05 3.17746e-05 3.21836e-06 1.90971e-07 5.98534e-06 7.24362e-06 2.47254e-06 2.96057e-05
0.0316658 0.756166 0.00950857 0.128913 0.0163328 0.00257597 0.0049009 0.00858299 0.0173834 0.00879287 0.00439233 0.000600392 0.00168729 0.00278318 0.00292033 0.000795508 0.00041026 0.000420253 3.40768e-07 1.58645e-05 0.000551603 6.40603e-05 1.90849e-06 3.93934e-05 1.60814e-05 8.23031e-05 2.27625e-05 3.12398e-05 0.00024498
0.756401 0.0175044 0.00238773 0.0980389 0.0600841 0.013073 0.00708421 0.00313264 0.00715939 0.00885357 0.00254908 0.00501306 0.00706332 0.00224789 0.00312632 0.00119944 0.00332066 0.00040641 5.2032e-05 0.000213484 0.00083564 1.05211e-05 0.000118078 5.91412e-05
0.769568 0.0191172 0.014463 0.00453777 0.0947773 0.00676014 0.0097061 0.0249735 0.00902408 0.00633993 0.00204085 0.00666847 0.00367217 0.00633725 0.00828186 0.00300757 0.00167728 0.00118764 0.000107191 0.00416915 0.000189236 0.000325436 1.75411e-05 0.000519608 0.000491027 0.000652136 0.000367793 0.000450191 5.589e-05 0.000303294 2.3439e-06 9.315e-06 4.97298e-05 4.71171e-06 7.98112e-05
0.706766 0.0056721 0.0882402 0.00830472 0.00842507 0.0544058 0.0251879 0.0122783 0.021362 0.0131881 0.0129057 0.00387963 0.0113863 0.00676242 0.00684886 0.00371486 0.000939375 0.000831852 0.00166581 0.000607052 0.000757106 0.000425649 0.000891321 0.000523058 0.00146476 0.000694819 0.000814146 0.000123891 0.000358826 3.20148e-05 0.00037129 0.000120797
0.718472 0.0133459 0.0158518 0.111771 0.026267 0.0317224 0.00767975 0.014528 0.00776044 0.00711769 0.0043347 0.00804584 0.000619569 0.00742794 0.000942375 0.0121862 0.00528535 0.000196089 0.000214759 0.00125365 0.000106773 0.000239439 9.31278e-05 0.000118007 0.00133478 0.000487577 0.000176455 0.000324226 0.000323175 0.000331768 0.000328392 0.000228403 9.0447e-08 0.000157885 7.93562e-05 0.000199908 3.5448e-05 4.04408e-05 7.18088e-05 8.78754e-05 2.99119e-05 1.28825e-05 1.94232e-05 1.61651e-05 5.09678e-05 1.15016e-05 6.74469e-06 8.65678e-07 4.81195e-06 2.75048e-05
0.793294 0.0136313 0.00319053 0.0247864 0.0741529 0.00755927 0.0113034 0.023191 0.00582867 0.00584526 0.00784447 0.00340851 0.00458802 0.00727114 0.00071509 0.00546587 0.00137597 0.001242 0.00169662 4.62552e-05 0.000159086 4.11741e-06 0.000264395 0.000997747 0.00130458 7.64415e-05 2.518e-05 1.86979e-07 0.00018853 0.000112751 3.30644e-05 0.000100871 1.18486e-05 6.07641e-05 2.75397e-06 1.89966e-05 9.30199e-07 3.04575e-05 2.57089e-05 1.34154e-05 1.43517e-05 4.33742e-05 1.82897e-05 1.34295e-05
0.715353 0.154216 0.0211711 0.0351694 0.000369884 0.0124099 0.0131096 0.00307496 0.00390401 0.00428421 0.00891839 0.00613123 0.00544345 0.00264805 0.00554143 0.00107881 0.000417782 0.000645323 0.00445586 0.000693684 0.000299151 2.46907e-05 3.06003e-05 2.17227e-05 3.81869e-05 7.81453e-06 2.45512e-07 3.77962e-05 3.46716e-05 9.29155e-06 2.30923e-05 8.62247e-05 9.51686e-05 5.62631e-05 2.39157e-05 5.04307e-05 4.03247e-05 4.20221e-06 2.16376e-07 1.87086e-05 4.45071e-06 5.25675e-06
0.684336 0.00372781 0.144701 0.00961294 0.00849629 0.0324333 0.0105942 0.00970068 0.0149007 0.00333241 0.0311619 0.0200592 0.00895414 0.00496612 0.00465907 0.00236324 7.74509e-05 0.00178685 0.000816009 0.000971994 0.000460391 0.000292085 0.000385702 0.0002205 0.00018282 6.31067e-05 5.43145e-05 0.00035796 7.24985e-05 7.88097e-05
0.730487 0.129191 0.00703113 0.00283068 0.0266074 0.00303608 0.00656202 0.00373067 0.00786449 0.0163942 0.00857841 0.0204358 0.000756591 0.0119459 0.0038395 0.00838541 5.70482e-05 0.000612866 0.00198694 0.00023675 0.00380888 0.00285008 0.000615278 0.000727681 0.000587175 0.000204788 0.000137009 0.000221511 4.84676e-05 4.61599e-05 4.7739e-06 5.53172e-05 1.65513e-06 5.88847e-05
0.771034 0.023079 0.12879 0.00233045 0.00899244 0.0208237 0.00693501 0.0059259 0.00533858 0.00440753 0.00533651 0.000323625 0.00339409 0.00259307 0.00834197 0.000261223 0.000408786 0.00017527 0.000213935 0.000404362 0.00023943 7.31228e-05 0.000149573 4.5205e-05 2.48804e-07 0.000108505 3.65016e-05 3.37142e-05 2.79605e-05 6.77435e-05 7.10285e-06 5.12009e-06 1.46008e-05 1.34283e-05 1.96242e-05 1.39708e-05 2.85729e-06 2.68076e-06 5.73572e-06 2.77322e-06 2.10865e-07 5.97976e-07 4.03536e-07 1.08451e-05
0.753328 0.0380574 0.114384 0.0354879 0.00258251 0.0020704 0.012752 0.0083336 0.00959496 0.00521591 0.00597641 0.00205581 0.00228563 0.00383552 0.00101493 0.00122732 6.34504e-05 2.12006e-05 0.000279434 7.29317e-05 0.000297467 0.000221899 5.87971e-05 0.000148464 4.79933e-06 0.000184151 2.63195e-05
0.724924 0.107532 0.00159846 0.0175121 0.0463838 0.00336586 0.00528005 0.0278032 0.00230599 0.0112811 0.00159806 0.0175558 0.0107686 0.00556101 0.00899377 0.00135333 0.000302206 0.00120553 0.000797848 0.00170388 0.000117012 0.000492751 0.000371337 9.57278e-05 0.000584301 6.37463e-05 9.34722e-05 2.68588e-06 3.70681e-05 7.37376e-05 0.000125222 1.9106e-06 1.45194e-06 5.06825e-06 3.2727e-05
0.772225 0.0484308 0.0122257 0.0140987 0.0783935 0.00954422 0.0117534 0.0149181 0.0101514 0.00584548 0.0046198 0.00300421 0.00491184 0.000524242 0.00217202 0.00158654 0.000156991 0.000598304 0.000359832 0.000698485 0.00117096 0.000131862 0.000959287 0.000269238 2.13583e-05 0.000561904 0.000165849 0.000137522 2.36277e-05 0.00012766
0.773381 0.0797003 0.019385 0.0555295 0.0050196 0.00644932 0.00658745 0.0116955 0.00590377 0.00860699 0.00342124 0.00341486 0.00622316 0.00259604 0.00469957 0.00233496 7.71594e-06 0.000145968 0.00164772 0.000261349 5.71187e-05 0.00128048 0.00022812 0.000257564 0.000103122 3.99463e-06 0.000177356 3.81942e-05 0.000192694 0.000310486 4.10829e-05 7.70943e-05 2.78068e-05 3.79444e-05 1.69345e-05 5.24176e-05
0.751065 0.117124 0.0278805 0.00847074 0.0327103 0.015409 0.00356404 0.00265165 0.0017181 0.00168031 0.00740572 0.00194773 0.00446345 0.00258817 0.000881575 0.00164068 0.0014963 0.00301648 0.00146334 0.00180851 0.00147067 0.0011384 0.000907523 0.000300196 0.00159796 0.00136915 0.000435954 0.000955246 0.000135404 0.00142511 0.000497245 0.000268347 8.68881e-05 9.72194e-05
0.796731 0.0206532 0.0475212 0.069653 0.0153905 0.00690274 0.00236968 0.010113 0.00424021 0.00304618 0.00728021 0.00464148 0.00103131 0.00289716 0.00271903 0.00052947 0.00183405 0.000922056 0.00069668 2.48174e-05 0.000149005 4.39203e-05 0.000239306 2.21715e-05 2.24717e-06 2.30708e-05 9.83528e-06 5.55537e-05 7.52996e-05 5.76429e-05 9.93752e-05
0.114304 0.742718 0.0091858 0.0130924 0.00769295 0.0242603 0.0239793 0.0197994 0.00260592 0.00462571 0.00598481 0.00452939 0.00540777 0.00210264 0.00625561 0.00397007 0.00354933 0.00266294 0.000960468 0.00022841 0.000169148 4.40757e-05 0.000509661 2.43364e-05 9.78409e-05 0.000135729 0.000394984 0.000241158 7.57259e-05 2.72722e-05 1.7012e-05 0.000148238 1.18353e-05 2.55784e-05 3.19977e-05 1.37854e-05 3.25946e-05 6.37987e-06 2.88085e-05
0.689732 0.140621 0.0506842 0.0355409 0.00999518 0.00450259 0.0153504 0.0169468 0.0144342 0.00144067 0.00423972 0.00773084 0.000948182 0.00363709 0.00103376 0.000848567 0.000322435 0.000896988 0.000147418 0.000146515 0.000315122 0.000332453 2.48156e-05 5.57512e-05
0.780991 0.0406857 0.0846345 0.0142404 0.0114405 0.00421575 0.0122325 0.00816592 0.00771349 0.00765459 0.00246936 0.00488633 0.00688423 0.00395233 0.00521817 0.000637943 0.00267864 0.000128318 0.000309684 0.000315544 0.00017029 7.47802e-05 1.7924e-05 6.54795e-05 1.4468e-05 8.95101e-05 4.08526e-05
0.718921 0.13552 0.00384101 0.0282025 0.00107231 0.00808903 0.00690952 0.0136645 0.0152661 0.0209654 0.00617746 0.014396 0.0080722 0.000384492 0.00819368 0.00110349 0.00314363 7.37434e-05 0.000323443 0.0001733 0.00145067 0.00174873 0.00115149 0.000288283 0.000107315 3.35323e-05 0.000185133 8.29154e-06 5.4975e-05 7.14597e-05 0.000145359 4.80018e-05 3.2958e-05 6.02364e-07 4.96265e-05 1.86758e-05 5.6527e-05
0.759814 0.0824531 0.0211291 0.00193739 0.0474241 0.00474283 0.00356192 0.00726067 0.0290807 0.0099765 0.00712919 0.00625169 0.00161435 0.0103042 0.00420928 0.000531813 0.000298986 0.000859644 6.88237e-05 0.000261007 0.000480786 7.78559e-05 0.0002457 0.000133855 4.8e-05 1.01976e-05 2.22129e-05
0.765546 0.0459334 0.109016 0.00220899 0.00355657 0.00172295 0.016087 0.015918 0.00368614 0.00645042 0.00560577 0.00499888 0.00553925 0.00666087 0.00200683 0.000700799 0.00201071 0.000965621 7.68923e-06 0.000381569 1.87447e-05 7.55827e-05 0.00013427 0.000422549 0.000103253 1.59567e-05 7.0465e-05 3.18638e-05 2.26972e-05 1.57576e-07 3.87078e-05
0.718131 0.0254206 0.102088 0.0523878 0.016633 0.00930193 0.0134519 0.0135416 0.00326565 0.00809881 0.000859034 0.0062137 0.00511442 0.0116813 0.000231123 0.00218533 0.0050718 0.00080907 0.00272922 0.000263066 0.000761243 4.8133e-06 0.00024231 0.000240334 0.000240044 0.000120378 5.12918e-05 0.000408484 2.40704e-05 0.00018425 7.32608e-05 3.04331e-05 2.33692e-05
0.728619 0.0595897 0.00321785 0.0723675 0.0147039 0.00747829 0.00894193 0.021005 0.0206937 0.0154388 0.0194252 0.00526976 0.00415047 0.00594703 0.00213105 0.0037038 0.00126539 3.21695e-05 0.00159076 0.000835835 0.000119669 0.00017845 0.00115893 0.000339205 0.000214908 0.000878856 4.05814e-05 4.95552e-05 6.86101e-06 4.65118e-05 3.64067e-05 7.03832e-05 3.9165e-05 3.21214e-05 2.26124e-05 0.000149174 1.42341e-05 4.36139e-06 8.91556e-05
0.731632 0.049693 0.111944 0.00629394 0.0190439 0.00458121 0.0173605 0.00540001 0.00754103 0.00977241 0.0168932 0.00866837 0.00634018 0.00179491 0.000491264 0.000176758 0.000374377 0.0005175 0.000138052 0.000163083 0.00039313 0.000289789 0.000404933 3.34745e-05
0.726664 0.00533369 0.146534 0.00834744 0.0416606 0.00230871 0.0060036 0.00402231 0.0103949 0.00530681 0.00434974 0.00271603 0.00655856 0.00281118 0.0121311 0.00337853 0.00204916 0.0010801 8.04804e-05 0.00359449 0.00149976 7.45117e-05 0.000305961 0.000328378 0.000805335 0.00123616
0.772512 0.0918659 0.0349029 0.0191658 0.020953 0.0187527 0.00446548 0.00401423 0.00550917 0.00325058 0.00128876 0.004262 0.00207268 0.00309424 0.00388963 0.00168363 0.00279183 0.00140608 0.0014736 0.000119817 0.000518073 0.00016845 9.99557e-05 0.00106661 0.000100011 0.000271844 7.15751e-06 7.21625e-05 7.88985e-06 2.10293e-07 2.29835e-05 3.65469e-05 1.02731e-05 8.39348e-06 5.46064e-05 3.04043e-06 1.55716e-06 1.142e-05 1.84788e-06 9.90716e-06 7.56595e-06 1.39519e-06 2.13848e-05 3.5889e-06 1.88517e-06 3.4253e-06 4.73138e-06
0.714353 0.0488991 0.107606 0.0519889 0.00983548 0.0183789 0.0012902 0.00473121 0.0010054 0.00320493 0.00273405 0.00786928 0.00602608 0.00381524 0.00449821 0.00299357 0.00260413 0.000320789 0.00120688 0.00100251 0.000682145 0.00141188 0.000435022 0.000378914 0.0011687 0.000240711 0.000558226 6.06859e-05 0.000105305 0.000274705 0.000102299 9.07368e-07 5.45097e-05 4.31359e-05 2.71008e-05 6.58314e-06 1.63428e-05 5.75982e-06 1.05629e-05 7.69865e-06 2.28993e-05
0.741578 0.0151955 0.131769 0.00847872 0.00464067 0.0286664 0.00625888 0.00613799 0.0039885 0.0258973 0.00491347 0.00209283 0.00173176 0.00564377 0.00629011 0.0041907 0.000117817 0.000483256 0.000165699 0.000743224 0.000189809 0.000342976
0.671966 0.0874441 0.127771 0.0026044 0.0100666 0.0372464 0.00829339 0.00829729 0.00385101 0.0019335 0.00330623 0.0100696 0.0078503 0.00371336 0.00428092 0.00346324 0.000284171 0.00177451 0.00123278 0.00237235 0.000116436 0.000499407 0.000109391 8.46958e-05 0.000226139 5.08432e-05 0.000112375 4.13493e-05 0.000245443 9.87302e-05 5.07593e-05 0.000140633 0.000139432 5.13457e-05 2.34429e-05 3.28469e-05 7.26166e-06 6.91987e-05
0.699385 0.117171 0.0140261 0.0145811 0.0449397 0.0233494 0.00665332 0.0144881 0.0131529 0.00217745 0.00872938 0.00533172 0.017414 0.00096031 0.00337348 0.00732423 0.000185791 0.000815302 0.00316967 0.00132199 3.50343e-05 0.000177311 1.09489e-05 0.000579793 0.000525458
0.715442 0.107736 0.0435621 0.0174427 0.0407468 0.00361637 0.00335085 0.00074306 0.0171906 0.00472437 0.00531335 0.00109059 0.00630666 0.00720867 0.0030645 0.00394775 0.00554221 1.29219e-05 0.00313703 0.00108929 0.000739312 0.000110114 0.000576892 0.00147378 9.76367e-06 0.00139625 0.000215533 0.00261297 0.000355645 0.000748236 0.000162268 1.26041e-05 1.13765e-05 1.56534e-05 0.000147515 6.20785e-06 1.39089e-05 8.86661e-06 1.41133e-05 3.07382e-05 9.85385e-06 9.54726e-06 6.46782e-06 3.52643e-06 8.38315e-07 8.20329e-07 7.62796e-06 2.79523e-06 1.11099e-05
0.728929 0.0020213 0.117669 0.0382048 0.0271505 0.00968642 0.0112403 0.0149253 0.00399474 0.00950103 0.00595165 0.00447312 0.0041045 0.000217561 0.00204373 0.0109547 0.00226508 0.00313492 0.000834615 7.07672e-05 0.00079254 5.97996e-05 0.000122992 0.000447096 0.000541085 0.000248851 0.000115602 5.22259e-05 7.49983e-05 9.02045e-06 2.34672e-05
0.682272 0.146643 0.0426839 0.0164938 0.0419128 0.00481846 0.0136003 0.00881664 0.00441964 0.0116441 0.000939598 0.00725059 0.00825211 0.000707071 0.00286021 0.000542286 0.00125743 0.00018677 5.468e-05 0.000569697 0.000898525 0.000520135 0.000818961 0.000156326 0.00045456 0.000441443 4.64153e-05 4.65473e-06 0.000342122 0.000145781 7.81559e-07 7.20057e-05 5.74266e-05 3.91993e-05 4.73637e-06 7.94967e-06 5.50764e-06 3.33563e-05
0.80242 0.00135808 0.0761359 0.00849034 0.0076635 0.0545547 0.00620952 0.00652282 0.0171383 0.00495082 0.00184033 0.0041006 0.00246818 0.00237591 0.00166289 0.000646899 8.40752e-05 0.000570099 9.97002e-05 7.70095e-06 0.000187988 1.27648e-05 1.03119e-06 5.8343e-05 5.41722e-05 0.000126148
0.0240006 0.77644 0.0190187 0.0124249 0.0727594 0.0247514 0.00425275 0.00446665 0.00388164 0.00548118 0.00833674 0.000782429 0.0113362 0.00562369 0.013887 0.00721677 0.00111052 0.00146352 0.00131053 0.000248067 0.000204482 0.000311353 0.000379606 1.44335e-05 5.84068e-05 1.44488e-05 3.36089e-05 5.31606e-06 5.57668e-06 5.01582e-05 3.8189e-06 1.72565e-05 3.64432e-05 7.07292e-06 1.29011e-05 4.3274e-06 3.46882e-07 6.62247e-06
0.751564 0.126909 0.0443386 0.00892287 0.0094799 0.00917957 0.016836 0.00749285 0.00615288 0.00427154 0.00258688 0.00513097 0.00222067 0.00229586 0.000573972 0.00175787 0.000141816 7.13167e-07 2.81297e-05
0.779242 0.108606 0.0174738 0.0148101 0.00662266 0.00851163 0.00528626 0.00627348 0.011316 0.0078552 0.0037469 0.00423904 0.0128221 0.00382968 0.0039901 0.00354913 3.66626e-05 0.00033955 0.00087261 7.51012e-05 4.59875e-05 8.73277e-05 9.84371e-06 1.37365e-05 2.10582e-05 3.10407e-05 3.91483e-05
0.689967 0.105268 0.0208761 0.0426439 0.0656492 0.00600269 0.00262781 0.00257695 0.0244181 0.0117488 0.0071007 0.00431756 0.00514286 0.00401184 0.000274016 0.000585037 0.000998639 0.000565797 0.000786406 0.00117017 0.000153682 0.000782258 0.00101591 9.16105e-05 7.36686e-05 4.27028e-05 2.42603e-05 0.000151023 8.09433e-05 0.000517452 0.000134614 1.77775e-05 1.17338e-05 5.36476e-05 1.36353e-06 5.62895e-05 2.00685e-05 1.56296e-05
0.732777 0.0164808 0.0949055 0.0286888 0.0038128 0.00657546 0.0261117 0.00440501 0.0236857 0.00484437 0.00406899 0.00902153 0.0112107 0.00596953 0.00621096 0.00887685 0.00115417 0.000584544 0.00228072 0.00209824 0.00169156 0.00114145 0.000319938 0.000397334 0.000249336 7.59493e-05 0.000186486 0.000723791 0.000300725 0.000310241 0.000248498 0.00012494 0.000129612 2.71458e-05 2.73454e-05 2.68631e-05 5.37922e-05 1.41454e-05 6.46259e-06 1.92869e-05 5.46338e-06 0.000108841
0.71556 0.0473832 0.0211814 0.0938154 0.0383377 0.00306102 0.0102673 0.00886419 0.0152007 0.00598752 0.010319 0.00820758 0.0111372 0.00630492 0.00185319 0.00103491 0.0001993 9.02901e-05 7.58247e-05 0.000222537 0.000102349 0.000141067 4.11475e-05 0.000116501 7.19431e-05 1.99116e-05 8.0814e-05 8.58309e-05 0.000193792
0.753196 0.110735 0.052251 0.00932918 0.00743335 0.0092212 0.0113558 0.0121708 0.00900157 0.00763974 0.00590701 0.00466267 0.00108122 0.000595297 0.000888881 0.00100167 0.000193598 0.00024275 0.00112694 0.000319532 0.000433819 0.00012479 0.000424113 9.23073e-05 0.000259145 2.51284e-05 3.43585e-05 5.87614e-05 4.27803e-05
0.0104187 0.7409 0.0476569 0.0049292 0.00515297 0.108679 0.0206812 0.00486291 0.00190528 0.016364 0.0130967 0.00327925 0.00198577 0.0118468 0.00365244 0.00124923 0.000736832 0.00114966 6.08304e-05 0.000172105 0.000588774 0.000178554 0.000151279 3.37978e-05 5.82004e-05 3.09005e-05 2.15926e-05 5.58032e-05
0.750332 0.133085 0.0138633 0.0153252 0.0107451 0.00115846 0.0229791 0.00879995 0.0126 0.00924758 0.0050012 0.00900852 0.00287207 0.000875486 0.00200845 0.000417794 0.000377074 3.60864e-05 0.000631476 0.000208323 0.000126061 3.79448e-05 5.26363e-05 1.90101e-05 2.69553e-05 3.61774e-06 7.84294e-06 2.34658e-05 1.98044e-05 1.63134e-05 3.94859e-05
0.752702 0.130907 0.00814571 0.00745528 0.0426586 0.00347557 0.00416442 0.0142411 0.00700377 0.00733916 0.00358573 0.00195412 0.00327384 0.00379296 0.0039407 0.00408848 0.000149877 0.000532145 2.77128e-05 5.32265e-05 2.06952e-05 0.000135227 3.00332e-05 4.78604e-05 5.30928e-06 1.17421e-05 0.00011719
0.722482 0.00687183 0.0219298 0.101977 0.0158617 0.0144958 0.00212013 0.0554604 0.00135144 0.00131901 0.0216292 0.00217737 0.0078522 0.0115787 0.00166053 0.000951537 0.00141653 0.00190091 0.0011554 0.00152255 8.96423e-05 0.000106984 0.00087805 1.18123e-05 0.000357808 0.000779822 0.000701253 0.000104425 0.00048002 1.607e-05 0.000165125 0.000282776 5.62861e-05
0.767907 0.0920045 0.0544112 0.000721106 0.00493263 0.00628753 0.0134054 0.00591013 0.00630885 0.00705904 0.00487928 0.0116551 0.00392427 0.00664099 0.00673967 0.00308308 0.00108217 0.000574303 0.000193453 0.000523536 9.41145e-05 0.000477325 0.000104515 0.000208871 0.000373238 0.000105454 2.51851e-05 6.64747e-05 5.8855e-05 1.07137e-05 5.72536e-05 3.23715e-05 4.89472e-06 1.22201e-05 1.07791e-05 1.7804e-05 3.16651e-05 3.93607e-05
0.775985 0.0651589 0.0541434 0.00689623 0.00499542 0.00271516 0.00822105 0.00957929 0.0124209 0.00990087 0.012013 0.0181088 0.00676887 0.00289856 0.00198034 0.00206671 8.31039e-05 0.000132277 0.000713182 0.00167861 0.000791651 0.00152255 0.000451304 5.54657e-05 1.27597e-05 0.000304457
0.70411 0.0188398 0.0950626 0.0635125 0.00405685 0.00647924 0.0346905 0.0188105 0.0041286 0.00529222 0.0105984 0.00229335 0.00384771 0.00690155 0.00741459 0.0036906 0.00366764 0.000617179 0.00152682 1.64808e-05 0.000987096 0.00112926 0.000406479 0.000230418 1.0666e-05 0.000371588 6.66274e-05 0.000264579 0.000263602 9.29635e-06 3.80584e-05 3.70623e-05 0.000354268
0.74231 0.0135156 0.0865565 0.00346855 0.00110923 0.0215264 0.0175687 0.0146631 0.0430572 0.012931 0.00653032 0.00163474 0.00705474 0.00471309 0.0060014 0.00869989 0.0023506 0.00187851 0.000707706 0.00131314 0.000684249 0.000212469 0.000614489 3.27214e-05 4.42154e-05 0.000128113 2.90238e-06 0.000118268 8.83017e-06 0.000117559 1.26749e-05 2.31619e-05 5.25738e-05 5.29774e-05 9.58923e-05 6.36172e-06 6.11905e-05
0.79277 0.105902 0.0107912 0.0229808 0.0191497 0.00525317 0.00649187 0.00434628 0.00910286 0.00284878 0.00186986 0.00183757 0.00455307 0.00457306 0.00426111 0.00018947 2.93241e-05 0.00123872 0.0003527 0.000257913 9.50535e-05 0.000140189 0.000385182 0.000166507 2.22068e-05 5.9504e-05 1.9845e-05 4.7939e-05 2.19497e-05 1.02703e-05 2.9324e-05 4.99476e-05
0.752563 0.0867494 0.0174591 0.0423198 0.00703526 0.00615077 0.0257655 0.0086715 0.0104112 0.00722578 0.00726482 0.00788591 0.00966972 0.00144008 0.00718161 0.000905404 0.000632031 0.000118935 6.07422e-05 7.77516e-06 0.000360253
0.780702 0.0611029 0.0653837 0.0117912 0.00362849 0.0199457 0.00869167 0.0093861 0.00443562 0.00738721 0.0020931 0.00225485 0.00352625 0.00697988 0.00460205 0.00183961 0.000364026 0.00423584 0.000373378 0.000167241 4.21534e-05 4.79301e-07 0.000496577 5.21319e-05 0.000260098 4.79243e-05 4.89947e-05 5.4304e-05 9.83938e-07 6.19742e-05 9.09088e-07 4.6301e-06 6.50622e-06 5.15076e-06
0.765135 0.00209886 0.128095 0.00618735 0.00290728 0.0134326 0.0313018 0.0179812 0.000860967 0.00164986 0.00522602 0.00841938 0.00203503 0.00519995 0.00148081 0.00117917 0.00108676 0.00040588 0.00297055 0.000494347 0.000483248 1.44414e-06 0.000636548 0.000105666 0.000131502 0.000196552 5.35392e-05 0.000181602 1.06382e-05 1.27029e-05 7.25996e-06 5.43701e-06 6.06384e-07 6.22622e-06 2.32386e-07 8.59329e-06
0.743764 0.00318182 0.0224411 0.124103 0.00514502 0.00201721 0.00655597 0.00491292 0.0222383 0.00506072 0.00859026 0.00535932 0.0217396 0.0026753 0.0152277 0.0019158 0.000993965 0.000701336 1.49403e-05 0.000441562 0.00139012 9.72999e-05 0.000667161
0.728119 0.0188113 0.127509 0.0176657 0.00745733 0.00196009 0.00768306 0.00255947 0.0320135 0.0162878 0.0135972 0.00313225 0.00327806 0.0122989 0.000952926 0.00104509 0.000853623 0.000457974 0.000453751 0.000748884 0.000250026 0.000154812 0.000793317 0.00135457 4.27695e-05 0.000276069
0.736654 0.101369 0.0150614 0.0539664 0.0245362 0.00273893 0.0022092 0.017245 0.00872444 0.00769165 0.00191087 0.0060681 0.00263236 0.00493257 0.00288763 0.00800788 0.00113377 0.00066897 0.000178533 5.31366e-05 9.79395e-05 0.000342631 0.000104464 6.28448e-05 8.42475e-05 0.000386292 4.68248e-05 6.72327e-05 1.33665e-05 1.46609e-05 5.90992e-05
0.695936 0.0264129 0.0809181 0.0770964 0.0164628 0.00613021 0.000885925 0.0295997 0.00561246 0.0163196 0.0185043 0.00418849 0.0102076 0.00183756 0.00180593 0.00386861 0.000419232 0.00143175 0.000139349 0.000243205 8.95089e-05 0.00035984 0.000360243 0.000292277 0.000191417 0.000214309 2.9741e-05 0.000262464 1.57054e-05 1.64429e-05 3.62561e-05
0.78999 0.0866063 0.0433698 0.0119184 0.00362993 0.00892676 0.00977895 0.00253678 0.000503061 0.00296631 0.00309532 0.00751717 0.00957209 0.00801248 0.000836029 0.00695362 0.000200441 0.000209197 0.000945932 0.000846687 0.000287179 0.000659171 6.76696e-05 3.16518e-05 0.000136221 2.24113e-05 3.13475e-05 2.66165e-05 5.2674e-05 1.29765e-05 1.09887e-05 1.63635e-05 6.4329e-05 5.7636e-05
0.717384 0.0293519 0.126128 0.0175417 0.0131282 0.00462671 0.00556726 0.0016092 0.0214048 0.0103638 0.0140953 0.00449495 0.0111754 0.00989918 0.0110053 0.00168049 8.61832e-05 0.000123352 0.000150524 3.47598e-06 1.45555e-05 4.76619e-05 1.42314e-05 2.35267e-05 2.56488e-06 2.5051e-05 3.59335e-06 1.31149e-06 1.31767e-05
0.710374 0.11391 0.0960287 0.0223925 0.0113418 0.00232708 0.0083531 0.0126008 0.00107549 0.0046453 0.00365918 0.00524901 0.00343198 0.000225785 0.000310419 0.000917468 0.00142682 0.000407866 0.000387563 5.97521e-05 6.26426e-05 5.49131e-05 0.000416741 1.33645e-05 8.33557e-05 6.38038e-05 3.13959e-05 9.49318e-06 4.70363e-05
0.740084 0.0332342 0.0135377 0.126819 0.0164901 0.00714666 0.000282031 0.00124651 0.00487938 0.00210471 0.00487225 0.0173221 0.00130218 0.00510596 0.0102256 0.000926792 0.00210403 0.000394781 1.3886e-06 0.00303679 0.00189197 0.00190383 0.00254379 0.000304757 0.00134858 0.000160723 0.000127027 4.96016e-05 0.000299267 1.03011e-05 2.78428e-05 6.92255e-05
0.755381 0.0942736 0.0537637 0.00226021 0.00381932 0.0165946 0.0154259 0.00755202 0.0166843 0.00540225 0.00531807 0.00534181 0.00565055 0.00157073 0.00164763 0.00652709 0.000100074 0.000513088 0.000180595 9.92415e-05 0.000716388 0.000181275 8.49914e-05 0.000223085 0.000142704
0.7013 0.128078 0.0354508 0.00377546 0.00914469 0.006568 0.0101423 0.0135997 0.0291112 0.00457928 0.00256809 0.0126613 0.016393 0.00418855 0.00337596 0.00206352 0.00169999 0.00219912 0.00638757 0.00307064 0.000466359 0.00014448 0.000511896 0.000346084 8.26181e-05 3.45271e-05 0.000147016 0.000192743 0.000847191 0.000108428 1.19174e-05 0.00016828 3.22229e-05 0.000245923 2.89066e-05 0.000108788 5.26963e-07 2.1165e-05 3.59273e-05 4.33119e-05
0.0291884 0.70606 0.116996 0.00468186 0.00989845 0.042369 0.015353 0.0159677 0.00782036 0.0113435 0.0053367 0.00979042 0.00121592 0.00101728 0.00317475 0.00379958 0.00435501 0.0021298 0.00172992 0.00036477 0.00122818 0.00285579 0.000103639 0.000213837 0.00194092 0.000262293 4.08367e-05 0.000192046 0.000108935 0.000336134 4.79852e-05 2.22131e-05 5.86526e-06 4.60885e-06 1.79934e-05 4.47788e-06 5.07057e-06 2.3172e-06
0.720151 0.0440154 0.118656 0.0204392 0.00637305 0.0458984 0.00460705 0.0100973 0.0075781 0.00544116 0.000619223 0.00590796 0.000553458 0.00059979 0.00345357 0.00207806 0.00161841 0.000380209 0.00020506 0.000152418 0.000185751 6.18684e-05 2.34131e-05 2.23574e-05 0.00033725 3.64184e-05 9.3227e-06 0.000130401 5.73518e-05 6.57573e-05 4.71639e-05 8.8694e-06
0.741183 0.035776 0.0860831 0.0116597 0.0422632 0.00103808 0.0123064 0.0156162 0.0097074 0.0109874 0.016836 0.00249816 0.00266055 0.00614199 0.00125318 0.00195327 0.000589137 0.000126213 0.000245646 5.49184e-05 0.000348782 0.000182629 0.000180679
0.717597 0.118975 0.00330577 0.00599388 0.0258951 0.0423027 0.00312408 0.00991409 0.00483625 0.00601406 0.00883189 0.00648413 0.0147053 0.00340268 0.00474898 0.0125611 0.00288072 0.00120896 0.000404533 0.00064961 0.00198491 0.00177183 1.50018e-05 0.000317166 0.000868336 0.00016342 0.000287268 0.000328806 4.10278e-05 7.47825e-05 8.69863e-06 3.52014e-05 7.37766e-05
0.709666 0.0402146 0.0348291 0.0373226 0.0199366 0.10934 0.0102687 0.00692148 0.00130124 0.00370955 0.00327528 0.00984066 0.00411169 0.000979418 0.00228429 0.00130882 0.000862711 0.000967655 0.000404749 5.33451e-05 0.000962716 0.000339498 3.17555e-05 0.000194641 0.000415909 0.000156392 7.09264e-05 1.4962e-05 9.15275e-06 6.48889e-05 4.05452e-05 8.2676e-06 7.62355e-06
0.752367 0.0347259 0.0842833 0.00920579 0.0344755 0.0159712 0.0234495 0.00331947 0.0139773 0.0019592 0.00175377 0.00351833 0.00303913 0.00157764 0.0054045 0.00370177 0.00195746 0.00278551 0.000778806 0.000211164 0.000117621 4.61077e-05 0.00037975 4.52513e-07 1.82106e-05 0.000176446 0.000455214 5.94041e-05 7.92783e-05 3.1375e-05 6.93709e-05 2.77272e-05 1.51146e-05 1.04847e-05 9.40219e-06 1.28974e-05
0.742801 0.108417 0.0306417 0.0444125 0.0119109 0.0144377 0.00375583 0.0190412 0.00410586 0.00580132 0.00176585 0.00187631 0.000978144 0.0012806 0.000749413 0.00518687 0.000709021 0.000111141 0.000878565 0.000203276 6.25103e-05 8.258e-05 6.32775e-05 0.000292026 8.96661e-05 8.11206e-05 7.95704e-05 1.41028e-05 1.16955e-05 3.15353e-05 1.28106e-05 1.16937e-05 1.10518e-05 4.66932e-05
0.745611 0.0123114 0.0174947 0.103966 0.0273663 0.00579256 0.0287123 0.0110008 0.00315952 0.00314367 0.00112294 0.011141 0.00886179 0.00378077 0.0099253 0.000449211 0.000209339 0.000975241 0.00119412 0.00111649 0.000582613 0.00016154 0.000332298 0.000341592 0.000494912 9.92828e-05 0.0003532 1.9783e-05 4.05442e-05 0.000110579 5.90357e-06 1.33188e-05
0.734509 0.0123837 0.0269159 0.0114766 0.145817 0.0113603 0.00367964 0.0211323 0.00173325 0.00387107 0.00145873 0.00148118 0.00753297 0.00178601 0.00917926 0.00146342 0.00050341 0.000331353 0.00131089 0.000132353 0.000570445 1.91068e-05 0.000244168 0.000471864 0.000113174 0.000238789 9.61349e-05 1.39535e-05 3.20662e-05 5.40573e-05 3.63325e-05 1.75598e-05 6.31179e-06
0.709654 0.155268 0.0151368 0.0338916 0.00789232 0.00164218 0.0128609 0.0177485 0.00400775 0.012635 0.00426215 0.00630423 0.0048122 0.00526827 0.0042795 0.00118895 0.00123224 0.000310654 0.000587666 5.4863e-05 0.000206346 2.58161e-05 6.14512e-05 0.000197536 9.53073e-05 8.70213e-05
0.753685 0.00176602 0.00840335 0.100789 0.00651994 0.00597206 0.0056209 0.0310593 0.0302685 0.0138951 0.0187559 0.00454378 0.00713427 0.00593862 0.00218598 0.000912983 0.000208654 0.00023594 5.21505e-06 8.7115e-05 0.000164557 0.0007447 0.000132061 0.000485306 2.26216e-05 2.83309e-06 0.000212474 8.90363e-05
0.7117 0.116953 0.00904292 0.0284717 0.0125701 0.0237491 0.0130817 0.0221441 0.00526087 0.00480065 0.0243473 0.00188397 0.00172951 0.00732709 0.00526771 0.00609377 5.00273e-05 0.00115365 0.00114435 0.000738618 0.000352892 0.00013983 0.000124777 0.000362233 1.13285e-07 3.79785e-05 0.000329331 1.80363e-05 3.2833e-06 0.000290356 7.55667e-05 4.73822e-05 0.000206146 7.5729e-05 5.13883e-05
0.762555 0.00429454 0.0939228 0.0087753 0.0448227 0.00379272 0.00678154 0.00604799 0.00820317 0.00890363 0.00653948 0.0142422 0.0117328 0.00570417 0.00565141 0.00119762 0.00101383 0.00167011 0.000216185 0.000224498 0.000869187 0.000376175 0.000225652 8.37718e-05 0.000538837 9.29238e-06 5.33759e-05 0.000235452 0.000621957 0.000401522 0.000169512 2.52814e-05 6.09685e-06 1.17173e-06 2.38321e-05 3.88818e-05
0.754009 0.120998 0.0405545 0.00353558 0.019894 0.0099328 0.0187825 0.00855876 0.00254573 0.00158877 0.00383041 0.00178622 0.00285157 0.00145018 0.00253508 0.0020562 0.000985443 0.000291126 0.000795745 0.000623153 0.000428691 0.000268548 0.000559346 0.000161658 0.000233852 0.000342591 1.17814e-05 0.000120035 1.29687e-05 2.45411e-05 0.000172539
0.748263 0.00591046 0.0898861 0.0163879 0.00467598 0.00544343 0.043796 0.0101987 0.0196271 0.0127319 0.0119518 0.010867 0.00471139 0.00248812 0.00500785 0.00167712 0.00185015 0.00184045 0.000157196 0.000798476 0.000642309 0.000130216 0.000157531 0.000194264 0.000103881 2.95588e-05 0.000141665 2.52189e-06 4.54377e-05 2.99539e-05 8.23161e-05 3.77747e-06 9.06427e-05 6.54635e-06 5.29826e-06 2.37064e-06 5.86498e-06 6.43734e-06 2.36929e-06 4.06328e-06 8.1323e-06
0.730055 0.0491631 0.00448853 0.00270655 0.115289 0.0186187 0.0134972 0.0148432 0.00816603 0.00482354 0.0175497 0.00795535 0.00237306 0.00511021 0.000196738 0.00108388 0.00115414 0.000805426 0.000236344 1.52265e-06 0.000400798 3.25178e-05 1.25447e-05 0.000260354 3.40559e-05 0.000158912 6.93974e-05 0.000211203 7.41025e-05 0.00021349 2.16208e-05 2.32889e-05 5.0844e-05 9.79327e-06 8.0607e-05 4.58311e-05 5.59984e-05 3.96106e-05
0.741802 0.0967819 0.0119399 0.00510096 0.0389454 0.00539588 0.00279713 0.00261752 0.0147582 0.00922317 0.0142121 0.0248725 0.00571484 0.00441831 0.00869897 0.00277798 0.00265601 0.00217001 0.000301661 2.282e-05 4.43192e-05 5.93775e-05 0.000733518 0.00156062 0.000256635 9.76442e-05 0.000409634 0.000225297 0.000399186 6.70953e-05 0.000174593 0.000141844 6.33044e-05 3.28094e-05 9.1534e-05 8.21666e-05 0.000162977
0.725451 0.110596 0.00454771 0.00517649 0.00139302 0.0152545 0.0230744 0.0291246 0.0425977 0.0242809 0.00766185 0.0038704 0.000373011 0.002725 0.000569484 0.00111426 0.000235879 0.000103433 5.48119e-05 0.000205728 0.000446644 9.72063e-05 0.000183107 0.000126589 0.00016232 2.39493e-05 0.000131825 3.57062e-05 7.97015e-05 3.66439e-05 2.41029e-05 1.97073e-05 1.3852e-05 1.82975e-05 4.28979e-05
0.705884 0.118809 0.013307 0.0720912 0.00468253 0.0173662 0.0118281 0.0127512 0.00295183 0.0145375 0.00719054 0.00577086 0.00158498 0.0018779 0.00143614 0.00324873 0.00113451 0.000116551 0.00156902 0.000121379 0.000986319 9.28433e-05 0.000197094 4.16174e-05 0.000185242
0.798926 0.0882664 0.0230489 0.0134211 0.00275074 0.000462305 0.0110621 0.00857486 0.01491 0.00964013 0.00243813 0.00520237 0.00385 0.00546188 0.00222465 0.00517528 0.00126875 0.000988456 2.34789e-05 0.00128399 0.000103426 0.000164458 0.00035271
0.724217 0.0991126 0.0404625 0.0347468 0.00612512 0.0154647 0.0167758 0.011449 0.00816401 0.00875185 0.0101859 0.000910225 0.00811326 0.010157 0.00178739 0.000251667 9.38209e-05 0.00140436 0.000383018 0.000331653 8.39784e-05 0.000131361 0.000287353 0.000443693 1.45346e-06 5.48591e-05
0.722856 0.112062 0.0183391 0.00465747 0.0174071 0.0127137 0.00509816 0.00278654 0.0580997 0.00683332 0.00533727 0.0108087 0.000967628 0.0094726 0.00448077 0.00419331 0.000364645 0.000501918 0.000221617 0.000110141 6.05892e-05 0.000125602 9.77886e-05 0.000105542 0.00121029 0.00015987 0.000219012 1.6606e-06 0.000133855 5.23864e-05 3.08492e-05 0.000130339 4.55077e-05 3.74733e-05 6.67644e-05 2.23342e-05 3.18918e-06 7.34426e-05 1.41971e-06 4.20264e-05 1.77888e-05
0.779043 0.0162599 0.0638627 0.0069754 0.0102049 0.0541224 0.00276336 0.0122174 0.00655768 0.00799791 0.00389788 0.00334278 0.0116601 0.00623251 0.00408273 0.00261073 3.83521e-05 6.81898e-05 0.00384931 0.000419022 0.000581925 0.000506966 0.000524539 0.000115705 0.000202913 0.00075168 0.000147811 5.85756e-05 9.925e-05 0.000285782
0.728343 0.014648 0.00212276 0.0624822 0.0260326 0.0380207 0.0630238 0.00986209 0.00655482 0.0158019 0.00680466 0.00887748 0.000996029 0.0034737 0.00510211 0.00235084 0.000462854 0.000852105 0.000691131 0.000143634 0.000152734 8.60503e-05 0.0014521 0.000245221 3.08997e-05 0.000454004 0.000380378 0.000201607 2.01892e-05 6.05689e-05 0.000182671
0.738647 0.128268 0.0145894 0.00575467 0.00401938 0.037167 0.0301656 0.00865823 0.00511332 0.00875667 0.00267492 0.00138034 0.00319916 0.00302309 0.00466575 0.000984057 8.92881e-06 0.00129089 0.000467363 0.000104715 6.99374e-06 0.000325502 0.000486021
0.764638 0.0813908 0.0357841 0.00370924 0.0190695 0.00293329 0.0086852 0.00990277 0.0219487 0.0254527 0.00613967 0.00512799 0.00358297 0.00573964 0.00198386 0.00171285 0.000640887 0.000168329 0.000147165 4.52936e-05 0.000125481 0.000185512 0.000166368 0.000213553 7.09674e-05 5.17915e-05 3.06275e-05 8.48426e-05 2.87309e-05 0.000117531
0.734334 0.117324 0.0157525 0.0243846 0.0434213 0.00659401 0.0089437 0.0131137 0.00923335 0.00380263 0.00272369 0.00307296 0.0045334 0.00151182 0.00195833 0.00339948 0.00194949 6.27762e-05 0.0008317 0.000549664 0.000468017 0.000110935 0.000892972 7.73952e-05 0.000193449 0.000385945
0.716286 0.102094 0.0352082 0.00716033 0.0089808 0.0057393 0.0250981 0.00157897 0.00763257 0.00362905 0.00659996 0.0110094 0.00932121 0.0284377 0.0060693 0.0149106 0.0016765 0.00210105 0.000122597 0.00266765 0.0018427 0.000783685 8.16044e-06 0.000354888 0.000108331 0.000187201 0.000204336 0.000122227 8.27018e-06 5.81403e-06 6.82137e-06 1.65245e-05
0.725543 0.12545 0.0361373 0.0394724 0.00515497 0.0136595 0.0112915 0.0135573 0.0044603 0.00738937 0.00658937 0.00351363 0.00277725 0.00165243 0.000365406 0.000504103 0.000263553 9.85253e-05 7.78074e-05 0.000322573 5.07573e-05 0.000343861 0.000169381 2.35273e-05 0.000403094 0.000244934 0.000135581 6.66575e-05 4.86949e-05 2.24804e-06 3.11595e-05 2.74998e-07 9.19569e-05 2.78942e-05 1.14239e-05 1.90578e-05 4.61509e-06 2.40651e-05
0.763986 0.00470329 0.0327658 0.0272264 0.0935925 0.0120685 0.00850495 0.00568995 0.0204015 0.00278653 0.00500439 0.00477774 0.00548388 0.00727446 0.000336634 0.00202713 0.00165694 0.000179448 0.000310958 0.000185637 1.25126e-06 0.000604765 5.49987e-05 4.04272e-05 8.2045e-05
0.708644 0.108959 0.0149078 0.0397385 0.00693652 0.0381309 0.0187995 0.0146501 0.00731855 0.0197533 0.0013552 0.00140011 0.00247838 0.00760749 0.000807023 0.00374273 0.00184381 0.00114572 0.000212182 0.000285203 0.000425032 3.79995e-05 0.000237246 0.000284875 4.01631e-05 1.99828e-05 1.83429e-05 9.50289e-06 1.11934e-05 8.74645e-05
0.758549 0.0256633 0.0951281 0.0430293 0.0148245 0.00817175 0.015895 0.00325859 0.00384089 0.00452406 0.00663337 0.00164103 0.0042527 0.0040758 0.00320929 0.00219679 0.000772513 0.000167652 3.8744e-05 0.000262513 0.000172573 0.000664625 0.000432074 0.00111506 0.000336512 7.39526e-05 0.000321432 0.000120282 0.000108389 0.000131383 2.27138e-06 8.38273e-05 1.48283e-05 6.60762e-05 5.19743e-05
0.704901 0.136245 0.00936537 0.0168719 0.00776115 0.00590115 0.0589926 0.0061159 0.0114557 0.0100527 0.00242328 0.00817317 0.00468249 0.00611046 0.00565947 0.000778951 0.000286253 0.0013049 1.16813e-05 0.000778064 3.09403e-05 0.000322498 0.00040018 0.000236271 8.62524e-06 1.02716e-05 0.000290078 0.000182948 0.000108605 0.000140796 7.92389e-05 0.000171751
0.779623 0.0798282 0.0468355 0.00220373 0.0023717 0.00434046 0.00572349 0.00909331 0.0106722 0.0236335 0.00467502 0.0104112 0.00768945 0.00345406 0.0019259 0.00309354 0.000273176 9.45139e-05 0.001754 9.18543e-05 0.000371258 2.04621e-05 0.000191092 0.000504591 0.000149769 0.00014154 0.000307603 3.34377e-05 6.3999e-05 0.000305458 2.07256e-06 1.58435e-05 1.34343e-06 5.23113e-05 4.16385e-06 1.74295e-05 2.06079e-07 4.86657e-09 4.43488e-07 2.44297e-06 5.7963e-06
0.692809 0.129498 0.00972811 0.0299263 0.0131061 0.00935253 0.0332565 0.0123064 0.00882992 0.00431234 0.0025539 0.010137 0.00127435 0.00738979 0.0142961 0.00867671 0.00278982 0.000435154 0.000605108 0.00152801 9.63226e-05 0.00168864 5.8834e-05 0.000508433 0.00126993 4.94792e-05 0.00154842 0.000167906 2.34577e-06 0.000936575 0.000123085 9.76765e-05 5.65127e-05 6.16868e-06 0.000122586 9.0841e-05
0.7407 0.104145 0.00491485 0.0292113 0.00889064 0.0439234 0.0107743 0.00361375 0.00216456 0.00766528 0.0152582 0.00860045 0.00721254 0.00204615 0.00194066 0.00138069 0.00111502 0.000998182 0.00128233 0.000378735 0.00094735 0.000513344 0.000438881 0.00038546 7.85169e-05 8.72182e-05 0.000531568 0.000309057 0.000171609
0.700618 0.0190426 0.053414 0.10666 0.0284602 0.0290539 0.00388555 0.0162542 0.00308982 0.00840361 0.00190007 0.0110371 0.00345309 0.00527742 0.0018045 0.00312769 0.000513917 9.174e-05 0.00107658 0.00132732 8.29071e-06 1.37652e-05 0.000392258 7.8318e-07 0.000315328 4.71913e-06 2.53576e-05 4.58576e-05 0.000102216 0.000133883 2.31278e-05 2.70379e-05 5.72783e-05 1.94818e-06 9.15847e-05
0.0192449 0.696856 0.114496 0.0739573 0.0101354 0.00906777 0.0132501 0.0289598 0.0114308 0.00418697 0.00153619 0.00256564 0.00223392 0.00340232 0.00350331 0.00104701 0.00248867 0.00015448 0.000216554 0.000183188 0.000153073 1.47886e-05 7.34053e-05 0.000118375 7.45785e-05 7.77209e-05 0.000159786 0.00012878 1.67833e-05 9.0355e-05 2.41904e-05 7.04079e-05
0.759042 0.0386876 0.117762 0.00944302 0.00330438 0.0242024 0.00594458 0.0112756 0.000592374 0.00506142 0.00868719 0.00407912 0.003534 0.00246208 0.000802913 0.00293045 0.000362341 0.000309563 0.000150107 2.36288e-05 0.00053335 0.000425462 2.19345e-05 0.00013116
0.766458 0.0105699 0.0232054 0.0941847 0.00493127 0.00120629 0.0182813 0.0261025 0.00113522 0.0108283 0.0188495 0.00389154 0.00395879 0.000483982 0.000741168 0.00793562 0.00440841 0.000491905 0.000241269 0.0002051 0.000339267 0.000193127 0.000278729 8.2135e-05 0.000152773 0.000202775 1.24133e-05 0.000103324 7.45292e-06 6.05453e-05 0.000151626 8.1791e-05 9.04772e-06 6.55685e-05 8.65371e-06 2.75037e-05 2.13911e-05 1.06348e-06 3.31346e-07 1.76509e-05 1.30848e-05 1.64348e-05
0.764722 0.00409152 0.104344 0.00819275 0.0131909 0.0132514 0.0306699 0.00613696 0.00261332 0.0100621 0.0126481 0.00529801 0.00313083 0.00147233 0.00664247 0.00976955 0.000634023 0.000257577 0.000193964 0.000755572 0.000440124 0.000167716 0.000517828 4.2769e-05 0.000102528 4.0056e-05 3.19971e-05 0.000124044 5.60767e-05 0.000128272 0.000108458
0.729345 0.126023 0.0403095 0.00328628 0.0122224 0.00896774 0.0169525 0.00981194 0.0132629 0.00548976 0.0159065 0.00402906 0.00110783 0.0055035 0.00263271 0.00224455 0.000462172 0.000388756 0.000209112 0.000356013 0.000784768 0.000111316 0.000100919 0.000246978 1.92485e-05 1.82961e-06 1.3882e-05 2.17577e-05 1.76175e-06 5.23283e-06 6.15139e-07 1.78309e-05 2.19346e-05 7.10792e-05 2.96243e-05 3.11509e-07 1.34419e-05 3.21196e-06 5.2778e-06 9.60842e-06
0.768083 0.042098 0.0924932 0.00764679 0.00948978 0.012129 0.0149863 0.0078215 0.017842 0.000341419 0.00967108 0.00306108 0.00278334 0.00416941 0.00252816 0.00226938 0.000742426 1.60099e-05 0.000964556 0.0003805 5.7996e-05 5.46009e-05 8.16472e-06 1.51416e-06 5.77703e-05 7.32872e-05 4.91803e-06 6.09564e-05 4.94862e-05 5.89967e-06 1.58901e-05 1.8198e-05 2.11078e-05 7.28827e-06 2.46469e-06 8.28436e-06 9.09397e-06 8.34091e-06
0.758067 0.121512 0.0260518 0.0127397 0.0167178 0.00902667 0.00536913 0.000780477 0.00912343 0.00363427 0.00298002 0.00205018 0.00360296 0.0188404 0.00325535 0.00228042 0.00190032 0.00141839 2.6814e-05 0.000104411 0.000247259
0.709793 0.116573 0.0318477 0.00453744 0.0145547 0.0136192 0.00356043 0.0208798 0.0254701 0.0028119 0.0100239 0.0144754 0.00351375 0.00450565 0.00484538 0.0152767 0.000527088 0.000697543 0.000859748 0.000358431 0.000681664 5.75488e-05 5.308e-06 2.36738e-05 5.20904e-05 7.17722e-05 7.69334e-06 1.83477e-05 9.15829e-05 2.32441e-05
0.76478 0.0967488 0.0404627 0.0155275 0.00582874 0.0108038 0.0108933 0.014455 0.00669131 0.00578186 0.00279896 0.00203604 0.00816947 0.00397079 0.00669375 0.00112909 0.000117112 0.000188207 0.00111833 0.00119391 0.000204222 1.89885e-05 3.84262e-05 3.00157e-05 3.82563e-05 3.71106e-06 2.3297e-05 2.3922e-05 2.40529e-05 2.12087e-05 4.00986e-05 2.66692e-06 1.10286e-05 3.66955e-05 1.39626e-05
0.70455 0.0980647 0.0439194 0.027463 0.00339053 0.0222713 0.033263 0.0045523 0.0119009 0.0109694 0.00185675 0.00500385 0.00237316 0.00308276 0.0219306 0.00300298 6.98405e-05 0.000295386 0.000815332 0.000564091 3.05227e-05 4.21301e-05 6.05534e-05
0.75401 0.133957 0.0275518 0.0107118 0.00810358 0.00443075 0.00106005 0.0176207 0.00945914 0.00185312 0.0137019 0.0035477 0.00211219 0.0026939 0.000429693 0.00444627 0.000636841 0.000217979 1.68912e-05 0.000658298 0.000328001 8.98699e-05 0.00101832 0.000205439 5.22901e-05 0.000592266 0.000131222 3.86738e-05 5.97731e-05 8.34401e-05 5.24441e-05 6.04676e-05 1.40516e-05 1.11804e-06 6.29131e-06 2.3139e-06 3.61422e-06 9.63353e-07 9.31243e-07 2.5099e-06 5.39613e-07 2.83234e-06 8.15748e-06 3.2776e-06 4.40514e-06
0.740062 0.133098 0.0151814 0.0125313 0.0351656 0.00149212 0.00251366 0.016721 0.0050883 0.0058817 0.00605271 0.0126735 0.00202349 0.00282828 0.000889846 0.000743258 0.000228005 0.000627962 0.00445648 0.000267285 0.000219151 4.07627e-05 5.15741e-06 0.000234365 0.000532661 0.000142246 9.06847e-05 7.95591e-05 5.7936e-05 1.19964e-05 3.17709e-05
0.00264213 0.767435 0.00709838 0.00848711 0.0897887 0.00276738 0.0424011 0.0143608 0.00601251 0.0159974 0.0083788 0.00758674 0.0102102 0.00630656 0.00384887 0.00231022 0.00152292 0.000946934 0.000250878 0.000179765 0.000312095 0.000346554 8.13499e-05 0.000127589 4.07239e-05 0.000101173 3.90688e-05 0.000115307 7.59174e-05 4.40704e-05
0.768796 0.0812717 0.0229612 0.051566 0.00141316 0.00359562 0.0293279 0.0104963 0.00792696 0.0019233 0.00318165 0.00369908 0.00164382 0.00202823 0.0030983 0.00503903 0.00034981 0.000260451 0.000128595 0.000210091 0.000204113 0.00026401 0.000326129 4.2797e-05
0.706442 0.11786 0.0561668 0.00647677 0.0189785 0.0240727 0.00828494 0.00208681 0.00623067 0.0158447 0.0040516 0.00452824 0.00703325 0.00687964 0.00869563 0.000765298 0.000848234 0.000440503 0.00193747 0.00137783 0.000346016 9.92955e-05 0.000176626 3.833e-05 2.49011e-05 4.36631e-05 0.000115761 5.52511e-05
0.802106 0.0222732 0.0305301 0.0784886 0.0143251 0.0146691 0.00167975 0.0108809 0.00301567 0.000195802 0.00394922 0.00215246 0.000540864 0.0024258 0.00704438 0.00321062 0.000204662 0.00175047 0.000105074 3.76783e-05 0.000178653 4.66593e-06 6.60363e-05 4.97607e-05 3.11218e-05 1.45231e-06 2.63042e-06 2.6302e-06 2.28497e-05
0.755182 0.0985883 0.0381766 0.010267 0.0280368 0.00778457 0.00599261 0.00177123 0.00557344 0.00655562 0.00566485 0.000359643 0.00741382 0.00743118 0.00274257 0.00743443 0.00289027 0.00278972 0.0010455 0.000849908 0.00132567 0.000587713 0.000336001 0.000174737 0.000149078 0.000266837 5.39757e-05 1.02096e-05 3.27236e-05 0.000144439 5.48364e-06 3.16092e-05 3.98628e-05 0.000114418 1.239e-05 1.2465e-05 8.79932e-05 6.64852e-07 1.24638e-05 1.67399e-05 4.48883e-06 5.04265e-07 1.37337e-05 2.39598e-06 6.2837e-09 2.52883e-06
0.724934 0.129452 0.0058734 0.00530312 0.00683063 0.0432168 0.00664933 0.00792005 0.0282018 0.00262292 0.00123219 0.00966274 0.000528678 0.0011495 0.00358172 0.00564861 0.0031702 0.00141602 0.00114642 0.00175703 0.00483078 0.00104187 0.0013047 0.000637084 0.000111331 0.000356897 0.000365058 0.000762552 9.54869e-05 2.95433e-05 4.56705e-05 4.68358e-05
0.718503 0.0892523 0.00955227 0.086303 0.00670138 0.0126237 0.00786963 0.00830202 0.0243738 0.00792417 0.00235242 0.00319932 0.0077933 0.00449678 0.00264153 0.000541656 0.00577369 0.000285959 0.000101591 0.000357088 0.000493563 2.21326e-05 1.54328e-06 6.88538e-05 0.000282666 1.36465e-05 2.56592e-05 4.78828e-05 4.51008e-05 1.11404e-05
0.70711 0.0496372 0.0129015 0.10663 0.0162813 0.0329346 0.00870374 0.0123165 0.0176693 0.00450154 0.0114915 0.000741757 0.00595511 0.00250781 0.00284424 0.00542758 0.000126619 8.36078e-05 0.000243166 0.000324077 0.000678541 0.000357383 0.00025123
0.730019 0.0138189 0.132463 0.0329359 0.0184017 0.00850963 0.00576328 0.000914716 0.0250265 0.00629442 0.00386779 0.00510919 0.00344727 0.00283554 0.000166114 0.00512249 0.00184773 0.0010604 6.194e-05 0.000952872 0.000587998 1.57723e-05 1.16597e-06 0.000252049 2.33478e-05 9.45573e-06 9.34154e-05 0.000103874 1.27202e-05 8.69193e-05 3.04133e-05 7.82835e-06 8.91898e-05
0.756957 0.00994367 0.0913038 0.00912455 0.00286611 0.0198117 0.00629326 0.017974 0.00962515 0.00661018 0.0210511 0.0186565 0.00168652 0.007248 0.0112463 0.000999005 0.00184476 0.000309673 0.0027973 0.000313926 0.00125863 7.09257e-05 0.000528024 0.000270657 0.000103758 0.000387817 0.000255032 4.61281e-07 0.000106015 0.00017889
0.752888 0.100813 0.0461648 0.0420893 0.00436842 0.0100722 0.00158531 0.00585558 0.00719922 0.0117736 0.00281617 0.00109739 0.00638328 0.00250152 0.00174044 0.000633931 4.93911e-05 0.000202315 0.00028719 0.000745937 0.000188178 0.000115876 8.38174e-05 2.18259e-05 4.87196e-05 1.65887e-05 0.000138339
0.742044 0.0909391 0.0330284 0.0169101 0.00869725 0.0231714 0.0119266 0.0180207 0.00382313 0.00721109 0.0101121 0.00202166 0.0172651 0.00392497 0.00218408 0.00407677 0.00106918 0.000258923 0.000113591 0.000348952 0.00143813 7.32527e-05 0.000347098 0.000120635 0.000152189 5.78011e-05 0.000235839 0.000102495 3.90818e-05 4.4501e-05 4.26692e-05
0.727482 0.124348 0.0564898 0.00759516 0.0310739 0.00338305 0.0089359 0.00303357 0.00470129 0.00946167 0.0035862 0.00280443 0.000456359 0.00374031 0.00245545 0.00536375 7.93165e-05 0.000231545 0.00218028 0.000396861 0.000549231 0.000308175 7.13447e-05 2.67545e-05 0.000180801 0.000420842 4.14731e-05 5.36079e-05 8.27949e-05 0.000116339 8.98277e-06 0.000124387
0.741424 0.0368083 0.110823 0.00964367 0.0200303 0.0103639 0.00467138 0.00274519 0.0079855 0.0120151 0.00297414 0.00699532 0.00711943 0.00336714 0.00321351 0.00643276 0.00320907 0.00176709 0.0007252 0.00271535 0.00168601 0.000633433 0.00108634 0.000586336 0.000171219 0.0001173 2.23714e-05 0.00023022 4.14285e-05 2.97866e-05 7.10499e-05 7.77466e-05 3.10794e-05 3.31661e-05 4.11858e-06 2.51104e-05 5.08693e-06 3.98353e-05
0.719638 0.134681 0.0538359 0.0243533 0.00444136 0.004992 0.0019286 0.0152477 0.0078136 0.0138629 0.00342881 0.00253445 0.00357319 0.0023883 0.00289991 0.00186671 0.000588023 0.000970735 3.54511e-05 4.44142e-05 0.000558322 3.70462e-05 6.41084e-05 2.30287e-05 5.54344e-05 2.47164e-05 1.30625e-05 2.08011e-05 1.36954e-05 2.09009e-06 3.05449e-05 5.01251e-06 4.09655e-06
0.758292 0.129053 0.00891372 0.00377521 0.00551715 0.0259641 0.0129054 0.00437597 0.010083 0.00394696 0.00303402 0.00955927 0.00139303 0.0123184 0.000660522 0.00575406 0.000540615 0.000348865 9.98779e-05 0.00157992 0.00106691 0.000552689
0.745999 0.00153313 0.0205511 0.117299 0.00927916 0.0116708 0.0503616 0.013127 0.00361583 0.00221916 0.0062062 0.00244477 0.00368259 0.000687211 0.00184161 0.0038665 0.000510641 0.000654945 0.000173208 3.92261e-05 0.00123021 0.000290894 0.000473863 0.000554645 9.31399e-05 0.000304527 1.09541e-05 0.00012326 0.000467624 0.000470729
0.769067 0.0931628 0.0364229 0.00132722 0.00928528 0.00937987 0.00104496 0.00608637 0.00957136 0.0125344 0.0218482 0.00524923 0.00887699 0.00361916 0.00423289 0.00225182 0.00130764 0.000169503 0.000269241 0.000680189 0.000263722 0.000215671 0.000763567 1.4789e-06 0.000329541 8.73825e-05 0.000568314 0.0001816 0.00022382 0.000101044 0.000285946 0.000158525 8.54464e-05 2.94547e-05 9.39568e-06 2.60082e-05 0.000118609 2.95836e-06 5.98152e-05 2.49126e-05 2.48242e-05 1.47755e-05
0.72656 0.117637 0.00421442 0.0177876 0.0485686 0.0104008 0.0200958 0.00195957 0.00449155 0.00240456 0.00704135 0.00277903 0.00792521 0.00380816 0.00316568 0.0110796 0.00370666 0.00183232 0.001616 3.22594e-05 0.000875978 9.47588e-06 0.000490834 9.79512e-05 7.91538e-05 0.000812721 0.000140405 1.93232e-05 0.000127371 3.26917e-05 2.91096e-05 4.1576e-05
0.703839 0.0116904 0.122049 0.0331949 0.00837352 0.0293984 0.00331913 0.00416733 0.0189089 0.00683865 0.00815393 0.0184755 0.0088488 0.0019915 0.0101284 0.0012111 0.00285185 0.000145956 0.000496702 6.21922e-05 0.0023577 0.000494395 0.000470905 0.000565065 1.91294e-05 0.000645953 2.30724e-05 0.000271872 0.000472458 1.16488e-05 0.00010357 0.000257472 1.99557e-05 3.9912e-05 3.27469e-05 6.04223e-06 3.53672e-05
0.795856 0.0111021 0.0110544 0.0247138 0.0129702 0.0856029 0.0160966 0.0051449 0.00525682 0.00449323 0.00490665 0.00460116 0.00162003 0.00128736 0.002042 0.00436943 0.0016745 0.000343557 0.00236057 0.000250632 0.00152757 0.000236946 0.000372584 0.000538803 0.000373966 0.000646459 7.73559e-06 8.37327e-05 1.61224e-05 0.000130843 0.000101899 4.00673e-05 1.14224e-05 1.6264e-05 4.75637e-06 6.74517e-05 4.61198e-06 1.10891e-05 1.96977e-05 4.37516e-06 1.71394e-05
0.739011 0.107059 0.0448057 0.0112582 0.015038 0.0144428 0.00706176 0.00974044 0.0117432 0.00683067 0.0101418 0.00313395 0.00101809 0.00313911 0.00760612 0.000350293 0.000763481 0.00230563 0.00293094 0.000548747 4.3621e-05 0.000123279 0.000197347 0.000172261 0.000183287 4.66618e-05 0.000135371
0.767284 0.120271 0.0232157 0.0249821 0.00256731 0.0068883 0.00443522 0.0195432 0.00886429 0.00178206 0.00246372 0.00265451 0.000916509 0.00619998 0.00153749 0.00399686 0.00103771 0.000221044 0.000239106 0.000177491 7.06959e-05 0.000110026 5.59746e-05 0.000117021 4.95356e-05 3.33271e-06 0.000115409 3.81444e-06 1.9541e-05 2.07777e-05 7.30394e-05 3.61594e-05 1.07687e-05 1.53239e-05 1.04389e-05 2.52249e-06 1.64189e-06 6.68755e-07 1.78035e-06 2.27774e-07 4.51296e-07 7.98673e-07 1.65133e-07 1.11767e-06 1.63586e-08 2.70003e-07 5.31845e-08 4.25854e-07
0.708974 0.122081 0.0127055 0.00934697 0.0351813 0.0162347 0.00308927 0.0327876 0.00334533 0.01125 0.0086189 0.00745514 0.0106052 0.00730582 0.00390029 0.00310566 0.00125065 0.000155885 0.000487153 0.000132583 0.000227358 0.000595905 9.23023e-05 0.000579919 4.59042e-05 0.000274431 5.53594e-05 1.09471e-05 3.62503e-05 8.72061e-06 1.239e-05
0.726766 0.0537141 0.00911485 0.105886 0.0629165 0.00619501 0.00647902 0.0086036 0.00124714 0.00559292 0.00145997 0.000840758 0.0018145 0.005322 0.00176692 0.00164525 0.000163684 0.000250771 6.7026e-07 1.17123e-05 5.68375e-05 5.97133e-05
0.725599 0.00356595 0.166786 0.0126872 0.00567783 0.0181363 0.0185124 0.00653961 0.00746117 0.0226214 0.00378475 0.0010554 0.00234241 0.00105101 0.0013067 0.000774265 0.000781965 0.000181522 0.000639117 9.88288e-05 1.36594e-05 2.05743e-05 3.45052e-05 1.88934e-05 3.878e-05 5.76461e-05 3.85833e-05 6.3283e-05 1.2082e-06 5.0303e-06 2.0664e-06 3.64303e-05
0.731712 0.00577345 0.133053 0.0173378 0.00174196 0.0272139 0.00130891 0.00710019 0.0247167 0.00545987 0.0105211 0.00602083 0.00910904 0.00725772 0.00100405 0.00170279 0.00548701 0.000445312 0.000537746 8.9497e-06 0.000517351 0.000510993 0.00024845 7.7142e-05 0.000419902 1.61803e-05 7.59651e-05 5.54264e-05 0.000101909 6.032e-05 6.30769e-05 0.00010215 9.8815e-05 7.41996e-05 1.4555e-05 1.67761e-05 7.0388e-06 1.78961e-06 1.03189e-05 4.52146e-07 8.54163e-06
0.0473692 0.703572 0.0893829 0.0633218 0.00774366 0.0218847 0.00359935 0.00781768 0.00833085 0.0120244 0.00370017 0.00801504 0.00678837 0.00430329 0.0028663 0.00836254 8.12765e-05 0.000113944 0.000102306 4.29715e-05 1.01038e-05 0.000120467 8.64286e-05 0.000118164
0.72486 0.0441553 0.141331 0.0129176 0.0148119 0.0123972 0.00283385 0.00646217 0.00154137 0.0106171 0.0093852 0.007119 0.00404962 0.00198893 0.00102426 0.00269246 7.26769e-05 0.000463057 0.000210401 0.000188084 0.000140952 0.000187282 0.000266077 2.16394e-05 4.43981e-05 5.77224e-05 2.04055e-05 2.36817e-05 1.74416e-05 2.15533e-05
0.70599 0.109043 0.0426673 0.0501318 0.019891 0.00645554 0.00298315 0.00501664 0.00234919 0.00997786 0.00877163 0.00158244 0.00495819 0.00339851 0.0015493 0.00285947 0.0108507 0.00179683 4.24644e-05 0.0045011 0.000216552 0.000345231 0.00067754 0.000961717 0.000132143 0.000266748 0.000129947 0.000467417 0.000906634 9.8094e-05 7.34773e-05 0.000378853 0.000125027 0.00010333 4.21615e-05 2.22575e-05 1.60735e-05 3.47206e-05 1.48228e-05 4.26072e-05 2.76026e-05 5.48793e-05
0.791374 0.00646884 0.10328 0.0252862 0.0258284 0.00117991 0.0114657 0.00217176 0.0108215 0.000660371 0.00461041 0.00331796 0.0049305 0.00276155 0.00152047 0.00137132 0.00108978 0.000211955 0.000213694 0.000719824 0.000147689 1.73705e-05 0.000211233 0.000132692 5.39126e-05 3.77379e-06 2.02412e-06 2.32164e-05 7.44629e-05
0.724725 0.129712 0.0529924 0.0121012 0.0248885 0.00764672 0.00446081 0.00785686 0.00643731 0.00903997 0.00060783 0.00471762 0.00329294 0.00149468 0.00240148 0.00491194 0.000650948 0.000736382 1.33932e-05 0.00015099 0.000233585 0.000190147 5.95162e-05 0.000167581 2.3426e-05 8.04793e-05 4.6743e-05 1.27794e-05 9.40264e-05 6.69485e-05 4.58944e-05 1.28746e-05 4.89899e-05 1.64745e-05
0.780079 0.0890166 0.0186355 0.0323827 0.0152494 0.0134218 0.0134017 0.00400452 0.00885683 0.000353845 0.00436497 0.00725568 0.00389338 0.000786074 0.00455779 0.00228866 6.93751e-05 0.000352501 0.000210052 1.4518e-05 0.000284154 4.93758e-05 0.00011763 1.29312e-05 7.19123e-05 4.54748e-05 0.000102592 8.64706e-06 5.8998e-06 2.02339e-05
0.75283 0.124555 0.00362578 0.00396116 0.0134428 0.0398031 0.00651247 0.00349856 0.0168674 0.000345413 0.00350752 0.0111913 0.00379274 0.00167764 0.00510799 0.00442011 0.00115402 0.00084988 0.0010091 0.000825103 0.000183542 1.45422e-05 0.000236666 0.000279739 8.26556e-05 6.83217e-05 3.62106e-05 3.03819e-07 6.79215e-06 1.77901e-05 3.24379e-05
0.771467 0.0592584 0.090436 0.00280435 0.00788413 0.00536685 0.0122914 0.00443909 0.0184798 0.00592402 0.00087655 0.00596488 0.00552179 0.00224385 0.00176459 0.000943224 6.96682e-05 0.00169973 0.00138698 9.13452e-06 8.15952e-05 0.000127321 4.49251e-05 0.000352904 2.35243e-05 3.15345e-05 0.00018677 3.88315e-05 0.000130116
0.782593 0.0151557 0.082777 0.00885155 0.0041898 0.0505459 0.00614886 0.00652601 0.00147092 0.00613114 0.00457581 0.00214306 0.00538379 0.00588952 0.00618297 0.00705108 0.000151435 0.00272299 5.83416e-05 0.000272987 4.84223e-05 8.36388e-05 0.000408907 0.000121029 3.7094e-05 9.70648e-05 9.43319e-05 4.48772e-05 2.52582e-05 9.04057e-05 1.95292e-06 5.57659e-05
0.796236 0.0365375 0.00988053 0.0202599 0.00775011 0.00244467 0.0827578 0.00621997 0.00370967 0.00792849 0.00568862 0.0089188 0.00243603 0.00160237 0.00196689 0.00237994 0.000177285 0.000738692 7.91792e-06 0.000222688 0.000378822 0.000520961 0.000628712 3.52075e-05 0.000199636 0.000102077 2.21341e-05 5.9898e-06 0.000108281
0.690978 0.109753 0.00775298 0.047002 0.00809687 0.0303681 0.00778591 0.0260569 0.0162281 0.0123606 0.00837013 0.0069284 0.0108318 0.00342685 0.00216152 0.00197492 0.00597323 0.000185417 0.000432348 0.00024514 0.000613361 0.000129389 0.000343177 0.000821611 0.000110802 0.000312585 0.000372487 1.13931e-05 8.16247e-05 0.000108405
0.722985 0.00755531 0.11737 0.0100042 0.0109314 0.0411435 0.0115252 0.0132511 0.0148921 0.00161296 0.0123987 0.0156833 0.00824797 0.00690972 0.000488152 0.00220523 0.000918512 0.00050762 7.28962e-05 0.000259055 5.64872e-05 0.000284779 7.16516e-05 0.000279439 3.03169e-05 3.71876e-05 3.06231e-05 3.19913e-05 2.49424e-05 1.97914e-05 6.54959e-05 7.26916e-06 1.23653e-05 2.02303e-05 1.27147e-05
0.755817 0.116201 0.0101334 0.0096909 0.00160327 0.0140149 0.0375029 0.00619765 0.00677898 0.00535699 0.00209362 0.00391942 0.0100202 0.00665351 0.0050765 0.0021439 0.000347557 0.000156072 0.00075133 0.0004291 0.000867606 0.000140383 0.00109971 0.00134985 1.55246e-05 0.000721984 7.2315e-05 0.000215356
0.738273 0.0312285 0.0226955 0.107807 0.00711651 0.0135812 0.00265754 0.00989416 0.00416233 0.00627115 0.00946109 0.0191172 0.00532174 0.00440446 0.00555383 0.00480807 0.000310203 0.00322119 2.63787e-05 0.000200695 0.000592114 0.00159808 0.000371836 0.000205821 0.000404989 0.000254736 0.000303272
0.759319 0.0915361 0.00511019 0.0102909 0.0425353 0.00879662 0.0205465 0.00320946 0.00190459 0.0132035 0.0034176 0.00442525 0.00940517 0.00804445 0.000510311 0.0104408 0.0030914 0.000203964 0.00211586 0.000104883 0.000215457 0.000212477 0.000863784 8.36092e-06 9.29035e-05 6.59976e-05 3.4697e-05 0.000119548 6.71957e-05 1.20618e-05 1.22389e-05 1.14776e-05 1.32184e-05 2.09638e-05
0.681783 0.115938 0.00409467 0.0412504 0.00564366 0.00566641 0.0215339 0.0281545 0.0202315 0.0292293 0.00483751 0.0095934 0.00216292 0.00334533 0.00545759 0.00354671 0.00434547 0.000631689 0.00183206 0.00363877 0.000411302 0.000935638 0.000496117 4.94183e-05 0.00249868 0.000322292 0.000525694 0.000358794 6.30678e-05 0.000133163 0.000454728 3.36346e-05 1.25207e-05 9.1892e-05 0.000330767 6.53284e-05 0.000133515
0.737141 0.0392334 0.0214198 0.102322 0.0167624 0.00291987 0.0148626 0.0101469 0.00797673 0.00517534 0.00397844 0.00646633 0.00721938 0.00336772 0.00197333 0.00859013 0.0010945 0.000872153 0.00159584 0.000443206 0.00139022 0.0024233 0.00114976 0.000138792 2.10002e-05 0.000423988 0.000221567 0.000103672 4.36745e-05 0.000151575 0.000130584 4.04146e-05
0.654089 0.0111547 0.122299 0.0530254 0.0196514 0.058233 0.00358542 0.022024 0.00608547 0.00887422 0.00549666 0.0086313 0.00599427 0.00956801 0.0031988 0.00298613 0.00161022 0.00220161 0.000102624 3.04358e-05 0.000162066 8.59137e-05 5.04973e-05 1.76373e-05 0.000450444 8.03134e-06 0.000121019 9.2673e-06 4.65409e-05 6.74198e-06 0.000146381
0.748911 0.00110827 0.0224432 0.118217 0.00963541 0.00387024 0.00727848 0.0197044 0.00129722 0.0259711 0.0179838 0.00501946 0.00705043 0.00415448 0.0046112 0.00100291 0.00111589 0.000416023 1.46322e-06 5.57782e-05 6.8249e-06 3.51619e-05 2.00906e-05
0.777242 0.00714756 0.0193854 0.0787356 0.0308074 0.0182414 0.00330552 0.0146098 0.0137485 0.0021621 0.00709825 0.002087 0.0139333 0.00197398 0.00418002 0.00216589 0.00184889 0.000208599 2.68412e-05 0.000257684 7.78302e-05 4.14144e-07 0.000152423 7.24452e-05 9.26016e-05 3.227e-05 0.000202453
0.786888 0.0440492 0.00771922 0.0826461 0.0147758 0.00382525 0.00568964 0.0194615 0.00581574 0.00222464 0.00888697 0.00644048 0.00427579 0.00236431 0.00132766 0.000423856 0.000507741 0.000761094 0.000382223 4.75692e-06 6.13484e-05 0.000103809 0.000505011 2.33303e-05 0.000113312 3.62359e-05 0.000272384 0.000290044 8.762e-06 2.81182e-05 4.65169e-06 4.33969e-05
0.730185 0.0711629 0.0667777 0.00373085 0.00888448 0.0106687 0.00303013 0.0066626 0.0410115 0.0116371 0.00663478 0.00525523 0.0166689 0.00968198 0.0024863 0.000186537 0.00122628 0.000583702 1.44589e-05 0.000271614 0.00153634 4.38528e-05 0.000155634 0.000165491 0.000192968 0.00048451 7.49548e-05 3.96455e-05 0.000180472 0.000148526 1.61024e-05 1.64125e-05 7.06929e-05 1.68963e-05 1.06493e-05 7.01241e-06
0.770805 0.0936983 0.00492174 0.0144958 0.028129 0.0176151 0.00714107 0.00944299 0.00639818 0.0098386 0.00392737 0.00278388 0.00533527 0.0134449 0.00526551 0.00123955 0.00288336 0.00144384 0.000449668 0.000176608 0.000100763 2.59602e-06 0.000103964 4.60391e-06 9.21712e-06 2.78337e-05 3.75391e-06 3.70272e-05 4.42392e-05 7.2672e-05 8.85662e-05
0.698854 0.116974 0.0010754 0.0429494 0.00217312 0.00705893 0.0451735 0.0139613 0.0078042 0.0114059 0.00736522 0.00837338 0.00953052 0.00442363 0.0103142 0.00687112 0.00219283 0.00107448 0.00090863 0.000199487 8.48536e-05 0.000227099 3.37711e-05 0.000160674 0.000344483 7.79986e-05 0.000134374 9.07694e-06 1.83642e-05 2.63574e-05 1.95818e-05 6.18268e-05 1.1381e-05
0.744452 0.0253625 0.00637114 0.0971008 0.0375979 0.0130125 0.0205029 0.00847656 0.00522559 0.00235113 0.00518445 0.00436261 0.00461616 0.00513162 0.00511213 0.00547681 6.04259e-05 0.00238163 0.00486089 0.000180748 0.000392077 0.000625479 0.000532229 7.97855e-05 2.0189e-05 0.000141687 8.94776e-06 3.80871e-06 1.52057e-05 7.42167e-05 3.41828e-05 0.00019582 2.16033e-05 1.19858e-05
0.758161 0.123798 0.0147602 0.00518659 0.0162742 0.023048 0.0018824 0.00463347 0.0143703 0.0063483 0.0141205 0.00257442 0.00550628 0.00267671 0.00214191 0.00337147 7.28395e-05 0.000433799 0.000456991
0.800861 0.0150377 0.026475 0.0142079 0.0876107 0.00527381 0.00427092 0.00499924 0.00416584 0.00196612 0.00745388 0.002764 0.0100484 0.006697 0.00221737 0.00229508 0.00127006 0.000614397 3.48983e-05 3.76084e-05 9.75773e-05 0.000331878 9.96641e-06 0.000716366 8.79705e-05 2.92202e-05 0.000118362 0.000102976 3.97254e-05 2.48879e-05 5.84226e-05
0.745132 0.044463 0.0257145 0.077299 0.0156275 0.00248118 0.00365246 0.00200374 0.00854622 0.022899 0.0169893 0.00886431 0.000840934 0.00288539 0.0101277 0.00513064 0.000553867 0.00289736 0.00129854 0.000152646 8.23193e-05 0.000628529 0.00027525 0.000233654 0.000350041 0.000341537 1.58483e-05 0.000162049 1.522e-05 0.000124834 3.60121e-05 9.36026e-05
0.722321 0.133903 0.0312704 0.0532664 0.00106433 0.00843258 0.0047314 0.00859518 0.00495545 0.00708831 0.0029434 0.00673822 0.00149113 0.00203398 0.000610055 0.00152328 0.00114073 0.0010084 0.000265726 0.00148984 0.00171584 0.000574261 0.000398859 0.000957244 0.000450968 0.000100351 0.00038208 0.000189936 2.67741e-05 2.08513e-05 0.000128378 6.41171e-05 2.94483e-06 2.74339e-05 1.22375e-05 5.58954e-06 1.52515e-05 2.86785e-06 1.66761e-05 2.5136e-06 5.50664e-07 4.01007e-08 9.09887e-06 4.20629e-06 1.96289e-06 9.2931e-07 2.58202e-06
0.679447 0.139366 0.0109584 0.0272415 0.0553448 0.00563427 0.00351921 0.00856866 0.00704114 0.00482334 0.00308848 0.0030491 0.00494829 0.0181031 0.0149748 0.00339548 0.000520993 0.000305854 1.4162e-05 0.00121173 0.00246409 0.000210446 0.00183326 0.000534544 0.00095498 0.000804905 0.000203202 5.36961e-05 0.000851473 0.000276728 3.1837e-05
0.683047 0.124236 0.0423275 0.0265287 0.0226002 0.0209898 0.012702 0.00742867 0.0203639 0.0168706 0.00152378 0.00387054 0.00692559 0.00453689 0.00175378 0.0015783 0.00126914 2.3188e-05 0.000931388 0.00018021
0.7411 0.00996616 0.109772 0.063625 0.0294891 0.0060303 0.00287339 0.00267064 0.00352216 0.00441734 0.00551945 0.00192876 0.00190833 0.00679787 0.000331005 0.00522009 0.000279788 0.00173597 0.000515469 0.000269394 6.89997e-05 0.000196841 0.000145357 0.000677542 0.000171117 0.000134876 9.68351e-05 3.93072e-06 1.49472e-06 5.15419e-05 0.000113731 6.34537e-05 0.000106609
0.727866 0.0585652 0.0276655 0.018119 0.100505 0.0050422 0.0127974 0.00691478 0.00429722 0.00633787 0.00544314 0.00475875 0.00568937 0.00279806 0.0027628 0.00484174 0.00205068 0.000326012 0.00047492 0.000670225 0.000562841 0.000289884 9.61349e-05 4.51654e-05 0.000373602 0.000233732 0.000193958 0.000106785
0.726183 0.108427 0.020819 0.0215118 0.0135173 0.00513476 0.039066 0.00186153 0.0128225 0.00452128 0.00489141 0.00341744 0.0103126 0.00467885 0.00892768 0.00460078 0.00283712 0.000554102 0.00179431 0.000903835 0.0016884 0.000147847 2.57556e-05 0.000621414 1.25336e-05 3.00988e-05 0.000269244 4.90606e-05 7.0402e-05 4.4602e-05 0.000102869 7.70687e-06 1.70739e-05 3.32362e-05 1.94827e-05 8.46129e-06 8.33888e-06 9.83614e-06 4.21407e-06 2.34897e-05 7.92967e-06 4.66716e-07 1.02554e-06 4.91146e-06 1.58627e-06 1.25891e-06 1.85592e-06 1.42824e-06
0.754044 0.0962058 0.0273073 0.0135236 0.0222977 0.0192198 0.0141938 0.0119248 0.00535564 0.00972827 0.00206206 0.0107941 0.00628706 0.00330719 0.000537163 0.00140221 0.000482505 9.85022e-06 0.000103389 0.000511476 0.000253474 4.54225e-05 3.16484e-05 0.000191314 6.67033e-05 3.60119e-05 1.93165e-05 1.42171e-06 2.21643e-06 1.28616e-05 8.93495e-07 2.01707e-06 1.14224e-05 6.3543e-06 4.56995e-06 1.89232e-06 4.3412e-07 1.8405e-06 3.50819e-06 8.95609e-07
0.748961 0.0153694 0.101985 0.00955725 0.0474275 0.00025477 0.00166114 0.0121377 0.00990748 0.0072305 0.00672192 0.00882822 0.0047816 0.00430386 0.00562767 0.00431253 0.000770734 0.000366495 0.000261513 0.0016191 0.000275753 9.37053e-05 0.00155538 0.00235658 0.000968427 0.000106932 0.000325691 0.000239311 0.000251263 1.18275e-05 0.000642136 6.1356e-05 0.000376985 0.000143439 1.91431e-05 5.94169e-06 3.54745e-05 7.32185e-05 6.7347e-05 8.37454e-05 5.30801e-05 4.2363e-05 5.07998e-05 4.54382e-05
0.0231371 0.696896 0.129224 0.0125362 0.0306209 0.00836493 0.00593635 0.0111373 0.00479574 0.0087269 0.0163839 0.0111637 0.0107499 0.0090163 0.00897526 0.00507824 0.000850184 0.00186366 0.000734519 0.000108182 0.00146182 0.000481668 1.12343e-05 0.00048514 0.000287476 0.000109155 0.000298958 5.25078e-05 1.54284e-05 0.000254511 1.86742e-05
0.710575 0.12457 0.0411474 0.0135997 0.0171791 0.0111791 0.00403161 0.00899559 0.0200773 0.00622544 0.00135136 0.0107338 0.0127814 0.00649932 0.0021673 0.00418823 0.000100829 0.000393443 0.00146368 0.00117605 0.000496076 7.01382e-05 0.000242145 3.83388e-05 0.000355818 0.000271358 4.81849e-05 3.73008e-06 6.41169e-06 1.6058e-06 6.66142e-06
0.747932 0.00593572 0.0922181 0.00426778 0.0208812 0.00779232 0.0121501 0.0554508 0.0327202 0.00382925 0.00175018 0.00182208 0.00313297 0.00497234 0.00348203 0.000680512 1.81975e-05 4.84477e-05 0.000133026 0.000438677 3.36963e-05 3.93268e-06 9.44887e-05 4.09276e-05 0.000102495
0.745374 0.10728 0.033743 0.0335343 0.00763812 0.0138482 0.00132993 0.00251189 0.0143549 0.00286289 0.0101029 0.00456364 0.00672825 0.00677453 0.00224955 0.000635825 0.000746433 0.00126443 0.000371723 0.00139325 0.000254241 0.000261526 5.95126e-05 0.000942624 0.00033535 0.000244433 8.41953e-05 0.000102926 0.000138891 7.64227e-05 4.68232e-05 1.13476e-05 4.0845e-05 1.42948e-05
0.750143 0.0871515 0.0042822 0.000433371 0.0502252 0.0205701 0.00687447 0.00325697 0.0231875 0.00774579 0.0136655 0.0115632 0.000963998 0.00443286 0.00540551 0.00141096 0.00394285 0.00237534 7.8777e-05 0.000442719 0.000158573 0.00114457 0.000162875 4.7242e-05 1.67928e-05 6.28784e-05 1.74211e-05 8.31415e-06 1.94285e-06 9.84213e-05 3.05815e-05
0.73283 0.0987904 0.00848765 0.0203521 0.0134489 0.0107141 0.0340831 0.00770419 0.0112444 0.0263159 0.0145968 0.00152877 0.00305527 0.00457295 0.00308643 0.00407204 0.000363007 0.000622489 0.0019834 0.000466268 0.000813259 1.58567e-05 3.51748e-05 0.000414488 1.74748e-05 5.23953e-05 0.000142095
0.742729 0.00774978 0.037008 0.00764431 0.102731 0.00953906 0.0149584 0.00188646 0.00812377 0.00402945 0.0192762 0.0229864 0.00410879 0.00483109 0.00459954 0.00169145 0.00090151 0.000196926 0.000890889 0.000611487 0.000567999 0.00052741 3.28781e-05 0.00125269 0.00047748
0.6588 0.114188 0.0117259 0.0414634 0.0542739 0.0179798 0.0247514 0.0203361 0.0115309 0.00334545 0.01348 0.00591199 0.00179876 0.00506485 0.00648882 0.000704883 0.000387851 0.00354706 0.00178886 0.000604292 0.000352078 0.000454691 0.000383199 2.04995e-05 0.000149896 5.38621e-05 2.98612e-05 0.000176968 2.03802e-05 1.416e-05 1.06621e-05 4.06827e-05 2.29185e-06 2.37188e-05 2.24321e-05 7.90922e-07 2.0738e-05 1.99353e-05
0.00319948 0.74956 0.102321 0.0222894 0.0250692 0.0193959 0.0131501 0.0231716 0.00318181 0.00630036 0.00216995 0.00247081 0.00741551 0.00269868 0.00545443 0.00744944 0.000680337 0.000752815 0.000542206 0.000187949 0.00120758 0.000665942 0.000402883
0.696556 0.0259715 0.0462592 0.128101 0.00255485 0.011419 0.0155366 0.00444552 0.00268229 0.0248318 0.00887032 0.0107295 0.00822894 0.00205176 0.00641976 0.00268338 0.000395828 6.28561e-05 0.000615809 8.21047e-05 0.00100753 4.55566e-05 7.56111e-05 8.36063e-05 0.000157526
0.696599 0.112938 0.0344247 0.0281633 0.00362366 0.0229461 0.00888035 0.0107728 0.0387589 0.00419897 0.0169385 0.00479067 0.00292102 0.00625327 0.00161101 0.00101818 0.00287797 0.000571687 5.43463e-05 0.000234213 6.48671e-05 0.000232345 2.70087e-05 2.7009e-05 0.000239145 0.000294952
0.706148 0.147886 0.0148882 0.0302387 0.0134005 0.00577578 0.00648164 0.00417241 0.00781081 0.0096814 0.0103649 0.0144069 0.00590294 0.0138442 0.0025683 0.00406654 0.00139349 6.47691e-05 9.23793e-05 4.23925e-05 9.49958e-05 5.65141e-05 0.000452827 8.74183e-06 6.11465e-05 2.55154e-06 2.27899e-05 1.17982e-05 1.76784e-05 3.71226e-06 3.44115e-06 2.18073e-06 2.13107e-05 4.64741e-06
0.758134 0.0304167 0.137964 0.000470853 0.0183725 0.00491639 0.00200759 0.00787875 0.00504098 0.00515904 0.00272016 0.00341108 0.00812184 0.00947282 0.00231867 0.00312751 4.83457e-05 4.73929e-05 3.52542e-05 9.50085e-05 2.92589e-05 2.45842e-05 2.09209e-05 1.01841e-05 4.79031e-05 4.77035e-07 3.82212e-05 1.65665e-05
0.769975 0.00930008 0.010104 0.109514 0.0324966 0.00841892 0.00871439 0.0165717 0.00621362 0.000712038 0.00309138 0.00597196 0.00557485 0.0034421 0.00157646 0.000112701 0.0024453 0.000231088 0.00383874 0.00019155 8.30601e-05 0.000216938 2.7619e-05 0.000452265 0.000104472 9.59617e-05 5.37881e-05 0.00011684 3.15177e-05 2.60908e-05 4.28966e-05 0.000115561 2.82776e-05 1.54222e-05 4.24534e-06 1.23096e-05 3.70394e-05 3.11873e-06 9.92123e-06 2.80058e-06 8.53891e-06 4.4756e-06
0.734336 0.0991215 0.0227349 0.0116931 0.0110611 0.0128103 0.00172365 0.0348663 0.00294968 0.0175157 0.0103375 0.0120777 0.00493119 0.0113658 0.0026532 0.00394009 0.00172054 0.000866981 0.000141611 0.00038509 0.00196991 0.000337936 0.000123327 0.000187129 2.97335e-05 3.42998e-05 1.081e-05 1.39762e-05 4.0773e-06 4.73862e-06 2.39519e-06 2.02084e-06 9.75963e-06 2.5669e-05
0.0222159 0.709172 0.00610766 0.131239 0.0355846 0.00827945 0.00985637 0.0130876 0.00857016 0.00192889 0.00367467 0.0145284 0.00695841 0.000670903 0.0119443 0.00933779 0.00179763 7.54852e-05 0.00035483 0.00116851 0.000507946 0.00133418 0.000253321 0.00041894 0.000565529 0.000197467 1.67296e-06 6.57296e-06 2.87168e-06 1.2291e-06 1.15333e-05 3.37209e-05
0.744983 0.069189 0.0201935 0.0208972 0.0396225 0.015796 0.0122658 0.0147722 0.0111615 0.0100364 0.0119684 0.00731988 0.00660992 0.00209525 0.00633768 0.000602245 0.00366202 0.000281163 0.000423185 0.000360774 0.000554693 0.000280451 0.000232306 4.96159e-05 5.07902e-05 7.45865e-06 4.84054e-06 2.66096e-05 6.02463e-06 3.85582e-05 6.87858e-05 2.84136e-06 2.3708e-05
0.708354 0.0881061 0.067801 0.014853 0.00979752 0.0152944 0.0385659 0.00577651 0.00448721 0.00634261 0.00945047 0.00914482 0.00528298 0.0036723 0.00502304 0.00176088 0.000961317 0.00255093 2.6869e-05 1.71388e-05 0.000382255 0.000351728 0.00043682 6.1994e-05 0.000356209 0.000322997 6.83707e-05 0.000298981
0.744912 0.0455192 0.0974179 0.00423982 0.00747442 0.0249767 0.0215399 0.0112598 0.0118368 0.00653032 0.00429393 0.0025247 0.00546967 0.00300399 0.00222117 0.000187887 0.0015942 0.00210744 0.00118151 0.000608539 0.000249746 1.57739e-05 0.0002482 6.33318e-05 0.00019415 6.27032e-05 6.53449e-06 0.000102764 2.39673e-05 2.37748e-06 3.57577e-05 2.94251e-05
0.766474 0.025192 0.0978098 0.0116684 0.00574103 0.0574786 0.00387933 0.006559 0.00205283 0.00448473 0.00530241 0.00056114 0.00198543 0.0017401 0.00191703 0.00148802 0.000514445 0.00138326 0.000422173 0.00150269 0.000241184 0.000652578 0.000102539 0.000230913 0.000179762 4.74234e-05 8.62577e-05 6.13021e-06 8.47199e-05 1.60659e-05 2.90764e-06 6.73734e-06
0.703072 0.11925 0.0185658 0.0208468 0.0163383 0.00639928 0.051912 0.00754588 0.0152005 0.00628217 0.0123872 0.00148295 0.00690235 0.0053064 0.00395577 0.000930862 0.00213315 0.000219216 0.000283566 9.9415e-05 0.0001936 0.000143962 0.000100283 3.74812e-05 5.45731e-05
0.766084 0.109895 0.0308796 0.00571065 0.00730983 0.023647 0.00590343 0.00624391 0.00323804 0.00736458 0.00709079 0.000955524 0.0123591 0.00670432 0.000116323 0.00290792 0.000798688 8.64567e-05 0.00109375 1.63575e-05 0.00039128 9.72551e-06 0.000201672 0.000165949 0.000496265 0.000159253 7.6498e-06 5.85388e-05 2.35745e-06 4.18113e-05
0.772327 0.0384202 0.0800699 0.0124404 0.004182 0.0180188 0.0435097 0.00990889 0.00323195 0.00793152 0.00184024 0.001865 0.00165997 0.00106886 0.000157936 0.00267601 0.00011887 0.000102119 0.00011441 7.27514e-05 4.844e-05 0.000104026 6.95413e-06
0.737871 0.105352 0.00219048 0.0212404 0.0448103 0.0239575 0.0110553 0.0100677 0.00728033 0.00177069 0.00257273 0.00515274 0.00891463 0.006507 0.00314544 0.00165621 0.000304036 0.000148683 0.000892914 0.00182399 0.000306874 0.000185262 0.000451133 0.000301187 0.000492667 9.90599e-06 6.64758e-06 0.000502413 9.79725e-05 7.33006e-05 0.000409334 4.41715e-05 0.000195542
0.714517 0.133957 0.0123992 0.0186861 0.0414728 0.00962757 0.00814678 0.014505 0.00776141 0.00547544 0.000695625 0.0108743 0.00644064 0.00603497 0.000395571 0.000287828 0.00407256 0.00112802 9.2011e-05 0.00209279 0.000275018 0.000161555 0.000139856 0.000210014 0.000116976 3.87949e-05 0.000150984 0.000133
0.701997 0.120734 0.0511231 0.0255372 0.0155397 0.00682381 0.00715079 0.00651217 0.00151174 0.0145052 0.00633303 0.0105207 0.0104844 0.00762772 0.00528023 0.00264604 0.000671076 0.000563294 0.000716826 2.36913e-05 0.000176633 4.96801e-05 0.000861449 0.000113108 0.000257986 0.000389989 0.000200635 0.000206489 0.000209699 0.000328396 0.000315568 6.53442e-05 2.21382e-05 2.53569e-05 3.58862e-05 4.49331e-05 7.28189e-05 4.50941e-05 3.89034e-05 5.70016e-05 5.98915e-05 3.93441e-05 4.51999e-05 2.57885e-06 2.75827e-06 4.69522e-06
0.739154 0.101511 0.00100307 0.0392945 0.00745157 0.015399 0.013327 0.00709992 0.00453 0.0053991 0.0143537 0.0300512 0.00185208 0.00335603 0.00389706 0.00394543 0.00115438 0.00195273 0.00168874 0.00158649 0.000355605 0.000496986 9.58243e-05 0.000130008 9.6192e-05 0.000217819 0.000139335 0.000175931 7.61373e-05 2.97814e-05 6.30156e-05 4.26892e-06 8.05672e-06 3.16656e-05
0.716429 0.00338175 0.144837 0.0502927 0.0187622 0.0111861 0.000577288 0.0106186 0.00587338 0.00526085 0.0137458 0.00476601 0.0046856 0.00228618 0.00531007 0.000899838 0.00037272 0.000161408 2.22078e-05 6.8016e-05 5.41464e-05 7.21826e-05 3.89109e-05 8.79861e-06 4.03199e-05
0.733542 0.0131475 0.0175386 0.09702 0.026133 0.0031247 0.0129722 0.0289565 0.0127171 0.0108915 0.00341522 0.00648358 0.00448487 0.00318127 0.00906942 0.007218 0.00177062 0.000781073 0.000444196 0.000317857 0.000144352 0.000445206 0.00118942 0.00238407 0.000615344 0.000276223 0.000189499 0.000618237 0.000222073 0.000182939 2.52725e-05 0.000342341
0.718667 0.111372 0.0181957 0.037954 0.0115373 0.00666209 0.0290787 0.024093 0.00946195 0.0141705 0.00440566 0.00159358 0.00340168 0.000534357 0.00299172 0.00136277 9.17814e-05 0.00152334 0.000504497 0.000583964 0.000148141 0.000415175 4.90688e-05 0.000748235 0.000160966 6.28571e-06 6.35859e-05 1.27652e-05
0.740868 0.0296752 0.113418 0.0281475 0.0142777 0.00391159 0.019912 0.0061073 0.0022944 0.0101419 0.00456111 0.00582216 0.00341428 0.0081408 0.00144407 0.00242604 0.00152066 0.000121019 0.000554607 0.00139752 9.31566e-05 0.000651702 3.65724e-05 0.000223495 0.000313072
0.730659 0.00675518 0.0616811 0.108979 0.00449582 0.0108795 0.00948644 0.00169077 0.0103013 0.001042 0.0133596 0.00419095 0.00716396 0.0103803 0.00174844 0.00860851 0.00432778 0.000729605 0.000570771 0.000499672 0.00134615 5.64752e-05 0.000330622 7.57384e-05 0.000239609 8.21823e-06 0.00010764 0.00014709 2.51463e-05 7.14331e-06 1.04087e-06 3.03107e-05
0.755083 0.113589 0.0229515 0.0197853 0.0391943 0.00549701 0.00345433 0.00119442 0.00332632 0.010695 0.00402779 0.00534087 0.00105539 0.00308525 0.000783184 0.00417374 0.00379271 0.00026361 0.000199383 0.000744514 0.000268808 0.000115165 2.9718e-05 0.000281896 5.91475e-05 0.00030308 0.000142436 1.05583e-05 5.90866e-05 0.000155706 1.97077e-05 1.00873e-06 1.89698e-05 8.13803e-05 5.87514e-06 7.32735e-06 3.58078e-05 2.9596e-06 9.0628e-06 7.78162e-06 9.87333e-05
0.689103 0.131238 0.00509196 0.000963241 0.0049683 0.0160067 0.075811 0.00413096 0.00330522 0.00773517 0.0251361 0.014244 0.0078743 0.00587237 0.00197884 0.00148812 0.000109262 0.00145703 2.52328e-06 0.00127708 0.000214137 0.000112462 0.000355599 0.000330502 0.000492042 0.000123612 8.76832e-05 0.000118718 7.03274e-05 5.34238e-05 5.62515e-06 0.000112973 1.58977e-05 5.23051e-05
0.762124 0.0414218 0.00687985 0.00947399 0.111997 0.00291838 0.0256629 0.00165416 0.00339998 0.00329855 0.00773632 0.00623857 0.000549022 0.00310102 0.00511129 0.00142585 0.00200008 0.000429726 0.00127293 0.00107837 0.000536643 0.000179139 2.2935e-05 0.00056381 6.13232e-05 8.03637e-05 0.000285082 1.71379e-05 2.1813e-05 1.91246e-05 1.1225e-05 0.000134188 4.7581e-05 5.22731e-05 3.74134e-05
0.764839 0.0156711 0.0826468 0.0130714 0.0138476 0.0610289 0.00765125 0.00442257 0.00378275 0.00966952 0.010346 0.00226558 0.00493572 0.00106174 0.00230075 0.000917098 0.000435094 4.16714e-05 0.000111166 0.000275326 0.00016014 0.000274139 7.48453e-05 3.23191e-05 2.48372e-05 7.75722e-06 3.87292e-05 1.54318e-05 6.19032e-06
0.752534 0.0720282 0.0770015 0.00723403 0.00860456 0.00714449 0.0021116 0.00164014 0.00217638 0.00373748 0.0338913 0.00308378 0.00628763 0.00449334 0.0076741 0.00348127 0.000849246 0.00115233 0.000121155 0.000479749 0.000837497 2.99729e-05 0.00115525 0.000307277 0.000108852 0.000905765 8.72664e-05 0.000306177 0.000406866
0.696665 0.115413 0.0239444 0.00830001 0.00709413 0.00297469 0.0382782 0.00283465 0.0341959 0.0065518 0.0121842 0.00383202 0.0112091 0.0278657 0.00176231 0.00127895 6.19632e-05 0.00100451 0.00113723 0.00111237 0.00105683 0.000285391 1.65693e-05 7.35539e-05 9.62389e-05 0.00018738 7.71542e-06 2.32736e-05 8.90471e-05 2.64494e-05 3.12719e-05 2.06665e-05 2.18423e-05 2.11339e-05 0.00010914 5.20618e-05 4.86938e-06 3.27651e-05
0.734837 0.0966553 0.00790323 0.0430472 0.0104887 0.0214675 0.00244893 0.0131094 0.00990135 0.0102899 0.00470537 0.0158973 0.0015329 0.00699862 0.00557893 0.0125861 0.00026023 0.000120661 0.000565599 8.2857e-05 0.000203609 0.000153197 0.000209884 0.000264677 0.000217914 0.000126196
0.726226 0.130811 0.00180011 0.0292601 0.0171771 0.039459 0.00362722 0.0043421 0.00904221 0.000964556 0.00337913 0.00176973 0.00724078 0.000964884 0.0072566 0.0101215 0.00238297 0.000288016 0.00102039 0.000572194 0.000367826 0.0001541 4.03082e-05 0.000275582 0.000483574 0.00012261 0.000182812 9.37267e-05 0.000236233 0.000101308 2.3965e-05 0.000157905 1.22153e-06 8.15126e-06 3.18768e-06 8.378e-07 1.13264e-05 1.10456e-06 1.12528e-06 1.01656e-06 3.91039e-06 3.77789e-06 6.60218e-06
0.755055 0.00558692 0.08617 0.0322567 0.0485263 0.0150001 0.00628684 0.00484043 0.00516192 0.0109096 0.00701618 0.00338961 0.00294617 0.00390975 0.00417433 0.00676242 0.000104967 0.000711554 0.000188103 2.32287e-05 0.000228925 3.56933e-05 0.000104917 3.68323e-05 0.000127851 0.000171176 6.06314e-05
0.71336 0.147468 0.0182896 0.00529483 0.014333 0.00533137 0.0113739 0.00546743 0.0140221 0.00838604 0.018671 0.000521883 0.00309859 0.00519829 0.00152663 0.00391422 0.00286876 0.00102339 0.00268965 0.00145279 0.0024524 0.00453351 0.00215094 0.000692944 0.000128954 0.000387813 0.0031905 0.000171071 0.000546466 0.000315664 0.000665601 0.000233592 7.97577e-06 7.56954e-05 1.87642e-05 9.21463e-06 2.22599e-05 1.27581e-05 1.10644e-05 3.28657e-05 1.07991e-05 7.09198e-06
0.744239 0.124547 0.0366508 0.0123793 0.00520889 0.0126926 0.0194045 0.00186578 0.00404652 0.000346551 0.0118056 0.00312035 0.0113331 0.00264938 0.00345176 0.00257935 0.00113121 0.000555133 0.000624577 0.000486389 6.6809e-05 3.81174e-05 0.000428508 9.54904e-05 7.54419e-05
0.796498 0.0325676 0.00968367 0.00221514 0.0892481 0.00927695 0.010758 0.00529351 0.0021933 0.0113913 0.00566186 0.00466761 0.000839502 0.00737077 0.00146179 0.00279671 0.00272383 0.000494425 0.000127571 0.00119972 0.000195424 0.00127857 0.000634241 6.94268e-05 0.000145778 4.733e-06 0.000191998 0.000317767 1.5222e-05 0.000172122
0.119439 0.684901 0.0102286 0.0491936 0.0380369 0.00631152 0.0065944 0.00983751 0.0221136 0.00661494 0.0237018 0.00508889 0.00638672 0.00123826 0.00348698 0.00150205 0.00116989 0.00120085 0.000487695 2.5713e-06 0.000684298 0.000253854 0.000124481 7.53565e-06 0.000125 2.7326e-05 7.34964e-05 5.24652e-05 5.11994e-05 0.000440593 3.87149e-06 0.000103713 1.75394e-05 0.000100381 9.81551e-05 3.2643e-05 3.87423e-05 6.75226e-05 1.64374e-05 2.5441e-05 4.98848e-07 2.65098e-05 5.6748e-06 6.34682e-06 2.68748e-05 1.19642e-05
0.748545 0.0298173 0.0920847 0.0644529 0.00367551 0.0162015 0.00623673 0.0153556 0.00121166 0.00477193 0.000402799 0.00556878 0.00715077 0.0013273 0.000317086 0.00186601 0.00015172 0.00026691 7.65492e-05 0.000151006 0.000167348 2.61441e-05 8.70454e-06 2.24369e-05 9.48624e-05
0.721968 0.0148782 0.0554697 0.105016 0.00431011 0.00845853 0.0232413 0.0113156 0.00544135 0.0127672 0.00435817 0.0128691 0.00789434 0.00310131 0.000939526 0.00449815 0.00111915 0.000241245 2.86012e-05 1.04481e-05 0.0006918 0.000231459 1.90072e-05 6.42034e-05 8.21877e-05 7.33666e-05 0.000150506 4.46321e-08 0.000215974 1.33716e-05 0.000170212 6.47427e-06 2.41797e-07 0.000133321 9.82211e-05 2.97886e-05 4.3258e-06 4.23255e-06 2.08285e-05 2.01692e-05 2.33148e-06 7.41791e-06 6.09603e-06 4.07402e-06 7.10278e-06 4.93693e-06
0.729464 0.102181 0.0412207 0.0255687 0.0188178 0.00322963 0.0166143 0.0117215 0.0172391 0.00361285 0.00443453 0.00650924 0.00935905 0.00258983 0.00483932 0.00149258 3.64681e-05 0.000149197 0.00038715 8.14208e-05 6.45413e-05 0.000142049 2.71788e-05 1.66739e-05 8.20788e-05 7.16714e-05 2.46499e-06 4.54471e-06 1.00895e-05 4.22005e-06 1.20533e-06 4.17576e-07 1.91827e-06 1.8234e-06 5.07556e-07 6.3333e-07 8.21782e-07
0.761766 0.131691 0.0234026 0.0126431 0.0115411 0.00802496 0.0039482 0.00528496 0.00290463 0.000443892 0.0117851 0.0129349 0.000527371 0.00394248 0.00234019 0.0012626 0.00182035 0.00168535 0.000340096 0.000333713 0.000107737 0.000188251 0.000495114 6.7874e-05 7.78968e-05 1.96678e-05 3.59638e-05 6.09549e-05 4.04648e-06 3.35771e-06 2.51076e-05 6.43632e-06 1.29069e-05 1.03573e-05 2.35465e-05 1.57636e-05 5.32161e-06 9.84524e-05 9.27054e-05 4.86834e-06 1.34658e-05 1.79815e-06 2.82326e-07 9.61783e-07 1.74241e-06 3.24963e-08 1.49991e-06 7.34224e-07 4.71762e-07
0.670907 0.0336045 0.00419195 0.129791 0.0171234 0.0196285 0.00762669 0.0690817 0.00259064 0.00669018 0.000930835 0.00353245 0.00548717 0.0182165 0.0018191 0.00189061 0.00382895 0.000432117 0.000342692 8.9319e-05 0.000421911 0.00034445 0.000566228 0.000126091 0.000142668 0.000109291 0.000263783 4.66862e-05 5.86209e-05 2.78053e-05 1.84921e-05 9.18472e-06 7.58727e-06 2.12647e-06 7.41184e-06 9.34638e-06 8.96218e-06 2.30364e-06
0.00829957 0.774199 0.0110091 0.0101826 0.00204287 0.096644 0.00401586 0.00309348 0.0302706 0.00581749 0.0220781 0.00349311 0.000851175 0.00856631 0.0108193 0.00149593 0.0058247 6.13374e-05 0.000110381 0.000192493 0.000595997 8.63533e-05 2.64967e-05 4.29553e-05
0.733413 0.12386 0.025645 0.00254786 0.026168 0.00371474 0.00213143 0.00514576 0.00954237 0.00961228 0.0134989 0.00650889 0.00487398 0.0186442 0.00821659 0.00148882 3.25914e-05 0.00282295 0.000686339 9.26963e-05 0.000280557 8.26058e-05 7.95754e-05 0.000223568 0.000183432 5.88935e-05 0.000142569 2.61845e-05 3.69624e-05 6.38718e-06 1.31753e-05 3.45211e-05
0.724922 0.102754 0.00119502 0.0168084 0.00309336 0.0382724 0.0123085 0.0400222 0.00613006 0.0170429 0.00650169 0.0173007 0.0031519 0.00519935 0.00264287 0.00122256 0.00020722 0.000595611 8.74637e-06 5.88815e-05 5.5901e-05 2.54048e-05 2.9721e-05 7.17925e-05 4.71534e-05 1.35435e-05 6.92534e-08 2.2328e-05 4.60459e-05 2.15115e-05
0.737692 0.00950481 0.0994405 0.00780848 0.0117175 0.0528792 0.0152836 0.0196101 0.00464125 0.00186662 0.0132099 0.00359341 0.00485404 0.00313407 0.00218506 0.00510017 0.00411276 0.0016672 4.20306e-05 0.000113691 5.5066e-05 0.000230987 0.00019625 0.000315764 7.3701e-05 6.86213e-06 0.000260028 0.000118318 9.89344e-05
0.751281 0.0810808 0.0181725 0.0158739 0.0371894 0.00358343 0.0293947 0.0163444 0.00935826 0.00972711 0.000561738 0.00560114 0.00482396 0.00369849 0.0019115 0.00268417 0.000440974 0.000953229 0.00011701 0.00064069 0.0018309 0.000665849 0.00196638 0.000682836 1.575e-05 0.000261094 3.60554e-05 0.000162979 0.000105442 1.27446e-05 0.00015385 8.33856e-05 3.35944e-05 5.40027e-05 2.78265e-05 2.5686e-05 0.00012285 0.000189185 6.00042e-05
0.767915 0.0460551 0.0740819 0.00331981 0.00289943 0.0137349 0.00183453 0.00532702 0.0206262 0.0145591 0.00949949 0.0125894 0.00311179 0.00632705 0.00435923 0.00256738 0.00280079 0.00145461 0.000642363 0.000434443 0.000846034 0.000731213 0.00050343 0.00106365 0.000453894 0.000600034 0.000650228 0.000257083 0.000108429 6.18427e-05 0.000113643 0.00011016 2.94534e-05 2.06467e-05 0.00013548 8.84005e-07 5.3115e-06 1.48111e-05 5.6533e-05 2.63122e-05 1.91792e-05 9.03225e-06
0.766159 0.0295753 0.00525158 0.0790339 0.00930317 0.00943878 0.0300321 0.013409 0.00558109 0.00949183 0.0049375 0.0110239 0.00268078 0.00248138 0.00570538 0.00839958 0.000501623 0.00117194 0.0027917 6.74436e-05 0.000451005 0.000482853 0.00132605 0.0001867 2.25875e-05 1.53564e-05 0.000100273 0.000103675 9.24479e-05 3.50566e-05 3.24374e-06 2.30855e-05 1.77475e-05 1.89081e-06 1.11264e-05 3.33163e-05 1.05151e-05 8.27441e-06
0.724942 0.0201124 0.0464203 0.00641711 0.0997877 0.0157139 0.00378123 0.00861444 0.0176795 0.026384 0.00529527 0.00309036 0.0103819 0.00252013 0.00157044 0.00418058 0.0012317 0.00116533 6.99592e-06 0.000338973 1.23812e-05 0.000149805
0.760366 0.119071 0.00297495 0.0423461 0.00398353 0.00765511 0.0189504 0.00454347 0.00172061 0.00215566 0.00394737 0.00351386 0.0011209 0.00377555 0.0100848 0.00953073 0.000691632 0.000434678 0.00127337 0.000538383 5.02518e-05 6.06855e-05 4.6631e-05 0.000436628 0.000127553 0.000251684 2.22226e-05 2.01995e-06 0.000175628
0.724105 0.124758 0.061051 0.0234137 0.00141053 0.0128936 0.00183451 0.00907525 0.00243498 0.00990353 0.00479485 0.000935535 0.00084744 0.00226407 0.00204148 0.00639682 0.00106147 0.00267546 3.57919e-05 0.000327657 0.00149226 0.00141658 0.00115037 0.000206668 0.000840487 0.00146818 0.000290289 0.000188803 8.99201e-06 0.000401482 0.000102256
0.755523 0.0142171 0.00412426 0.111903 0.00179033 0.0168589 0.0302135 0.0180155 0.00769203 0.00468255 0.00403828 0.00316049 0.00145443 0.00892986 0.00223711 0.00511055 0.000739562 0.000576356 0.00375655 0.000855962 0.0020984 0.000214861 0.000340678 0.00011414 2.41405e-05 0.000180488 0.000338944
0.741928 0.099832 0.00878757 0.052831 0.0052989 0.0111447 0.0102552 0.0170903 0.0129828 0.00349376 0.00525175 0.00867288 0.00703069 0.00256003 0.00321665 0.00418413 0.000611088 0.00147854 0.000645012 0.000121705 0.0010044 0.00117789 0.000102517 5.65344e-05 2.16033e-05 7.93891e-05
0.719677 0.136234 0.014171 0.0387662 0.004789 0.00189985 0.0367248 0.0113631 0.0077081 0.0048062 0.00221445 0.00488205 0.00485647 0.00311951 0.00114576 0.00274868 0.000903026 0.000334025 0.00166286 0.0001691 0.000290912 0.000154315 4.03112e-05 2.22763e-06 0.000532308 2.44751e-05 2.43818e-05 9.97768e-05 6.89605e-05 0.000189842 0.000201815
0.738904 0.0840874 0.0429872 0.0194452 0.0216401 0.0201477 0.00771377 0.00735916 0.00388477 0.00948644 0.00665741 0.0106132 0.00949535 0.00721477 0.000718545 0.000698652 0.00469842 0.00130568 0.000324842 0.000516981 0.000281902 6.00809e-05 0.000580177 0.000344181 0.000263929 2.71551e-05 6.9115e-05 2.35885e-05 1.68557e-05 9.1783e-05 0.000180282 3.50525e-05 1.22393e-05 5.45765e-05
0.746248 0.0188742 0.0799987 0.0541369 0.0272697 0.0201721 0.00700394 0.00374795 0.0121259 0.00276487 0.00572261 0.00320746 0.00710432 0.00371774 0.00149118 0.00437694 0.00144199 9.76208e-05 0.000277184
0.767827 0.0357346 0.100744 0.0130781 0.0173361 0.0103863 0.00326154 0.00499569 0.00120088 0.00405215 0.0183265 0.00507833 0.00140087 0.00319319 0.00237432 0.000750803 0.00387726 0.00163725 0.000887338 0.000670672 8.76426e-05 0.000229081 0.000855528 0.000687719 0.00017096 0.000637172 5.46841e-05 0.000232429 4.51458e-05 7.12438e-05 6.59986e-06 1.82719e-06 1.44923e-05 1.9871e-05 2.06525e-06 2.91106e-06 6.77836e-06 2.47235e-07 1.43926e-05 8.02472e-06
0.671017 0.12162 0.0385639 0.00644495 0.0101527 0.0193337 0.0217535 0.0204428 0.00823143 0.0286216 0.0192841 0.00656807 0.00873694 0.00253193 0.00189959 0.00587752 0.00138056 0.00173222 0.000314516 0.00229076 0.00127457 0.000108391 0.000229788 0.000886636 0.000168062 4.6793e-05 1.48621e-05 0.000103503 9.81323e-05 0.000186221
0.740554 0.00649795 0.107899 0.0116258 0.0284189 0.0445512 0.00694893 0.00751825 0.0088165 0.00115634 0.00312829 0.00646997 0.00921381 0.00911192 0.00255777 0.00165357 0.000144487 0.00134553 0.00014833 0.000985576 4.56231e-05 0.000287337 1.51736e-05 0.000424683 0.000129256 2.93631e-05 5.39843e-05 4.42066e-05 1.70984e-05 6.36836e-06 1.54749e-05 6.14544e-05
0.739441 0.093983 0.00944039 0.0186983 0.0479929 0.0126159 0.0202896 0.0148597 0.0133582 0.000788757 0.00200858 0.00414031 0.00216359 0.0081138 0.00215551 0.00444174 0.00157124 0.000302136 0.00100689 0.000601085 0.000751826 0.000108807 6.30537e-05 2.9522e-05 9.56839e-05 0.00079526 2.28739e-05 7.42277e-05 2.65726e-05 7.93674e-06 2.55511e-06 1.00454e-05
0.768431 0.0141504 0.0221627 0.0438898 0.0924521 0.0174557 0.00975973 0.00287985 0.001076 0.00056744 0.00244895 0.0036251 0.0108551 0.0050731 0.00116199 0.00240161 0.000344166 0.000157316 0.000200187 4.52831e-05 0.000206649 1.99898e-06 0.000181717 9.02427e-05 9.34986e-06 1.7794e-05 9.89112e-05 2.44617e-05 0.000107086 4.20659e-06 5.5983e-05 3.91645e-06 2.62824e-06 9.13509e-06
0.683016 0.146705 0.0384308 0.0407123 0.00425572 0.00699911 0.00466505 0.00402668 0.00972643 0.00699457 0.0123932 0.0197049 0.00682563 0.00278113 0.00328602 0.00241403 3.59125e-05 0.000746544 0.000327177 0.000484133 0.00169767 1.84274e-05 0.0005038 0.00092877 0.000709768 7.35959e-05 0.000733541 4.55184e-05 8.07268e-05 6.07782e-05 0.000102875 3.48304e-05 2.5962e-05 0.000197595 9.003e-05 4.02768e-06 1.97838e-05 5.436e-06 1.10301e-05 2.80127e-05 2.68219e-06 5.66765e-06
0.0913325 0.771137 0.0154333 0.0273407 0.0154958 0.00432242 0.00941326 0.0146224 0.0198012 0.00692441 0.00674767 0.00285496 0.00676018 0.000422699 0.00221599 0.0023094 0.00039012 0.000345871 0.000744175 0.000619867 0.000287739 0.00033548 9.9794e-06 1.2124e-05 1.35468e-05 9.86225e-06 1.92127e-05
0.0384482 0.72553 0.11698 0.0298884 0.016652 0.00973849 0.00524689 0.00740293 0.00718733 0.00444762 0.00633389 0.00516678 0.0073427 0.00124713 0.00540987 0.00335308 0.00114364 0.00308968 0.000618459 0.00167173 0.00035226 0.00071804 0.00056211 0.000589636 7.08642e-06 3.44628e-06 0.000211156
0.713043 0.0326275 0.00910936 0.112133 0.0502255 0.00730025 0.00979483 0.00594281 0.0106935 0.0070307 0.0105127 0.00805676 0.00502575 0.00561142 0.00100952 0.00801312 0.000241925 0.000779742 0.000710246 0.000179506 8.89142e-07 0.00027885 0.000102027 0.000330045 1.66984e-06 0.000447897 6.86649e-05 1.6092e-05 0.00020345 4.3186e-06 0.000266998
0.748886 0.064297 0.0864074 0.00777357 0.00167171 0.0176218 0.00485451 0.00453298 0.0142816 0.00918021 0.0120952 0.002458 0.00684962 0.00688276 0.00389501 0.00480564 0.000912243 0.000416423 0.00116183
0.753163 0.100129 0.00316927 0.0175444 0.0266199 0.00976699 0.042203 0.00193753 0.0138157 0.00538305 0.00563087 0.00240212 0.00101908 0.00487367 0.00831068 0.00251112 0.000379665 0.000293802 0.00016466 0.000145969 2.39176e-05 5.23202e-07 4.65675e-05 0.000177786 2.98166e-05 5.57034e-05 1.48021e-05 1.75413e-05 2.51389e-05 5.19189e-05 1.04011e-05 2.71133e-05 8.26028e-06
0.724951 0.00903804 0.0547402 0.108022 0.00989054 0.00963876 0.00517632 0.012787 0.0129524 0.0132752 0.00415413 0.0074858 0.00968724 0.0032409 0.00676481 0.00175171 0.000975199 7.53734e-05 0.000121267 0.00335594 0.000758073 0.000283015 0.000265766 0.000169406 2.54194e-05 5.35687e-08 8.96474e-05 9.54524e-06 0.000142535
0.754252 0.0200823 0.00733465 0.0165952 0.125611 0.0139304 0.0024857 0.00677875 0.0148307 0.0102234 0.00649793 0.00746261 0.00258235 0.00250152 0.000492048 0.00416415 0.000447623 0.000442772 0.0014124 0.000798321 0.000842826
0.763619 0.0183713 0.0851187 0.0359888 0.00518811 0.00578641 0.0155318 0.0122158 0.00594218 0.00810377 0.00619934 0.00434929 0.00273472 0.00510788 0.00167893 0.014274 0.00150106 9.58664e-05 0.00370502 0.00129724 0.000728945 0.000246045 0.000146402 8.60038e-05 0.000340727 0.000429722 0.000272589 0.00025429 0.000160266 0.00014282 0.000100697 9.2171e-07 5.22964e-05 3.34136e-05 4.3087e-05 0.000101973
0.702312 0.0943811 0.0435295 0.0346742 0.00755571 0.0150056 0.0164657 0.00599805 0.00920951 0.0179064 0.0155862 0.00953388 0.0025279 0.00917693 0.00542387 0.00622061 0.000129769 0.000707428 0.000632286 0.000487835 0.000148073 0.000675084 0.000188831 0.000130286 0.000784855 1.03576e-05 0.000384899 6.45535e-05
0.754172 0.0813669 0.00404782 0.0366216 0.00921155 0.0174545 0.0142507 0.000776415 0.00972746 0.00887291 0.00666418 0.0382381 0.000242543 0.00188104 0.00541395 0.00407015 0.00116398 1.43685e-05 0.00108197 0.000470389 0.0011064 0.000459632 0.000183289 0.00040422 0.000541851 1.19017e-05 8.28059e-05 0.000380812 0.000491899 4.85792e-05 5.08964e-05 0.00017108 1.26808e-05 0.000193701 3.33473e-05 4.33939e-05 2.70451e-05 3.3869e-06 6.71635e-06 9.41207e-07 2.42315e-07 1.06856e-07 5.81723e-07
0.782025 0.00625655 0.106943 0.0101363 0.0267029 0.00297965 0.00480781 0.00807136 0.014752 0.0118691 0.00404128 0.00181681 0.0019752 0.00203657 0.00266529 0.003254 0.00216038 0.00220994 0.000214724 0.00031485 0.000414799 0.000761837 0.000993291 0.00108242 1.71111e-05 0.000299823 0.000584741 1.27837e-05 0.000311506 3.02583e-05 6.66439e-06 2.17063e-05 3.03136e-05 0.000130375 1.7856e-06 9.09797e-06 2.08129e-06 1.43882e-06 3.85533e-06 4.11479e-07 1.21602e-05
0.76606 0.0996074 0.0172578 0.00455587 0.00197339 0.0290642 0.0299768 0.00526758 0.000526297 0.00368664 0.00184871 0.0140854 0.00297829 0.0108356 0.00379674 0.00431934 0.00176063 0.000116117 2.99888e-05 0.000272939 0.000579173 0.000550066 0.000291042 0.000140826 2.17121e-06 0.000197171 6.28012e-06 1.0622e-05 2.16967e-05 1.17432e-05 5.51261e-05 2.48765e-05 4.56218e-07 4.32699e-05
0.753471 0.0844738 0.0135183 0.0149041 0.0384644 0.0129953 0.00896361 0.00902732 0.0409155 0.00510408 0.00589455 0.00390615 0.00088169 0.00265406 0.00187434 7.68077e-05 0.000799423 0.000455471 0.000184861 0.000225219 0.000334442 6.80316e-05 0.000138795 1.13627e-05 5.02424e-05 7.77914e-05 1.37507e-05 8.02729e-05 0.000189344 1.33182e-05 3.2463e-05 3.19469e-05 2.80247e-05 6.77956e-06 4.19947e-05 3.21386e-05 9.16099e-06
0.747473 0.0109445 0.0309106 0.120009 0.00318874 0.0273295 0.0137826 0.00795907 0.00907123 0.0123008 0.00693934 0.00151504 0.00194039 0.00315021 0.000742428 8.74932e-05 4.80766e-05 0.000792132 0.000537436 3.18696e-05 0.000206673 4.28392e-06 0.00016277 2.53635e-05 9.55854e-06 0.000334176 5.63088e-06 0.000144837 1.44376e-06 6.37911e-05 3.6545e-05 1.02531e-05 1.76968e-05 9.84892e-05 8.3157e-06 3.2698e-05 5.59895e-05
0.684045 0.133166 0.0486208 0.00250038 0.0310385 0.00722782 0.00640469 0.00435524 0.0232127 0.0133674 0.00507976 0.0082632 0.00532905 0.00612986 0.00853115 0.00274468 0.00347416 0.00210519 0.000164395 0.000849716 2.55974e-05 0.00136821 0.000229361 0.000292352 1.2349e-05 4.9471e-05 2.60534e-05 0.000263626 9.94526e-05 8.96973e-05 8.85247e-05 0.000172635 4.81113e-05 7.07741e-05 9.49718e-05 0.000130736 3.38435e-06 9.70344e-05 1.39413e-05 6.92793e-05 9.32354e-06 4.17386e-05 9.64505e-06 6.29546e-06 1.64228e-05 7.58834e-06 1.15747e-05 6.16779e-06 5.19795e-06 3.09206e-06 7.72317e-06 1.41959e-06 8.44441e-06
0.721948 0.0984693 0.0180533 0.0525123 0.0113454 0.0042255 0.0230583 0.0149334 0.00259311 0.0133897 0.00509676 0.00133442 0.00869542 0.00632941 0.00242995 0.00434845 0.00128567 0.000862962 0.000743614 0.00139444 0.000971746 0.000342703 4.63891e-05 0.00126173 0.000569411 0.00224678 0.000607898 8.19577e-05 4.8656e-05 4.35949e-05 0.000231113 0.00012214 0.000108689 7.64305e-05 2.5789e-05 4.63671e-05
0.736397 0.0882578 0.00485976 0.0557367 0.0489351 0.0048582 0.00500381 0.00802095 0.00677411 0.00514814 0.00537498 0.00565292 0.00460384 0.00559347 0.00523406 0.00341513 0.000841752 2.50677e-05 0.000711185 0.00308661 5.80425e-05 0.000316078 0.000116234 5.49418e-05 0.000140771 4.52571e-05 0.000171838 5.24349e-05 0.000101588 2.85001e-05 5.26905e-06 0.000102063 4.50532e-05 1.43083e-05 2.55594e-05 8.36808e-06 5.3276e-05 1.57238e-05 1.88733e-05 1.06056e-05 3.94922e-07 3.60547e-05
0.719262 0.0215855 0.040069 0.00730059 0.125446 0.0157222 0.00329319 0.0075019 0.0146214 0.0150055 0.00137161 0.0098458 0.00143531 0.00238608 0.00212106 0.00832989 0.000927266 0.000476624 9.75491e-05 0.000399763 0.000295267 0.000765096 0.000164722 3.47476e-05 0.000597849 0.000181799 0.000149239 8.05187e-05 7.2789e-05 5.21166e-05 0.000310651 2.43648e-05 2.2502e-05 1.47723e-05 2.49015e-07 7.7508e-06 6.3526e-06 6.48207e-07 7.50051e-06
0.699691 0.126965 0.0141113 0.0157254 0.00876749 0.0620346 0.0221669 0.00358696 0.00472045 0.00502853 0.00649569 0.0116267 0.0108607 0.00178091 0.000698951 0.000341887 0.002834 2.8657e-05 0.000327179 0.000513505 4.5246e-05 2.56488e-05 0.000436163 0.000446765 7.92653e-05 5.66847e-06 0.000187977 1.20123e-05 1.33414e-05 5.09485e-06 0.000194336
0.731973 0.108718 0.0173965 0.0139202 0.0352913 0.0193694 0.00590186 0.00810472 0.0132006 0.022293 0.01072 0.00213518 0.0010151 0.00387156 0.00406423 0.000606758 0.000576612 0.000311716 3.1205e-06 2.76866e-05 4.12807e-05 0.000133433 2.0808e-05 0.00011487 8.42197e-05 4.29482e-05
0.746271 0.0102437 0.122168 0.0567096 0.0196697 0.00944594 0.00416343 0.00365205 0.00116356 0.00191821 0.00268777 0.00555283 0.00604736 0.00448157 0.00157463 0.000933881 1.72624e-05 7.21342e-05 0.000182265 0.000525619 0.000417491 0.000686008 0.000448612 8.63351e-05 0.000134311 0.000249604 7.68154e-06 9.15604e-05 2.67304e-05 4.98522e-05 2.37521e-05 6.04851e-05 1.97605e-07 1.39028e-05 7.80929e-05 1.34157e-05 5.24009e-06 1.60399e-05 6.70887e-05
0.722867 0.115838 0.0454678 0.0172419 0.0149378 0.00261674 0.00532931 0.0101586 0.0233323 0.00769533 0.0127232 0.0031189 0.0033634 0.00536589 0.00355793 0.0030964 0.000514344 9.24847e-05 0.00126118 0.0001771 0.000147598 3.43558e-05 0.000288392 2.85514e-05 0.000186552 3.10163e-05 8.28929e-05 0.000114783 3.07108e-05 6.6187e-05 4.42219e-05 0.000103306
0.738567 0.127477 0.00727323 0.0285492 0.0214542 0.00703897 0.0197007 0.0120866 0.00777833 0.00404623 0.00319374 0.000664708 0.00877651 0.0024713 0.00463508 0.000299742 0.00264691 0.000132702 0.000783801 0.000568121 0.000228341 0.000501611 8.19859e-05 9.08293e-06 0.000158662 0.000118136 0.000279892 0.000186194 0.000174195 1.87553e-05 9.75597e-06 1.1341e-05 4.86481e-06 2.01695e-05 7.17092e-06 1.25013e-05 6.21921e-07 7.31765e-08 8.46068e-06 3.49102e-06 9.18022e-07 7.50349e-06
0.744417 0.103316 0.00150938 0.0200144 0.0324194 0.00237585 0.0249018 0.0104121 0.0249306 0.00115697 0.00439165 0.00163461 0.00958094 0.00101482 0.00698986 0.00507249 0.00102408 0.000179978 0.000847125 0.000399258 0.000763984 0.00027206 0.000836969 5.71203e-05 0.000174062 0.000575357 0.000454285
0.774306 0.0134679 0.0798513 0.00986522 0.00491412 0.00687019 0.0319755 0.0103878 0.0128247 0.0148353 0.00486129 0.0135549 0.0138108 0.00273432 0.000237142 0.00100453 0.00194176 0.000679066 0.000304964 0.000414857 4.34264e-05 3.96672e-05 8.16776e-05 7.0264e-05 1.40969e-05 1.01995e-05 0.000298538 0.000165497 0.000227988 0.000110535 1.799e-06 2.40573e-05 1.6608e-05 4.27342e-06 9.29358e-06 6.32754e-06 1.2304e-05 5.7649e-06 4.6301e-06 2.22813e-06 2.24376e-06 8.21799e-07 1.6036e-06 3.0705e-08 2.51479e-06 4.63774e-07
0.723012 0.122841 0.0072882 0.0399286 0.0283167 0.0174264 0.00489094 0.00717356 0.00375737 0.00334603 0.0100686 0.00686783 0.0025221 0.00569766 0.00524058 0.00353623 0.0032578 0.00128213 0.000293589 0.00084275 0.000883496 0.000611447 0.000316502 3.4358e-05 0.000328553
0.740537 0.01801 0.0194456 0.105661 0.00809332 0.00127588 0.0179334 0.0132147 0.0201374 0.00967429 0.00191266 0.00610609 0.00889955 0.00482385 0.00933048 0.0013479 0.00481519 0.00655796 0.000701454 0.000392214 0.00045018 8.22625e-05 0.000117606 7.19521e-05 0.000148264 0.000103718 6.1639e-06 3.22494e-05 5.01196e-05
0.744267 0.0936364 0.0491082 0.010709 0.0326573 0.00424904 0.00457751 0.00894897 0.00753963 0.00575609 0.00412067 0.00351013 0.00592455 0.00814857 0.00254689 0.00909842 0.000747257 0.000239138 0.00269817 0.000328607 0.000179406 0.000218634 8.08898e-05 9.76842e-05 1.25715e-05 2.31507e-05 7.9835e-06 0.000121424 0.000201572 3.2268e-05 2.20705e-05 4.65769e-05 6.07586e-06 4.57811e-05
0.75045 0.0429618 0.0856544 0.0144869 0.00934135 0.0144725 0.00602493 0.00537081 0.00981698 0.010309 0.0170326 0.00453861 0.0116889 0.00343719 0.00244145 0.00557276 0.000642085 0.00102999 0.000467002 0.00013267 0.000633861 0.000510428 0.000388779 0.000866037 7.34943e-05 0.000961773
0.0273563 0.774908 0.00876823 0.0945349 0.0159787 0.0141648 0.0121403 0.00996825 0.000692718 0.00341886 0.009747 0.0154591 0.000630826 0.00181138 0.00258629 0.00557339 0.000132395 0.000296443 0.000458372 0.000179614 4.19933e-05 0.000120965 0.000262513 0.000418523 0.000153087 9.56356e-06 4.22017e-06 2.22294e-05 2.8781e-05 7.97499e-05 5.54575e-06 2.81464e-06 1.42231e-05
0.741579 0.0657723 0.107444 0.00367702 0.0165162 0.00740027 0.00697015 0.00144951 0.0103106 0.00771797 0.00206358 0.00992304 0.00938012 0.00266594 0.00257985 0.00102914 4.899e-05 0.000230232 0.000442683 0.000139035 0.00150063 9.30918e-05 0.000217808 0.000187922 5.47166e-05 0.000474166 1.85512e-05 3.50915e-06 2.32774e-05 2.19459e-05 1.22439e-05
0.715872 0.0212464 0.127031 0.0119742 0.0295456 0.0157954 0.0102869 0.00362291 0.0102458 0.00936559 0.00828716 0.00840857 0.00263698 0.00178595 0.00399888 0.00550992 5.29613e-06 0.000705085 0.00244881 0.000929076 0.00164553 0.00156484 0.00134938 0.000851629 0.00157071 0.000199436 0.00120212 0.000253136 0.0011371 3.17793e-05 9.00223e-05 8.41317e-05
0.675453 0.142581 0.0547799 0.0393626 0.0110439 0.0174016 0.00286409 0.00373532 0.00797674 0.00529664 0.00734087 0.0108387 0.00289373 0.00183226 0.001163 0.00354858 0.00501644 0.000388812 0.000592909 0.00134222 0.00244922 0.000304097 0.000309711 0.00017442 0.000612318 1.88325e-05 6.62334e-05 0.000116836 0.000244691 1.21214e-05 8.25556e-05 3.11075e-06 6.31295e-05 2.41435e-05 1.25162e-06 4.71643e-05 7.0092e-06 3.61945e-06 2.87266e-06 5.0695e-07
0.745316 0.107487 0.0132311 0.05014 0.00222413 0.0113939 0.0134383 0.0199943 0.0140592 0.00128523 0.00279524 0.00870438 0.000276985 0.00260533 0.0023366 0.00332139 4.70035e-05 8.89157e-05 7.00956e-05 0.000564912 5.91098e-05 3.45462e-05 3.20872e-06 0.00011433 3.89397e-05 2.64267e-05 4.06837e-05 6.07638e-05 7.36386e-05 4.08837e-05 1.64771e-05 1.74799e-05 1.35564e-05 1.21709e-05 2.55294e-06 3.90527e-06 4.1639e-05
0.776828 0.009407 0.0212479 0.00792714 0.0834821 0.0142237 0.0162631 0.0213205 0.0156686 0.00510018 0.00125606 0.00559401 0.00464145 0.00183445 0.00236562 0.00113427 0.00593397 0.000357961 0.00138738 0.000782971 2.91523e-05 0.0015977 0.000315194 0.000419123 0.000149769 0.000278365 2.47518e-05 5.76714e-06 2.66225e-05 9.89711e-05 1.78576e-05 1.11258e-05 0.00011852
0.737822 0.105215 0.0368857 0.0184949 0.0173349 0.0258229 0.007193 0.00597551 0.000981229 0.00322336 0.00417855 0.0100708 0.0119076 0.00641388 0.00359768 0.00116969 0.000108721 0.000205005 0.000113717 0.000284273 0.000377165 0.000476626 0.000660989 0.000951574 6.56206e-05 8.66491e-05 2.51773e-06 2.61368e-05
0.803098 0.0569019 0.00429857 0.0294238 0.0063494 0.00287187 0.0132082 0.00348594 0.0270858 0.0115611 0.00677115 0.00344192 0.00848598 0.00828511 0.00279488 0.00185869 0.00438142 0.000435147 0.00049612 5.75683e-05 0.000445357 0.000911637 0.000663435 0.000308924 0.000585278 0.000133788 0.00148488 9.53477e-06 4.4377e-05 4.8511e-06 5.62258e-05
0.773921 0.113153 0.00036781 0.00116396 0.0187867 0.00692604 0.0157717 0.0107243 0.00221061 0.017294 0.00993064 0.00125494 0.00327934 0.0141419 0.00439065 0.00144181 0.000951933 0.000211267 0.000186349 0.000318951 4.03533e-05 0.000367779 0.000185725 0.00116442 2.56114e-05 4.94799e-05 0.000237098 0.00025145 0.000107246 6.66802e-05 0.000304739 0.0002635 0.000307517 3.7533e-05 3.83706e-06 1.82437e-05 2.43935e-05 3.22726e-06 2.56366e-05 1.39186e-05 2.11901e-06 3.24458e-06 3.31951e-05 1.55888e-05 1.50446e-05
0.741135 0.0336078 0.0105132 0.092911 0.0514018 0.00783399 0.0262809 0.00201878 0.00851446 0.0062472 0.0017255 0.00194974 0.00101788 0.00617888 0.00139865 0.00176992 0.00347268 0.000906644 7.09724e-06 0.000314628 5.72338e-05 8.10781e-05 5.45357e-05 0.000128666 7.73082e-05 9.31191e-06 4.70073e-05 0.000130394 4.77231e-05
0.723856 0.122577 0.0185307 0.0204246 0.00107967 0.00557372 0.0375668 0.00768848 0.0129784 0.00751203 0.00185336 0.0100586 0.0123669 0.00206565 0.000659909 0.0023156 0.00186601 0.000782511 0.000886052 0.0027706 0.00101708 0.000505736 0.00116428 0.000194325 0.000550249 0.00130021 0.000219027 0.000270421 0.000142359 0.000372726 0.000211551 9.00497e-06 6.25357e-05 5.00742e-05 0.000144438 1.35205e-05 9.45541e-05 0.000114707 5.91804e-06 9.02215e-06
0.778534 0.00485655 0.0114645 0.0492787 0.100212 0.00338334 0.0028762 0.00645385 0.00724334 0.00394426 0.00279866 0.0127257 0.00459736 0.001606 0.00247245 0.00317148 5.12024e-05 0.000790912 0.00124955 0.000957974 6.32353e-05 0.000419768 0.000315122 6.44949e-05 0.000119816 0.000114935 6.62103e-05 5.99116e-05 2.72709e-05 7.53698e-06
0.738013 0.159235 0.00215289 0.0237341 0.00418599 0.0102506 0.0118942 0.00670598 0.00788258 0.00515678 0.00538466 0.015928 0.00105948 0.0039916 0.00014274 0.00122724 0.000205082 0.000364027 1.20493e-05 4.95324e-05 0.000513289 0.0009757 0.000410283 3.74732e-05 6.12784e-05 8.9574e-06 2.92858e-05 1.83803e-05 2.82768e-06 3.39979e-05 0.000106541 5.21864e-05 8.35799e-06 7.43382e-06 2.4332e-05 4.55906e-05
0.736412 0.125324 0.0136888 0.0227002 0.00883716 0.0117948 0.0186089 0.00250641 0.00784506 0.00919325 0.00682192 0.00242696 0.00407466 0.00343522 0.00236102 0.0114411 0.0052801 0.000620914 0.00150328 0.00198971 0.000729481 3.26215e-05 0.000246205 0.000265629 0.00103735 0.00014192 0.000249768 1.05934e-07 2.27216e-05 4.17384e-05 3.60952e-06 1.69463e-05 4.81386e-05 8.57776e-05 4.11403e-05 6.94357e-05 1.83726e-05 6.20694e-06
0.77432 0.00388566 0.0100278 0.0886028 0.0504995 0.00734189 0.0054201 0.0208913 0.00138823 0.00483234 0.00565865 0.00521462 0.00520487 0.00703913 0.00412934 0.00201749 1.2645e-05 0.000542954 0.000334711 0.000592711 0.00109757 0.000176599 0.000237997 3.56145e-05 0.000144606 0.000150809
0.716303 0.114757 0.0267767 0.00535986 0.0375172 0.00495766 0.00718067 0.0328656 0.0069884 0.000661973 0.0137885 0.0116982 0.00290343 0.00298277 0.00153311 0.00278939 0.00148171 0.000923694 0.00426309 0.000430926 0.00105899 0.000693501 0.00146214 2.01936e-05 1.45709e-05 7.36116e-05 0.000307323 1.78699e-05
0.713132 0.14824 0.0221257 0.0183475 0.0348224 0.00754019 0.0102208 0.00753399 0.00184395 0.0036351 0.00595425 0.0072622 0.00131292 0.00659306 0.00345252 0.00233296 0.000292309 0.000172843 0.00261518 0.00021336 0.000579014 6.4395e-06 0.000570053 0.000451857 0.000128308 0.000190833 4.33399e-05 4.7058e-06 3.66754e-05 6.28263e-05 1.94657e-05 1.5839e-05 0.000121074
0.710379 0.104576 0.0736658 0.0165946 0.00411777 0.00267005 0.00472816 0.0310656 0.00125704 0.0089256 0.0152555 0.00405347 0.00933177 0.00181666 0.00140193 0.00408132 0.000476506 0.000851506 0.00163499 0.000616128 7.90301e-06 0.00114595 0.000107732 0.000113056 0.000899922 0.000111732 1.55984e-05 3.7059e-06 1.53396e-05 8.57951e-06 1.0967e-06 6.82642e-06 3.86462e-06 4.7031e-06
0.760639 0.0956201 0.0286616 0.029783 0.0107665 0.019903 0.0151886 0.000844374 0.00700072 0.00532214 0.0036147 0.00735104 0.00551307 0.000500476 0.00192675 0.00497914 0.000131576 0.000301344 0.000219861 0.000189372 0.000438909 0.000100348 0.00040537 0.000121853 1.15724e-05 3.74766e-05 0.000189975 3.43471e-05 7.36414e-05 3.70937e-05 7.19491e-06 4.48089e-06 1.35063e-05 4.83161e-06 2.72557e-05
0.738038 0.0241604 0.100516 0.0209966 0.0403989 0.00993753 0.00960211 0.003212 0.0116068 0.00446462 0.00945211 0.00340273 0.0061402 0.00300633 0.00233183 0.00798869 0.00121921 0.00243793 0.000814438 7.7886e-05 3.06031e-05 1.37752e-05 5.06571e-05 4.55023e-06 1.50802e-05 9.2031e-06
0.740471 0.104509 0.0166944 0.0214423 0.000952314 0.00824419 0.00759129 0.0109317 0.0117745 0.00417366 0.0125015 0.00867532 0.0109339 0.0228123 0.00152519 0.00307179 0.00502353 0.00110593 0.000144488 0.0012043 0.00119379 0.00122254 0.00237007 0.000145618 0.000163037 0.000193026 0.000160446 9.09515e-05 7.46202e-05 8.48179e-05 1.94457e-05 6.77253e-08 0.000166221 3.07404e-05 3.16701e-05
0.761242 0.0215656 0.0885994 0.0490328 0.00777917 0.00502764 0.00724297 0.0230334 0.00133186 0.00610458 0.000650257 0.00246139 0.00462753 0.0014836 0.00754563 0.00847764 0.00256321 9.63176e-05 0.000213841 1.24613e-05 3.41298e-05 7.00367e-05 0.000101487 0.000265506 0.000102997 1.45613e-05 8.37483e-06 7.55767e-06 8.66106e-05 1.23374e-05 5.4887e-05 2.42911e-05
0.734103 0.0406451 0.110123 0.0247989 0.0143358 0.00156281 0.00597805 0.0103937 0.0081459 0.00492461 0.0111152 0.000545615 0.00898323 0.00582255 0.00552895 0.00146917 0.000664932 0.00239906 0.000261306 0.00196156 0.00273517 0.00121772 0.000191867 3.60956e-05 6.46118e-05 0.000455086 5.2989e-05 0.000627457 0.000380001 6.72383e-05 8.21057e-05 5.48322e-05 6.7946e-05 4.38463e-05 4.43202e-05 4.02541e-05 4.68473e-06 1.49557e-05 1.15108e-05 2.3027e-06 8.62829e-06 2.24932e-06 9.01574e-06 3.64584e-06
0.725403 0.114589 0.0547271 0.019065 0.00504906 0.00122356 0.00675251 0.0115139 0.00683476 0.0114892 0.00671017 0.0170854 0.00555976 0.0020825 0.00182566 0.00202711 0.001375 1.74871e-05 0.00135286 0.000788442 0.00161953 0.000121646 0.00181722 9.95868e-06 0.000107175 9.58527e-05 2.60981e-05 0.00036454 0.000102635 3.75368e-05 7.93698e-05
0.75989 0.00888398 0.107014 0.0091523 0.0130909 0.00405805 0.00730551 0.035397 0.00690336 0.0134217 0.00183926 0.00990225 0.00132724 0.00475431 0.00878876 0.00581671 0.00054681 0.000406255 0.000215216 0.000297973 8.55899e-05 5.72001e-05 7.13131e-05 0.000139886 0.000228016 3.05209e-05 6.91513e-05 0.000122419 6.39653e-05
0.739999 0.0382633 0.128345 0.0146505 0.0131693 0.014394 0.00256774 0.00173426 0.0101789 0.0132595 0.00523608 0.0033657 0.00465793 0.00378012 0.000541707 0.0038808 0.000239187 1.05107e-05 0.000339843 8.53801e-06 0.000410038 0.000251511 6.89776e-05 9.73898e-05 4.16981e-05 2.306e-05 6.28644e-05 0.000106799
0.741281 0.132406 0.00553095 0.00470895 0.00465295 0.0364834 0.00232395 0.0111987 0.00748335 0.00989083 0.000975434 0.0124048 0.0111387 0.00614632 0.00335879 0.0043129 0.00251545 0.00106444 0.000610289 0.000297812 0.00025694 0.000171333 9.52507e-05 2.02318e-05 0.000430794 1.45268e-05
0.722928 0.0296335 0.0727663 0.0229128 0.0488762 0.00569039 0.0282486 0.0108749 0.00805875 0.00752956 0.00671108 0.0119518 0.00713635 0.00490178 0.00694093 0.00130771 0.00157931 0.000245037 0.000103059 7.97239e-05 0.000287648 6.48837e-06 0.000422107 0.000211612 3.46122e-05 0.000108134 6.5467e-05 0.000110585 1.28948e-05 3.31361e-05 4.86229e-05 9.33258e-06 6.10714e-05 1.63187e-05 5.31442e-06 3.06675e-06 2.47194e-05
0.698346 0.0760436 0.0968431 0.0106623 0.0151064 0.0115548 0.00357548 0.00882399 0.0143367 0.0113431 0.00179259 0.0170086 0.00426153 0.0103222 0.0110395 0.00198784 4.02395e-05 0.0033572 0.000251795 0.000112373 0.000493195 0.00164115 1.44331e-05 0.000283696 3.58593e-05 0.000179701 0.000150554 2.81218e-05 4.60684e-05 9.63221e-05 7.63233e-05 2.22974e-05 1.63926e-06 2.32374e-05 4.34259e-05
0.805685 0.102808 0.0163395 0.00654661 0.0179809 0.0100115 0.00873304 0.00289974 0.00654665 0.00255404 0.00279454 0.00434429 0.00112101 0.00447991 0.000238137 0.0026475 0.000981977 0.000951306 0.000643625 0.000262771 0.000356697 0.000131071 7.35549e-05 0.000140937 0.000249371 6.92992e-05 0.000161485 8.18916e-05 2.54949e-06 2.71196e-05 2.41709e-05 3.54156e-05 1.33979e-06 4.87065e-06 1.8164e-05 1.55787e-05 1.68066e-06 4.95766e-06 3.37642e-07 1.41695e-05
0.751094 0.0119895 0.0194853 0.0370999 0.120121 0.00389921 0.00215179 0.00543933 0.00937484 0.0123357 0.00436448 0.00192127 0.00125012 0.00347954 0.00499105 0.00702525 0.000242497 0.000744304 0.00010932 0.00117445 0.000190875 7.33635e-05 4.13802e-05 0.000212261 8.69538e-05 0.000128571 0.000198821 0.000188441 3.3609e-05 7.54758e-05 0.000278147 4.28846e-05
0.13441 0.704246 0.0599997 0.0147279 0.0107611 0.00156317 0.00127956 0.00640095 0.00271468 0.00329871 0.00855625 0.00412756 0.0108825 0.00823311 0.0185716 0.00159536 0.00108666 0.00363871 0.000210044 8.87239e-05 0.00138076 0.000226787 0.000169891 0.000139077 0.000297713 1.81895e-05 0.000373888 5.9293e-05 0.00026167 0.000175405 0.00010919 3.42611e-05 4.00216e-05 3.09844e-05 1.69034e-05 7.2823e-06 2.27895e-05 0.00012939 5.34192e-06 2.47297e-05 8.38029e-07 7.78705e-06
0.744593 0.00124753 0.00513345 0.0164407 0.126429 0.00228944 0.0140251 0.0402318 0.00537313 0.0133749 0.00157587 0.0126503 0.00277301 0.0048238 0.00177136 0.001957 0.000273423 0.00104276 0.00179026 0.000118134 0.000880065 0.000137432 2.38253e-05 3.16951e-05 9.71131e-06 6.31758e-05 0.000291782 0.000163316 0.000174987 4.97297e-05 9.22488e-05 6.50714e-06 2.67229e-06 1.6571e-05 3.26004e-05
0.772448 0.0265576 0.00984193 0.0857934 0.00921254 0.0425525 0.0106084 0.00294084 0.0110561 0.0059596 0.00181295 0.011667 0.000812465 0.00246095 0.000688485 0.00291761 0.0008967 0.000852511 1.44102e-05 0.000515505 0.000123501 2.09306e-06 7.84795e-06 6.13033e-06 7.31038e-05 1.04288e-05 2.29645e-05 1.39024e-05 2.14304e-05 2.10129e-08 1.16436e-05 5.33728e-06
0.7583 0.120529 0.0109652 0.0115057 0.0054921 0.00771125 0.0384592 0.00883466 0.00221609 0.00428961 0.00264248 0.00433642 0.000555672 0.00806637 0.00449779 0.00521276 0.00184377 0.00145472 0.000129079 0.00021944 0.000297214 0.000311194 0.000184535 0.000228722 0.000132193 0.000397145 1.2931e-05 0.000106627 0.000233735 2.25203e-05 0.000246 0.000263193 3.08739e-05 5.05732e-05 9.64518e-06 0.000124659
0.736261 0.00938438 0.0608186 0.100392 0.0161394 0.0218331 0.0205892 0.00979417 0.00535614 0.00234399 0.00314521 0.00128053 0.00255398 0.00121134 0.0038812 0.000778282 0.000178195 0.0014446 0.000109411 1.09849e-05 0.000602947 0.00012817 5.73239e-05 0.000150468 0.000472559 7.51246e-06 4.40302e-05 0.000111118 3.00065e-05 0.000301697 0.000103905 4.27261e-05 4.25634e-05 2.12847e-05 4.87118e-05 1.27804e-05 0.000139301 6.99148e-06 7.55388e-05 1.82573e-05 3.08148e-05 6.39879e-06 1.04679e-05 1.93106e-06
0.0177922 0.711318 0.0135956 0.126252 0.0101637 0.0382082 0.00795488 0.0186137 0.0103819 0.0100287 0.00384635 0.010274 0.00252133 0.00453302 0.00703411 0.00047238 0.000990607 0.00144753 0.000265016 3.73794e-05 0.00101588 0.000612542 0.000580708 0.000368035 3.8118e-05 0.000244644 0.000219302 0.000389215 0.000119057 5.74415e-05 0.000155368 5.11447e-06 3.74545e-05 8.24777e-05 0.000172327 1.37843e-06 1.29793e-05 0.000106969
0.773235 0.101084 0.00874109 0.00303037 0.0143454 0.00259337 0.0245613 0.00205114 0.0307422 0.00156188 0.004776 0.0108302 0.0038167 0.00232202 0.00116887 0.00801915 0.00102279 0.00035643 0.000535014 0.00135145 7.33904e-05 0.00131879 0.00102945 0.000193918 0.000147618 3.76707e-06 3.65557e-05 0.000217074 4.71759e-05 0.000303323 0.000101658 0.000139928
0.781652 0.085142 0.00904822 0.0164223 0.00654277 0.0282479 0.00847691 0.024931 0.00421081 0.00405261 0.00903358 0.00780748 0.00332457 0.00287616 0.000477553 0.00297427 0.000887262 0.00146867 0.000116973 0.0003609 0.000103886 0.000780811 0.000130406 0.000154389 5.20441e-05 0.000242273 5.17275e-05 5.97039e-05 5.33665e-07 2.50156e-06 0.000200458 1.82135e-05 2.91919e-05 6.64554e-05
0.731457 0.00965268 0.121048 0.0559732 0.00411889 0.0130376 0.00774673 0.00112799 0.010277 0.00747905 0.0158355 0.00720776 0.00438229 0.00304101 0.00294253 0.000642942 0.00106316 0.000196145 0.000307895 6.52967e-05 0.000741479 0.000429721 0.000576426 0.000205976 4.10901e-05 2.95515e-05 2.39642e-06 8.145e-07 4.73615e-05 4.28134e-05 6.15089e-05 0.000107153 7.39006e-06 4.78072e-06 3.38664e-05
0.770188 0.0871518 0.00735907 0.0442733 0.00958271 0.0348873 0.00446192 0.000782074 0.0107429 0.00348742 0.001875 0.00253611 0.00286431 0.00711893 0.0029814 0.00105353 0.00132523 0.00190262 0.00100011 0.000104901 0.00158953 0.000644718 4.32653e-05 0.000517077 2.80151e-05 0.000160122 7.69289e-05 0.000255444 7.87571e-05 0.000193725 0.00016528 0.000344838 5.3715e-05
0.783773 0.0687028 0.0334053 0.0433337 0.00698114 0.00144803 0.0164006 0.0104441 0.000749114 0.00760873 0.00558578 0.00661911 0.00564444 0.00213873 0.000931568 0.00181953 0.000286741 0.000689955 0.000108571 0.00112778 0.000778691 0.000123009 0.000155125 0.000813382 8.65848e-06 1.26218e-05 3.69738e-05 3.25838e-05 3.78176e-05 1.16668e-05 4.61837e-06 2.04859e-06 4.06452e-05 1.59211e-05 1.90866e-06 1.54054e-05 3.19328e-05 1.35896e-05 9.38151e-07 1.93148e-06 7.31284e-06
0.759478 0.124872 0.0181972 0.0257361 0.0125904 0.0188407 0.000983145 0.0063577 0.00390456 0.00327874 0.00948595 0.00438094 0.00480571 0.00299403 0.00203538 0.000847559 2.28824e-05 1.39908e-05 3.34219e-05 0.000133387 0.000157377 0.000403714 0.000170592 6.86856e-05 1.65328e-05 1.79321e-05 2.64635e-05 8.90658e-05
0.791848 0.068068 0.00725424 0.0481516 0.0152228 0.00444663 0.00888581 0.00663849 0.00303991 0.00699693 0.0174989 0.00236049 0.00359774 0.00605314 0.00726682 0.000361371 0.000631199 0.00106465 4.43983e-05 0.000143209 2.85117e-05 0.000137578 7.25341e-05 2.53451e-05 2.9916e-06 9.18649e-06 3.63341e-05 7.63896e-06 4.26e-05 1.48335e-06 1.52822e-05 1.38826e-05
0.787698 0.00666273 0.0987741 0.00523448 0.0267911 0.0063919 0.00555825 0.023133 0.0066664 0.0124831 0.00268461 0.0029397 0.00251625 0.00223318 0.00271188 0.00251576 0.000676318 0.000776672 0.00134557 0.000127695 0.000803116 4.41283e-06 0.000144345 0.000106906 0.00020513 1.50086e-05 0.000387566 0.000163244 6.92189e-05 3.5665e-05
0.736716 0.135111 0.0501095 0.00148311 0.0203723 0.00552824 0.0142901 0.00865916 0.00632966 0.00628878 0.00351952 0.0020259 0.00254142 0.0012084 0.00267899 0.00104904 0.000544942 0.000162092 0.000213305 0.000203211 0.000119311 0.000441854 1.67964e-06 7.41155e-05 3.84773e-05 0.000116317 5.28627e-05 2.04523e-06 1.19378e-05 2.96717e-06 8.64913e-06 2.29472e-05 2.43673e-05
0.759905 0.097211 0.0378327 0.000611996 0.0193771 0.010826 0.00604428 0.00303388 0.0103142 0.00854557 0.0091425 0.00996454 0.00512036 0.0112445 0.00509088 0.000181379 0.00178907 0.00110031 4.3604e-05 0.000208739 0.000134075 0.000405223 0.000440371 7.91645e-05 0.000122016 1.21611e-05 0.000366192 0.000113105 0.000206363 0.000223857 8.85549e-05 9.00426e-05
0.779491 0.0250808 0.103424 0.0118647 0.00518134 0.0283376 0.00843853 0.00738922 0.00047387 0.000968786 0.0185108 0.000825132 0.00397148 0.000517843 0.00174475 0.00030421 0.000779459 0.000319419 0.000443301 0.000312836 0.000127118 0.000475135 0.000136327 2.60213e-05 0.000445853 0.000179325 4.1977e-05 6.50218e-05 4.13805e-05
0.725657 0.120189 0.0117315 0.0532418 0.0167472 0.0115036 0.00958589 0.00577286 0.00896393 0.00509008 0.0129402 0.00142572 0.00908723 0.00434089 0.000752021 8.81214e-05 0.00155483 0.000454826 0.000267927 1.08467e-05 6.54837e-05 0.00018528 3.17964e-05 0.000123381 2.56133e-05 3.70722e-05 5.36913e-05 2.18714e-05 6.28706e-06 1.13153e-06 7.05443e-06 5.64258e-06 1.11476e-06 4.15186e-06
0.776716 0.0802651 0.0221278 0.0589403 0.00683079 0.0101671 0.00232543 0.0110951 0.0038402 0.00165732 0.00201033 0.00603873 0.00737574 0.00298447 0.00170743 0.00443921 0.0002658 0.000192404 1.0636e-05 9.90356e-05 5.90355e-05 0.000142407 0.000277099 0.000106624 6.6964e-05 9.71028e-05 3.58045e-06 2.6128e-06 5.37735e-06 1.09893e-05
0.710735 0.0113163 0.0175712 0.0896254 0.0370336 0.0306639 0.0176548 0.00197107 0.0243219 0.00100989 0.00668757 0.00175971 0.0208827 0.00439487 0.0131149 0.00179625 0.0022931 0.000141585 0.000720927 0.00146404 0.00127238 0.00042468 0.000338986 0.000653428 0.000178109 0.00056206 4.52169e-05 0.000189798 2.524e-05 0.000618394 0.000176358 0.00018138 1.51529e-05 3.31117e-05 2.40792e-05 6.2792e-05 7.12551e-06 7.72995e-06 6.22875e-07 4.1919e-06 8.72098e-07 4.50054e-06 2.29899e-06 6.35326e-06
0.761701 0.0162417 0.0756289 0.0264107 0.0144168 0.0302424 0.0123651 0.0114271 0.0135373 0.0035555 0.00491979 0.0069218 0.00546689 0.00848139 0.00409923 0.000318221 3.41781e-05 7.48637e-05 5.7163e-05 0.00245329 0.000310397 0.000177419 9.3976e-05 1.79253e-05 0.00030021 0.000358641 0.000110312 5.95132e-05 5.30357e-05
0.767035 0.0214081 0.00218857 0.0998824 0.00362158 0.00989429 0.00905239 0.0192524 0.00873306 0.00921482 0.0246212 0.00689771 0.00139612 0.00846519 0.00242174 0.000750161 0.00172108 0.000870464 0.00075135 0.000357233 0.000112409 0.000326944 9.75828e-05 0.000162633 1.3218e-05 8.55001e-05 0.000208562 0.000108226 1.39203e-06 6.10442e-06 7.38567e-06 3.28925e-05 0.000197413
0.771275 0.0106534 0.00457917 0.079843 0.00465016 0.0363538 0.018506 0.0294586 0.00927311 0.00680196 0.00378158 0.0093584 0.00455357 0.00522984 0.00194304 0.000256241 0.00122898 0.000142121 0.000197872 4.74798e-05 0.000687987 0.000213278 0.000417154 1.36582e-05 0.00026173 2.29798e-05 1.6114e-05 7.5592e-05 4.05105e-05 9.03278e-05
0.762273 0.0202472 0.0316705 0.0694143 0.0250016 0.00975736 0.0111733 0.0064669 0.0148387 0.00420455 0.0125568 0.00814513 0.00829171 0.00821694 0.00243112 0.000115184 0.00050422 0.00117066 0.0024153 0.000447944 0.00010024 8.01235e-06 1.12468e-05 2.43745e-05 2.36241e-05 1.53257e-05 0.000259984 7.09741e-05 2.94782e-05 4.39619e-05 1.29855e-05 4.88663e-05
0.735608 0.124561 0.0484171 0.00412925 0.0242997 0.0106163 0.00383023 0.0102696 0.00302551 0.00175121 0.0129505 0.00418388 0.00695178 0.00228833 0.0022604 0.000628432 0.000242326 0.000519136 0.00139421 8.41692e-05 0.000817108 0.000160723 5.06994e-05 0.000254918 0.000130879 0.000162 5.9207e-05 8.69441e-05 4.50997e-05 2.79102e-05
0.727054 0.0258965 0.112138 0.00381331 0.0168019 0.0471737 0.00222792 0.0144932 0.0136664 0.0128348 0.0039725 0.00158803 0.00241517 0.00787038 0.000374169 9.32486e-05 0.00234329 0.000424326 0.000668609 0.000424491 0.000479354 0.00209192 4.1582e-05 1.40238e-05 0.000252362 0.000498078 6.74074e-05 2.17154e-05 2.89108e-05 5.27284e-05 3.1373e-05 1.392e-05 1.4002e-05 2.40072e-06 1.07583e-05 2.64117e-06 1.5653e-05 1.79906e-05 1.26418e-05 2.0893e-05
0.796179 0.00256153 0.111 0.00544749 0.00150988 0.0040156 0.00222175 0.00122186 0.0085892 0.0296953 0.00549393 0.00128973 0.0026056 0.0141522 0.0092784 0.00206984 0.00102515 0.000771545 2.66267e-05 0.000164838 6.9239e-05 0.000237134 5.18839e-05 4.44751e-05 4.2614e-05
0.734581 0.0101614 0.0400029 0.019207 0.00774847 0.0212361 0.0157692 0.000480372 0.0899833 0.0140046 0.0124148 0.00427088 0.0107101 0.00416154 0.00564885 6.78946e-05 0.000112034 0.0049098 0.000214761 0.000278551 0.00171624 0.000278161 0.000143341 1.2223e-05 0.000107869 0.000147753 0.000430975 5.93435e-05 0.000314692 4.95822e-05 5.33181e-05 9.2245e-05 0.000231332 7.45316e-05 3.15762e-05 5.8118e-05 5.76052e-06 4.93775e-05 2.65519e-05 1.62488e-05 2.57263e-05 9.59201e-06 1.14743e-05 2.93553e-05 1.40664e-05 1.88813e-05
0.102537 0.770169 0.00694496 0.00979526 0.0151062 0.0290398 0.0114928 0.00121934 0.00460966 0.00575872 0.0065423 0.00856895 0.0103283 0.00271517 0.00966257 0.00120918 1.74655e-05 0.000204546 0.00162157 0.000306592 0.000285909 0.000770285 0.000170603 0.000160837 0.000382194 1.32421e-05 6.19725e-05 0.000191118 4.86176e-06 4.42716e-05 6.39972e-06 3.97359e-06 1.46928e-05
0.758981 0.0205296 0.0914116 0.0268438 0.0174444 0.0157072 0.00467264 0.00233479 0.0109242 0.019849 0.00172918 0.00229757 0.0108539 0.00355214 0.000815647 0.0033188 0.00155036 0.00164354 0.00152926 0.00132735 0.00107522 0.000495295 0.000602185 3.83102e-05 0.000273018 1.18506e-05 1.76043e-06 2.19048e-05
0.844389 0.0114556 0.00446065 0.00868348 0.0479917 0.00334141 0.0263338 0.0297334 0.00395711 0.00199664 0.00219993 0.00610021 0.00574808 0.00192545 4.46773e-05 0.000150982 0.000101603 7.18794e-05 2.66309e-05 0.000636326 6.6727e-05 8.19614e-05 6.41441e-05 0.000235203 5.8076e-05 2.3915e-05 1.21334e-05 3.23397e-05 1.74122e-05 2.2689e-05 6.70666e-06 2.90821e-06 4.36091e-06 5.89539e-06 2.51604e-06 1.34189e-06 3.14346e-06 4.66467e-06 2.34142e-07 6.02112e-07 4.51816e-07 3.84158e-07 9.30415e-07 2.50833e-07 3.13179e-07 6.53825e-07 3.57976e-07 3.49966e-07 2.234e-07 6.50739e-08 3.80886e-08 7.82977e-08
0.784934 0.105297 0.0221934 0.0293618 0.00503736 0.0112891 0.0116588 0.00893413 0.00635832 0.00131393 0.000811369 0.00210757 0.000241197 0.00685443 0.000907032 0.000419948 0.000273381 9.16539e-05 1.69449e-05 5.39435e-05 0.000110565 0.000274333 0.000298126 0.000104169 0.000156609 0.000311429 1.65211e-05 7.82245e-05 5.45266e-05 0.000210815 3.58053e-07 4.428e-05 9.54355e-06 2.19479e-05 1.24617e-05 5.89776e-05 3.0585e-05 1.19023e-05 6.58346e-06 3.15352e-06 1.05631e-05 5.71916e-07 2.72049e-06 2.07174e-06 1.46104e-06 1.23292e-06 4.82955e-07 3.96465e-06 2.48447e-07 2.477e-07 1.03437e-06 1.80608e-07 1.34156e-07 5.95982e-07 6.76717e-07 1.23719e-06
0.722398 0.0951863 0.0414162 0.0237092 0.00685903 0.0284035 0.0127177 0.0104468 0.00699745 0.0139176 0.0109274 0.00837052 0.00238679 0.00388627 0.00732752 0.000248532 0.00141149 0.00120414 0.000829654 0.000301077 7.13033e-05 1.3081e-05 0.000420359 3.32269e-05 9.7002e-05 8.80517e-06 0.000109173 5.01755e-05 2.3004e-05 0.000139513 1.93498e-05 1.92507e-05 8.2738e-06 6.51135e-06 3.05858e-05
0.745863 0.0564325 0.0891103 0.00750119 0.013618 0.00629867 0.0178296 0.0191459 0.00154502 0.0103481 0.00581776 0.00512114 0.00831108 0.00382922 0.000871381 0.00623755 0.00120719 2.44035e-05 0.00034738 0.000158804
0.746104 0.0949372 0.0128212 0.00366638 0.020521 0.0396853 0.00842105 0.00561391 0.0273593 0.00282743 0.00124792 0.00658815 0.00303222 0.00463195 0.00837615 0.00123944 0.00346689 0.000868634 0.0005233 0.00194116 0.000833062 0.00157034 0.000694142 0.000108514 0.00187611 2.8828e-05 0.000274491 6.03913e-05 5.12076e-05 3.26928e-05 3.30657e-06 0.000314322 2.61114e-05 3.24674e-05 1.21144e-05 5.74115e-05 5.00501e-06 1.80501e-05 1.1359e-05 2.59653e-05
0.73388 0.0180369 0.0313934 0.0889547 0.00368596 0.0313163 0.0193442 0.0226412 0.00491522 0.0023984 0.00283751 0.00262724 0.0092063 0.0131587 0.00317132 0.00503248 0.00121321 0.00114904 0.00102451 5.53363e-05 0.000225176 0.000676384 0.00130353 0.000369522 0.000103577 0.000448519 0.000222498 1.03694e-05 4.73915e-05 9.13559e-05 0.00017368
0.73835 0.113929 0.0360553 0.024264 0.00247119 0.0263043 0.00286693 0.0146898 0.0111405 0.00547671 0.00719401 0.00543497 0.00447104 0.00186404 0.00433519 0.000135334 0.000399976 0.000176537 0.000132145 5.81638e-05 2.81491e-06 7.65863e-05 3.74231e-05 6.95197e-06 6.73393e-05
0.753889 0.0995184 0.0660338 0.00599309 0.0196674 0.0024996 0.00756987 0.0026979 0.00663298 0.00562774 0.00633655 0.00621504 0.00387332 0.00645839 0.00112426 0.00203245 0.000996854 0.000234893 0.000331874 0.000660301 0.000134817 0.000131161 0.000445735 0.00034854 8.82406e-05 0.000180376 0.000101893 4.70264e-05 1.36244e-05 6.79035e-06 6.93701e-05
0.715773 0.0304149 0.0176373 0.15692 0.00847987 0.0106438 0.00327307 0.00777047 0.00626219 0.0182082 0.00655161 0.00379449 0.00559618 0.0021847 0.00317014 0.00128413 0.000512505 3.48305e-05 0.000735223 0.000161167 3.89421e-05 1.58013e-05 2.13069e-05 0.000257701 6.53771e-06 8.55815e-05
0.720692 0.00935798 0.116369 0.00684738 0.051298 0.00363768 0.0128742 0.0251746 0.0207953 0.0169059 0.00331115 0.00148394 0.00538103 0.00145528 0.0017375 2.12843e-05 9.49654e-05 0.000568213 0.000385298 5.57536e-05 0.000476394 0.000464524 0.000252799 6.89888e-05 0.000235521 6.09991e-06 1.02781e-05 2.18715e-06 2.48072e-06 4.12849e-06 3.99949e-06 4.00425e-06 1.04496e-07 1.21989e-05
0.83253 0.0603594 0.0362074 0.00396988 0.0205412 0.00116372 0.00328676 0.00668445 0.00269681 0.00345711 0.00297366 0.00112088 0.00551785 0.00199289 0.0077465 7.39002e-05 0.00159983 0.00377561 0.000610137 0.00187443 0.000309195 6.72034e-05 0.000374961 9.69297e-05 0.000286317 0.000279352 0.00026775 3.26617e-05 1.99953e-05 4.66193e-05 1.87124e-07 2.18353e-05
0.762016 0.0777231 0.0260807 0.0305249 0.00227598 0.00594057 0.00678361 0.0157083 0.0126553 0.0167283 0.0072399 0.00885559 0.00373484 0.000773878 0.00655294 0.00957678 0.000813095 0.000296049 0.00209107 2.34215e-05 0.000986248 0.00122714 0.000152963 0.000623383 0.000205833 8.21801e-05 9.60528e-05 3.73963e-05
0.780079 0.0365992 0.00671955 0.103026 0.00595866 0.0042018 0.00076264 0.0188017 0.000692598 0.00172054 0.0144889 0.00892613 0.00487599 0.00119611 0.002173 0.00128864 0.00127225 0.000280982 0.00097586 0.00307589 0.0010243 0.000543294 0.000521789 6.16538e-05 0.000106006 8.36649e-05 7.91279e-05 0.000102281 2.52529e-05 0.000182903 3.21721e-05 3.5004e-05 1.0349e-05 5.12269e-06 2.52541e-06 1.54659e-05 3.2555e-05 2.64344e-06 6.27042e-06 3.48894e-06 2.54538e-06 1.04648e-06 1.84852e-06
0.74424 0.102685 0.00827306 0.0428817 0.0442677 0.00666187 0.0022241 0.00404615 0.00570873 0.00611021 0.00241031 0.00423341 0.0118823 0.00758139 0.0011482 0.000582644 0.00189993 0.00110683 0.00010568 0.000176822 4.39189e-05 0.000669707 9.10413e-06 1.28946e-05 5.31869e-05 0.000237912 9.70942e-05 3.28073e-05 0.000456462 4.94919e-06 3.41664e-05 4.07905e-05
0.737177 0.00317135 0.111376 0.0145747 0.0117141 0.0115325 0.0196115 0.0156893 0.0138534 0.0140084 0.00670694 0.0153479 0.0161995 0.00280556 0.00188997 0.000662001 0.000751234 0.000379302 0.000375655 0.000933988 1.38533e-05 0.000525803 7.26383e-05 1.75639e-05 0.00012966
0.787081 0.0717322 0.0248261 0.0361527 0.00884979 0.00961956 0.0057547 0.0131041 0.00285155 0.0111668 0.00516033 0.00678593 0.00232342 0.00264311 0.00348914 0.00365999 0.00118918 0.00033783 0.000665324 0.0002814 0.000147513 0.00046504 5.12415e-05 0.000655435 7.41743e-05 2.45995e-06 0.000195976 0.000108132 2.56806e-05 7.80779e-05 8.60922e-05 0.00012717 0.000127929 4.61956e-05 1.86454e-05 1.27405e-06 1.88388e-07 1.50802e-05 4.24032e-05
0.720505 0.0103462 0.0442962 0.0176218 0.134192 0.0215907 0.000925886 0.0212113 0.00938702 0.00384596 0.000974596 0.00189817 0.00211644 0.00522484 0.00299026 0.000631038 0.000416456 0.000308508 0.00034616 4.59199e-05 9.21182e-06 0.000116584 0.000313175 0.000386996 5.42211e-05
0.746862 0.106514 0.0153515 0.013903 0.0368561 0.0107573 0.000512608 0.0131362 0.0326459 0.0056038 0.00515288 0.000787536 0.00337193 0.00334502 0.00333625 0.000260608 0.000232818 0.000110651 0.000279099 0.000234308 9.35105e-05 0.000156617 9.74211e-06 0.000238342
0.78413 0.0922343 0.00871683 0.0033155 0.00646414 0.0205332 0.0149735 0.0150863 0.00391626 0.0273569 0.006135 0.00478736 0.00549624 0.00219606 0.00250601 0.0008049 2.06948e-05 0.000436445 2.72237e-06 0.000451228 0.000148825 3.94141e-05 6.37285e-05
0.694085 0.146958 0.00655913 0.0378285 0.00229227 0.0445877 0.0159603 0.00506176 0.00652103 0.00832813 0.00179941 0.0119963 0.00436951 0.00203806 0.00326417 0.00104457 0.00211412 2.81493e-05 0.000532775 0.000483153 0.000466434 0.00076495 0.000599537 5.66357e-05 0.000223474 0.000803568 0.000266772 0.000274662 9.25265e-05 0.00028114 4.96703e-05 3.78788e-05 6.98701e-05 7.10069e-05
0.00408893 0.742835 0.126867 0.0252504 0.00659207 0.00357281 0.00696836 0.00974599 0.00190354 0.0266441 0.00710089 0.00973606 0.00825678 0.00565643 0.00667814 0.000890653 0.00113484 0.000514464 0.00305896 0.000685243 0.000807893 0.000185764 7.66035e-05 0.000181934
0.808902 0.0616791 0.00693667 0.0315532 0.00284177 0.0165883 0.00649939 0.00734444 0.0128031 0.00608834 0.00430532 0.00369567 0.0219701 0.00146136 0.00103152 0.00150639 0.000676824 0.00107692 0.000769488 0.000518337 0.000100657 0.000375153 0.000449326 0.000272044 2.96037e-05 4.47243e-05 0.000114569
0.788911 0.00935898 4.69384e-05 0.0954353 0.00391407 0.0123057 0.00921465 0.0302171 0.0132774 0.00700946 0.00687784 0.00590008 0.00423872 0.0057041 0.000812193 0.00114182 0.00118574 0.000288676 0.00150116 0.000644443 0.000122936 0.000521457 7.37912e-05 0.000260045 0.000242679 9.4351e-05 0.000117283 0.000109662 3.36619e-06 0.000217927 6.04123e-06 1.3637e-05 8.46663e-05 2.39777e-05 4.24744e-05 1.55445e-05 3.51516e-06 1.83068e-05 4.22875e-06 4.11984e-07 1.02809e-05
0.742608 0.0437004 0.117697 0.0092708 0.0108342 0.00444023 0.013974 0.0115007 0.0108612 0.00854475 0.00160904 0.00854901 0.00146568 0.00127508 0.00622438 0.000757757 0.000555257 0.000964706 0.00087186 0.00118614 0.000721427 0.0014741 0.000116308 5.81563e-05 1.83211e-05 0.000220191 3.15256e-05 0.000162754 2.59067e-06 2.87163e-06 0.000125956 1.85713e-05 2.82594e-07 0.000100691 3.75141e-06 1.14003e-05 3.98786e-06 2.34686e-06 5.22053e-06 1.08874e-06 6.47429e-07 1.83082e-05
0.725004 0.0478113 0.011079 0.102028 0.0115336 0.00602714 0.0165629 0.006995 0.0053346 0.0121644 0.00560342 0.00309742 0.0101527 0.015417 0.00669952 0.00767478 0.00300771 0.00060758 0.000277033 0.000361719 0.000208587 5.89911e-05 0.000212876 0.000953405 0.000204165 8.94886e-05 0.00021167 0.000201416
0.741472 0.107584 0.0404108 0.00263331 0.0101195 0.0400808 0.00260934 0.00407854 0.00496135 0.00478867 0.0193823 0.00479831 0.00222697 0.00108829 0.00416678 0.00283264 0.00110632 0.00187851 0.00142035 0.00107515 0.000130961 8.52437e-05 0.000503701 1.33239e-05 6.54045e-06 0.000138203 4.14322e-05 5.66949e-05 0.000106446 0.000127162
0.756465 0.0920945 0.00669251 0.0082668 0.043187 0.014874 0.00627421 0.0172436 0.00352566 0.00363568 0.00425436 0.0108613 0.00204364 0.007362 0.0125091 0.00205911 0.000990228 0.000643172 0.000436875 0.00343521 0.000318475 0.00163353 2.12548e-05 0.000287146 4.77842e-05 0.000456104 0.000168715 4.20213e-05 7.35384e-06 1.04789e-06 5.44645e-05 7.67591e-07 8.36479e-06 1.29767e-05 2.90403e-05 2.27239e-05 7.94628e-07 9.50935e-06 2.05608e-06 2.13726e-06 1.78767e-06 6.76092e-07 6.21904e-06
0.76177 0.12991 0.00145254 0.0147402 0.0100261 0.0252516 0.0159865 0.00395716 0.0138337 0.00503753 0.0036262 0.0019336 0.00416413 0.00221261 0.00163865 0.000466797 0.000451379 0.000569501 0.000571567 0.000295567 0.000851213 0.000694384 0.000176737 2.00112e-05 3.91812e-05 0.000205792 3.3585e-05 7.60548e-06 6.3667e-06 2.1896e-06 2.77069e-05 2.09375e-05 3.95209e-06 2.02686e-07 4.84034e-07 3.9279e-06 2.26594e-07 1.08012e-06 1.9765e-06 4.32906e-07 1.59259e-06
